order_id,order_date,customer_name,region,category,product_name,quantity,unit_price,discount_pct,net_revenue
1001,2024-01-01,Customer 048,West,Office Supplies,Pen Set,2,18.0,0.0,36.0
1002,2024-01-01,Customer 002,West,Technology,Laptop,4,1299.0,0.0,5196.0
1003,2024-01-01,Customer 013,South,Furniture,Standing Desk,1,599.0,0.1,539.1
1004,2024-01-01,Customer 056,West,Furniture,Filing Cabinet,2,229.0,0.2,366.4
1005,2024-01-02,Customer 010,Central,Furniture,Filing Cabinet,3,229.0,0.0,687.0
1006,2024-01-02,Customer 007,East,Office Supplies,Notebook Pack,1,24.5,0.05,23.27
1007,2024-01-02,Customer 030,West,Office Supplies,Desk Organizer,1,42.0,0.15,35.7
1008,2024-01-02,Customer 041,East,Office Supplies,Notebook Pack,2,24.5,0.2,39.2
1009,2024-01-03,Customer 055,Central,Furniture,Standing Desk,2,599.0,0.0,1198.0
1010,2024-01-03,Customer 041,East,Furniture,Filing Cabinet,2,229.0,0.05,435.1
1011,2024-01-04,Customer 043,East,Furniture,Bookshelf,3,189.0,0.0,567.0
1012,2024-01-04,Customer 047,Central,Technology,Laptop,1,1299.0,0.1,1169.1
1013,2024-01-04,Customer 060,Central,Furniture,Filing Cabinet,4,229.0,0.0,916.0
1014,2024-01-05,Customer 021,South,Furniture,Standing Desk,1,599.0,0.2,479.2
1015,2024-01-05,Customer 057,East,Office Supplies,Notebook Pack,2,24.5,0.1,44.1
1016,2024-01-05,Customer 030,Central,Furniture,Filing Cabinet,4,229.0,0.15,778.6
1017,2024-01-06,Customer 036,East,Office Supplies,Pen Set,2,18.0,0.15,30.6
1018,2024-01-07,Customer 009,South,Technology,Keyboard,3,89.0,0.0,267.0
1019,2024-01-08,Customer 041,Central,Furniture,Ergonomic Chair,1,349.0,0.0,349.0
1020,2024-01-08,Customer 025,South,Technology,Keyboard,1,89.0,0.05,84.55
1021,2024-01-08,Customer 047,West,Technology,Wireless Mouse,1,49.0,0.15,41.65
1022,2024-01-09,Customer 028,Central,Office Supplies,Desk Organizer,1,42.0,0.0,42.0
1023,2024-01-09,Customer 049,Central,Office Supplies,Notebook Pack,2,24.5,0.1,44.1
1024,2024-01-09,Customer 041,Central,Technology,Laptop,2,1299.0,0.2,2078.4
1025,2024-01-09,Customer 050,West,Furniture,Bookshelf,1,189.0,0.1,170.1
1026,2024-01-10,Customer 008,East,Technology,Wireless Mouse,6,49.0,0.0,294.0
1027,2024-01-10,Customer 057,West,Office Supplies,Pen Set,1,18.0,0.0,18.0
1028,2024-01-10,Customer 035,Central,Furniture,Filing Cabinet,1,229.0,0.2,183.2
1029,2024-01-11,Customer 056,South,Technology,Monitor 27in,2,329.0,0.1,592.2
1030,2024-01-11,Customer 043,East,Furniture,Standing Desk,2,599.0,0.05,1138.1
1031,2024-01-11,Customer 015,West,Office Supplies,Printer Paper,1,32.0,0.0,32.0
1032,2024-01-11,Customer 015,West,Office Supplies,Notebook Pack,2,24.5,0.1,44.1
1033,2024-01-11,Customer 058,West,Furniture,Ergonomic Chair,2,349.0,0.0,698.0
1034,2024-01-11,Customer 043,South,Office Supplies,Notebook Pack,2,24.5,0.0,49.0
1035,2024-01-12,Customer 051,South,Furniture,Standing Desk,6,599.0,0.0,3594.0
1036,2024-01-12,Customer 043,South,Office Supplies,Pen Set,1,18.0,0.0,18.0
1037,2024-01-12,Customer 056,West,Office Supplies,Printer Paper,4,32.0,0.05,121.6
1038,2024-01-12,Customer 047,East,Technology,Laptop,1,1299.0,0.05,1234.05
1039,2024-01-12,Customer 035,South,Furniture,Standing Desk,2,599.0,0.0,1198.0
1040,2024-01-12,Customer 030,Central,Furniture,Filing Cabinet,1,229.0,0.0,229.0
1041,2024-01-13,Customer 035,West,Technology,Laptop,1,1299.0,0.15,1104.15
1042,2024-01-13,Customer 032,South,Furniture,Standing Desk,1,599.0,0.05,569.05
1043,2024-01-14,Customer 025,West,Furniture,Filing Cabinet,1,229.0,0.0,229.0
1044,2024-01-15,Customer 047,South,Office Supplies,Desk Organizer,4,42.0,0.15,142.8
1045,2024-01-15,Customer 004,West,Furniture,Standing Desk,2,599.0,0.0,1198.0
1046,2024-01-15,Customer 038,South,Technology,Wireless Mouse,1,49.0,0.0,49.0
1047,2024-01-15,Customer 006,Central,Technology,Monitor 27in,1,329.0,0.1,296.1
1048,2024-01-15,Customer 008,Central,Furniture,Ergonomic Chair,2,349.0,0.05,663.1
1049,2024-01-15,Customer 043,East,Technology,Laptop,1,1299.0,0.05,1234.05
1050,2024-01-16,Customer 017,South,Office Supplies,Pen Set,3,18.0,0.0,54.0
1051,2024-01-16,Customer 060,West,Furniture,Bookshelf,6,189.0,0.0,1134.0
1052,2024-01-16,Customer 035,Central,Furniture,Filing Cabinet,1,229.0,0.0,229.0
1053,2024-01-16,Customer 057,West,Technology,Wireless Mouse,1,49.0,0.0,49.0
1054,2024-01-17,Customer 052,West,Furniture,Filing Cabinet,2,229.0,0.1,412.2
1055,2024-01-17,Customer 017,West,Technology,Wireless Mouse,1,49.0,0.0,49.0
1056,2024-01-17,Customer 039,Central,Furniture,Standing Desk,2,599.0,0.0,1198.0
1057,2024-01-17,Customer 041,East,Technology,Wireless Mouse,2,49.0,0.15,83.3
1058,2024-01-17,Customer 004,West,Technology,Keyboard,2,89.0,0.2,142.4
1059,2024-01-17,Customer 001,East,Technology,Keyboard,2,89.0,0.0,178.0
1060,2024-01-18,Customer 029,South,Furniture,Bookshelf,1,189.0,0.15,160.65
1061,2024-01-18,Customer 057,Central,Technology,Laptop,1,1299.0,0.0,1299.0
1062,2024-01-18,Customer 036,Central,Technology,Laptop,3,1299.0,0.1,3507.3
1063,2024-01-18,Customer 024,West,Office Supplies,Pen Set,1,18.0,0.0,18.0
1064,2024-01-19,Customer 036,South,Furniture,Ergonomic Chair,3,349.0,0.2,837.6
1065,2024-01-19,Customer 011,Central,Technology,Monitor 27in,2,329.0,0.2,526.4
1066,2024-01-19,Customer 060,East,Office Supplies,Notebook Pack,1,24.5,0.15,20.82
1067,2024-01-19,Customer 051,West,Office Supplies,Pen Set,2,18.0,0.0,36.0
1068,2024-01-19,Customer 013,South,Office Supplies,Notebook Pack,6,24.5,0.0,147.0
1069,2024-01-20,Customer 002,Central,Office Supplies,Desk Organizer,2,42.0,0.0,84.0
1070,2024-01-21,Customer 033,South,Furniture,Bookshelf,3,189.0,0.15,481.95
1071,2024-01-22,Customer 057,East,Technology,Wireless Mouse,1,49.0,0.0,49.0
1072,2024-01-22,Customer 039,South,Furniture,Bookshelf,1,189.0,0.0,189.0
1073,2024-01-22,Customer 033,West,Office Supplies,Desk Organizer,4,42.0,0.1,151.2
1074,2024-01-22,Customer 046,South,Office Supplies,Pen Set,2,18.0,0.0,36.0
1075,2024-01-22,Customer 005,East,Furniture,Standing Desk,3,599.0,0.05,1707.15
1076,2024-01-23,Customer 027,East,Furniture,Bookshelf,2,189.0,0.15,321.3
1077,2024-01-23,Customer 027,South,Office Supplies,Desk Organizer,1,42.0,0.0,42.0
1078,2024-01-23,Customer 036,West,Technology,Monitor 27in,2,329.0,0.05,625.1
1079,2024-01-24,Customer 051,East,Office Supplies,Desk Organizer,2,42.0,0.05,79.8
1080,2024-01-24,Customer 014,South,Office Supplies,Printer Paper,6,32.0,0.15,163.2
1081,2024-01-24,Customer 033,East,Technology,Monitor 27in,1,329.0,0.0,329.0
1082,2024-01-25,Customer 013,Central,Furniture,Bookshelf,2,189.0,0.2,302.4
1083,2024-01-25,Customer 040,West,Furniture,Ergonomic Chair,2,349.0,0.05,663.1
1084,2024-01-25,Customer 045,South,Office Supplies,Printer Paper,2,32.0,0.15,54.4
1085,2024-01-25,Customer 042,West,Office Supplies,Printer Paper,2,32.0,0.0,64.0
1086,2024-01-25,Customer 052,South,Furniture,Filing Cabinet,2,229.0,0.0,458.0
1087,2024-01-25,Customer 009,South,Furniture,Standing Desk,1,599.0,0.05,569.05
1088,2024-01-25,Customer 053,South,Technology,Wireless Mouse,6,49.0,0.1,264.6
1089,2024-01-25,Customer 056,South,Technology,Keyboard,1,89.0,0.15,75.65
1090,2024-01-26,Customer 041,East,Office Supplies,Desk Organizer,2,42.0,0.2,67.2
1091,2024-01-26,Customer 029,West,Technology,Keyboard,2,89.0,0.0,178.0
1092,2024-01-26,Customer 022,East,Technology,Wireless Mouse,2,49.0,0.0,98.0
1093,2024-01-26,Customer 015,South,Technology,Laptop,1,1299.0,0.0,1299.0
1094,2024-01-26,Customer 027,South,Technology,Monitor 27in,2,329.0,0.0,658.0
1095,2024-01-26,Customer 014,South,Office Supplies,Printer Paper,4,32.0,0.0,128.0
1096,2024-01-26,Customer 001,East,Office Supplies,Notebook Pack,4,24.5,0.05,93.1
1097,2024-01-27,Customer 018,South,Office Supplies,Pen Set,6,18.0,0.0,108.0
1098,2024-01-28,Customer 043,South,Office Supplies,Notebook Pack,4,24.5,0.0,98.0
1099,2024-01-28,Customer 040,West,Technology,Monitor 27in,6,329.0,0.0,1974.0
1100,2024-01-28,Customer 028,Central,Office Supplies,Notebook Pack,1,24.5,0.15,20.82
1101,2024-01-29,Customer 030,East,Office Supplies,Printer Paper,3,32.0,0.0,96.0
1102,2024-01-29,Customer 054,South,Office Supplies,Printer Paper,2,32.0,0.2,51.2
1103,2024-01-29,Customer 048,West,Office Supplies,Notebook Pack,6,24.5,0.0,147.0
1104,2024-01-29,Customer 042,West,Office Supplies,Pen Set,1,18.0,0.2,14.4
1105,2024-01-29,Customer 002,Central,Furniture,Standing Desk,2,599.0,0.2,958.4
1106,2024-01-30,Customer 008,Central,Furniture,Standing Desk,6,599.0,0.15,3054.9
1107,2024-01-30,Customer 039,West,Office Supplies,Desk Organizer,3,42.0,0.0,126.0
1108,2024-01-30,Customer 002,East,Furniture,Bookshelf,1,189.0,0.1,170.1
1109,2024-01-30,Customer 013,West,Technology,Keyboard,4,89.0,0.15,302.6
1110,2024-01-31,Customer 044,West,Furniture,Ergonomic Chair,2,349.0,0.2,558.4
1111,2024-01-31,Customer 028,East,Technology,Laptop,3,1299.0,0.1,3507.3
1112,2024-02-01,Customer 027,South,Furniture,Bookshelf,1,189.0,0.2,151.2
1113,2024-02-01,Customer 058,South,Furniture,Filing Cabinet,3,229.0,0.15,583.95
1114,2024-02-01,Customer 047,East,Technology,Monitor 27in,4,329.0,0.0,1316.0
1115,2024-02-02,Customer 047,East,Office Supplies,Printer Paper,4,32.0,0.2,102.4
1116,2024-02-02,Customer 057,South,Office Supplies,Pen Set,1,18.0,0.0,18.0
1117,2024-02-03,Customer 002,South,Furniture,Filing Cabinet,4,229.0,0.0,916.0
1118,2024-02-04,Customer 018,East,Furniture,Bookshelf,2,189.0,0.0,378.0
1119,2024-02-04,Customer 016,South,Technology,Laptop,2,1299.0,0.0,2598.0
1120,2024-02-05,Customer 046,South,Office Supplies,Pen Set,6,18.0,0.15,91.8
1121,2024-02-05,Customer 015,South,Office Supplies,Notebook Pack,1,24.5,0.0,24.5
1122,2024-02-05,Customer 038,East,Technology,Monitor 27in,2,329.0,0.15,559.3
1123,2024-02-05,Customer 036,East,Office Supplies,Desk Organizer,4,42.0,0.15,142.8
1124,2024-02-06,Customer 047,Central,Office Supplies,Desk Organizer,2,42.0,0.0,84.0
1125,2024-02-06,Customer 014,South,Office Supplies,Notebook Pack,1,24.5,0.0,24.5
1126,2024-02-06,Customer 013,East,Office Supplies,Desk Organizer,1,42.0,0.2,33.6
1127,2024-02-06,Customer 001,Central,Furniture,Bookshelf,1,189.0,0.0,189.0
1128,2024-02-07,Customer 019,Central,Office Supplies,Notebook Pack,1,24.5,0.1,22.05
1129,2024-02-07,Customer 001,East,Technology,Keyboard,1,89.0,0.2,71.2
1130,2024-02-07,Customer 012,West,Office Supplies,Printer Paper,6,32.0,0.0,192.0
1131,2024-02-07,Customer 005,South,Office Supplies,Printer Paper,1,32.0,0.2,25.6
1132,2024-02-07,Customer 010,East,Office Supplies,Notebook Pack,1,24.5,0.0,24.5
1133,2024-02-07,Customer 049,South,Furniture,Standing Desk,1,599.0,0.1,539.1
1134,2024-02-08,Customer 020,South,Furniture,Filing Cabinet,6,229.0,0.05,1305.3
1135,2024-02-08,Customer 014,Central,Office Supplies,Notebook Pack,1,24.5,0.2,19.6
1136,2024-02-08,Customer 012,West,Office Supplies,Notebook Pack,1,24.5,0.0,24.5
1137,2024-02-09,Customer 045,South,Furniture,Ergonomic Chair,4,349.0,0.05,1326.2
1138,2024-02-09,Customer 046,East,Office Supplies,Notebook Pack,2,24.5,0.0,49.0
1139,2024-02-09,Customer 015,East,Technology,Keyboard,1,89.0,0.15,75.65
1140,2024-02-10,Customer 035,Central,Technology,Monitor 27in,4,329.0,0.0,1316.0
1141,2024-02-10,Customer 010,West,Technology,Monitor 27in,2,329.0,0.2,526.4
1142,2024-02-11,Customer 048,East,Furniture,Standing Desk,2,599.0,0.1,1078.2
1143,2024-02-12,Customer 035,South,Office Supplies,Printer Paper,2,32.0,0.1,57.6
1144,2024-02-12,Customer 048,East,Office Supplies,Notebook Pack,1,24.5,0.05,23.27
1145,2024-02-12,Customer 015,West,Technology,Wireless Mouse,1,49.0,0.0,49.0
1146,2024-02-13,Customer 049,Central,Technology,Wireless Mouse,1,49.0,0.2,39.2
1147,2024-02-13,Customer 038,South,Office Supplies,Printer Paper,2,32.0,0.0,64.0
1148,2024-02-13,Customer 023,South,Technology,Keyboard,1,89.0,0.05,84.55
1149,2024-02-13,Customer 011,East,Office Supplies,Desk Organizer,1,42.0,0.2,33.6
1150,2024-02-13,Customer 026,West,Office Supplies,Printer Paper,2,32.0,0.15,54.4
1151,2024-02-14,Customer 033,West,Office Supplies,Notebook Pack,4,24.5,0.2,78.4
1152,2024-02-14,Customer 013,East,Technology,Keyboard,4,89.0,0.0,356.0
1153,2024-02-14,Customer 004,Central,Technology,Keyboard,6,89.0,0.2,427.2
1154,2024-02-15,Customer 057,South,Office Supplies,Pen Set,2,18.0,0.05,34.2
1155,2024-02-15,Customer 011,East,Furniture,Ergonomic Chair,2,349.0,0.15,593.3
1156,2024-02-15,Customer 015,West,Technology,Laptop,4,1299.0,0.0,5196.0
1157,2024-02-15,Customer 060,East,Office Supplies,Notebook Pack,1,24.5,0.05,23.27
1158,2024-02-15,Customer 031,South,Technology,Wireless Mouse,4,49.0,0.2,156.8
1159,2024-02-16,Customer 005,East,Office Supplies,Pen Set,1,18.0,0.2,14.4
1160,2024-02-16,Customer 001,East,Office Supplies,Desk Organizer,2,42.0,0.2,67.2
1161,2024-02-16,Customer 010,South,Technology,Wireless Mouse,6,49.0,0.2,235.2
1162,2024-02-16,Customer 036,South,Technology,Keyboard,3,89.0,0.0,267.0
1163,2024-02-16,Customer 016,South,Office Supplies,Desk Organizer,2,42.0,0.15,71.4
1164,2024-02-17,Customer 048,South,Furniture,Filing Cabinet,1,229.0,0.0,229.0
1165,2024-02-17,Customer 051,Central,Technology,Keyboard,4,89.0,0.15,302.6
1166,2024-02-17,Customer 038,East,Office Supplies,Notebook Pack,1,24.5,0.1,22.05
1167,2024-02-18,Customer 047,Central,Office Supplies,Notebook Pack,6,24.5,0.0,147.0
1168,2024-02-18,Customer 051,East,Office Supplies,Pen Set,1,18.0,0.05,17.1
1169,2024-02-18,Customer 022,South,Office Supplies,Printer Paper,1,32.0,0.2,25.6
1170,2024-02-18,Customer 005,Central,Office Supplies,Printer Paper,1,32.0,0.1,28.8
1171,2024-02-19,Customer 006,South,Technology,Wireless Mouse,2,49.0,0.15,83.3
1172,2024-02-19,Customer 045,East,Furniture,Ergonomic Chair,6,349.0,0.0,2094.0
1173,2024-02-20,Customer 028,Central,Furniture,Bookshelf,3,189.0,0.0,567.0
1174,2024-02-20,Customer 012,West,Furniture,Filing Cabinet,1,229.0,0.0,229.0
1175,2024-02-20,Customer 059,Central,Technology,Keyboard,2,89.0,0.05,169.1
1176,2024-02-20,Customer 017,West,Furniture,Filing Cabinet,2,229.0,0.05,435.1
1177,2024-02-20,Customer 029,East,Office Supplies,Desk Organizer,1,42.0,0.0,42.0
1178,2024-02-21,Customer 017,South,Technology,Wireless Mouse,4,49.0,0.15,166.6
1179,2024-02-21,Customer 031,West,Office Supplies,Pen Set,4,18.0,0.2,57.6
1180,2024-02-21,Customer 019,East,Furniture,Filing Cabinet,3,229.0,0.1,618.3
1181,2024-02-21,Customer 037,West,Furniture,Filing Cabinet,2,229.0,0.0,458.0
1182,2024-02-22,Customer 041,Central,Office Supplies,Pen Set,3,18.0,0.0,54.0
1183,2024-02-22,Customer 007,West,Technology,Wireless Mouse,1,49.0,0.15,41.65
1184,2024-02-22,Customer 024,Central,Office Supplies,Printer Paper,1,32.0,0.1,28.8
1185,2024-02-22,Customer 027,Central,Furniture,Bookshelf,3,189.0,0.15,481.95
1186,2024-02-22,Customer 033,East,Furniture,Standing Desk,3,599.0,0.1,1617.3
1187,2024-02-22,Customer 019,East,Furniture,Bookshelf,6,189.0,0.2,907.2
1188,2024-02-22,Customer 049,Central,Furniture,Filing Cabinet,1,229.0,0.0,229.0
1189,2024-02-23,Customer 051,South,Technology,Keyboard,3,89.0,0.0,267.0
1190,2024-02-23,Customer 024,East,Furniture,Bookshelf,1,189.0,0.05,179.55
1191,2024-02-23,Customer 044,Central,Technology,Keyboard,3,89.0,0.0,267.0
1192,2024-02-24,Customer 005,South,Technology,Wireless Mouse,2,49.0,0.15,83.3
1193,2024-02-25,Customer 009,West,Technology,Wireless Mouse,4,49.0,0.0,196.0
1194,2024-02-25,Customer 007,Central,Furniture,Bookshelf,6,189.0,0.0,1134.0
1195,2024-02-26,Customer 048,Central,Office Supplies,Desk Organizer,4,42.0,0.1,151.2
1196,2024-02-26,Customer 027,East,Office Supplies,Notebook Pack,6,24.5,0.1,132.3
1197,2024-02-26,Customer 029,Central,Furniture,Bookshelf,2,189.0,0.05,359.1
1198,2024-02-26,Customer 058,East,Office Supplies,Notebook Pack,3,24.5,0.1,66.15
1199,2024-02-26,Customer 008,South,Furniture,Filing Cabinet,2,229.0,0.0,458.0
1200,2024-02-27,Customer 051,East,Furniture,Standing Desk,1,599.0,0.0,599.0
1201,2024-02-27,Customer 054,Central,Furniture,Standing Desk,2,599.0,0.0,1198.0
1202,2024-02-27,Customer 050,Central,Technology,Monitor 27in,2,329.0,0.0,658.0
1203,2024-02-27,Customer 010,Central,Technology,Laptop,2,1299.0,0.2,2078.4
1204,2024-02-28,Customer 023,Central,Furniture,Ergonomic Chair,1,349.0,0.0,349.0
1205,2024-02-28,Customer 017,West,Technology,Wireless Mouse,1,49.0,0.0,49.0
1206,2024-02-29,Customer 005,South,Furniture,Filing Cabinet,1,229.0,0.15,194.65
1207,2024-02-29,Customer 033,Central,Office Supplies,Desk Organizer,1,42.0,0.05,39.9
1208,2024-02-29,Customer 042,West,Technology,Laptop,2,1299.0,0.05,2468.1
1209,2024-02-29,Customer 044,West,Furniture,Filing Cabinet,4,229.0,0.05,870.2
1210,2024-03-01,Customer 010,West,Furniture,Ergonomic Chair,3,349.0,0.1,942.3
1211,2024-03-02,Customer 039,East,Furniture,Bookshelf,3,189.0,0.05,538.65
1212,2024-03-02,Customer 045,West,Office Supplies,Printer Paper,1,32.0,0.2,25.6
1213,2024-03-03,Customer 057,Central,Technology,Monitor 27in,4,329.0,0.05,1250.2
1214,2024-03-03,Customer 027,West,Office Supplies,Desk Organizer,6,42.0,0.05,239.4
1215,2024-03-03,Customer 017,East,Office Supplies,Printer Paper,3,32.0,0.15,81.6
1216,2024-03-04,Customer 054,West,Furniture,Filing Cabinet,1,229.0,0.0,229.0
1217,2024-03-04,Customer 048,East,Furniture,Filing Cabinet,1,229.0,0.15,194.65
1218,2024-03-04,Customer 008,South,Furniture,Ergonomic Chair,3,349.0,0.15,889.95
1219,2024-03-05,Customer 020,East,Office Supplies,Notebook Pack,2,24.5,0.1,44.1
1220,2024-03-05,Customer 031,Central,Furniture,Standing Desk,1,599.0,0.15,509.15
1221,2024-03-05,Customer 049,East,Furniture,Bookshelf,3,189.0,0.0,567.0
1222,2024-03-06,Customer 036,West,Technology,Monitor 27in,4,329.0,0.2,1052.8
1223,2024-03-06,Customer 018,East,Technology,Wireless Mouse,1,49.0,0.0,49.0
1224,2024-03-06,Customer 056,Central,Office Supplies,Desk Organizer,1,42.0,0.0,42.0
1225,2024-03-06,Customer 048,West,Technology,Keyboard,1,89.0,0.0,89.0
1226,2024-03-06,Customer 030,East,Furniture,Standing Desk,4,599.0,0.05,2276.2
1227,2024-03-06,Customer 021,West,Furniture,Bookshelf,2,189.0,0.15,321.3
1228,2024-03-06,Customer 040,West,Furniture,Standing Desk,1,599.0,0.2,479.2
1229,2024-03-07,Customer 029,South,Technology,Keyboard,6,89.0,0.1,480.6
1230,2024-03-07,Customer 028,West,Office Supplies,Pen Set,1,18.0,0.0,18.0
1231,2024-03-07,Customer 015,South,Office Supplies,Printer Paper,2,32.0,0.0,64.0
1232,2024-03-07,Customer 020,Central,Technology,Laptop,1,1299.0,0.0,1299.0
1233,2024-03-08,Customer 008,West,Furniture,Bookshelf,2,189.0,0.0,378.0
1234,2024-03-08,Customer 025,Central,Office Supplies,Printer Paper,1,32.0,0.0,32.0
1235,2024-03-08,Customer 056,West,Technology,Wireless Mouse,1,49.0,0.05,46.55
1236,2024-03-08,Customer 056,East,Office Supplies,Notebook Pack,6,24.5,0.0,147.0
1237,2024-03-09,Customer 026,West,Technology,Keyboard,2,89.0,0.0,178.0
1238,2024-03-10,Customer 045,East,Office Supplies,Pen Set,6,18.0,0.2,86.4
1239,2024-03-11,Customer 006,South,Furniture,Filing Cabinet,4,229.0,0.1,824.4
1240,2024-03-11,Customer 050,Central,Office Supplies,Desk Organizer,2,42.0,0.0,84.0
1241,2024-03-11,Customer 023,East,Furniture,Ergonomic Chair,2,349.0,0.2,558.4
1242,2024-03-11,Customer 010,East,Technology,Monitor 27in,2,329.0,0.0,658.0
1243,2024-03-11,Customer 049,West,Furniture,Standing Desk,1,599.0,0.2,479.2
1244,2024-03-11,Customer 037,South,Furniture,Filing Cabinet,6,229.0,0.2,1099.2
1245,2024-03-11,Customer 029,West,Technology,Wireless Mouse,3,49.0,0.0,147.0
1246,2024-03-12,Customer 018,West,Office Supplies,Printer Paper,2,32.0,0.2,51.2
1247,2024-03-12,Customer 029,West,Office Supplies,Notebook Pack,2,24.5,0.05,46.55
1248,2024-03-12,Customer 042,West,Furniture,Bookshelf,2,189.0,0.0,378.0
1249,2024-03-12,Customer 036,West,Technology,Keyboard,6,89.0,0.1,480.6
1250,2024-03-12,Customer 031,Central,Office Supplies,Pen Set,3,18.0,0.1,48.6
1251,2024-03-12,Customer 058,East,Furniture,Filing Cabinet,1,229.0,0.2,183.2
1252,2024-03-13,Customer 046,South,Technology,Monitor 27in,1,329.0,0.0,329.0
1253,2024-03-13,Customer 059,East,Office Supplies,Pen Set,3,18.0,0.0,54.0
1254,2024-03-13,Customer 039,West,Office Supplies,Printer Paper,3,32.0,0.15,81.6
1255,2024-03-13,Customer 007,South,Technology,Wireless Mouse,1,49.0,0.0,49.0
1256,2024-03-13,Customer 006,Central,Office Supplies,Desk Organizer,1,42.0,0.0,42.0
1257,2024-03-14,Customer 039,West,Office Supplies,Desk Organizer,4,42.0,0.0,168.0
1258,2024-03-14,Customer 009,West,Office Supplies,Printer Paper,3,32.0,0.2,76.8
1259,2024-03-14,Customer 024,East,Technology,Keyboard,3,89.0,0.0,267.0
1260,2024-03-14,Customer 032,Central,Furniture,Standing Desk,3,599.0,0.2,1437.6
1261,2024-03-14,Customer 019,West,Furniture,Standing Desk,1,599.0,0.0,599.0
1262,2024-03-15,Customer 040,Central,Technology,Laptop,3,1299.0,0.2,3117.6
1263,2024-03-15,Customer 012,Central,Technology,Keyboard,1,89.0,0.0,89.0
1264,2024-03-15,Customer 024,Central,Technology,Keyboard,1,89.0,0.05,84.55
1265,2024-03-16,Customer 035,Central,Office Supplies,Desk Organizer,6,42.0,0.0,252.0
1266,2024-03-16,Customer 044,South,Office Supplies,Printer Paper,2,32.0,0.0,64.0
1267,2024-03-17,Customer 013,Central,Office Supplies,Printer Paper,1,32.0,0.2,25.6
1268,2024-03-18,Customer 024,West,Office Supplies,Notebook Pack,6,24.5,0.2,117.6
1269,2024-03-18,Customer 049,Central,Technology,Laptop,2,1299.0,0.0,2598.0
1270,2024-03-18,Customer 028,West,Office Supplies,Printer Paper,1,32.0,0.2,25.6
1271,2024-03-18,Customer 027,West,Furniture,Filing Cabinet,3,229.0,0.0,687.0
1272,2024-03-18,Customer 006,East,Office Supplies,Desk Organizer,2,42.0,0.05,79.8
1273,2024-03-19,Customer 003,East,Furniture,Bookshelf,1,189.0,0.0,189.0
1274,2024-03-19,Customer 040,West,Office Supplies,Pen Set,6,18.0,0.05,102.6
1275,2024-03-19,Customer 054,Central,Furniture,Ergonomic Chair,2,349.0,0.0,698.0
1276,2024-03-19,Customer 019,Central,Technology,Keyboard,1,89.0,0.2,71.2
1277,2024-03-19,Customer 027,South,Office Supplies,Notebook Pack,1,24.5,0.0,24.5
1278,2024-03-20,Customer 035,West,Furniture,Ergonomic Chair,6,349.0,0.1,1884.6
1279,2024-03-20,Customer 028,West,Technology,Monitor 27in,1,329.0,0.0,329.0
1280,2024-03-20,Customer 027,Central,Technology,Wireless Mouse,2,49.0,0.1,88.2
1281,2024-03-20,Customer 034,West,Technology,Laptop,3,1299.0,0.0,3897.0
1282,2024-03-20,Customer 025,East,Office Supplies,Printer Paper,1,32.0,0.15,27.2
1283,2024-03-20,Customer 005,East,Office Supplies,Notebook Pack,3,24.5,0.2,58.8
1284,2024-03-21,Customer 023,East,Furniture,Bookshelf,1,189.0,0.0,189.0
1285,2024-03-21,Customer 031,Central,Technology,Monitor 27in,6,329.0,0.15,1677.9
1286,2024-03-21,Customer 019,Central,Furniture,Ergonomic Chair,6,349.0,0.0,2094.0
1287,2024-03-21,Customer 060,East,Furniture,Standing Desk,1,599.0,0.0,599.0
1288,2024-03-21,Customer 003,Central,Technology,Keyboard,6,89.0,0.0,534.0
1289,2024-03-22,Customer 042,East,Office Supplies,Desk Organizer,1,42.0,0.2,33.6
1290,2024-03-22,Customer 057,South,Office Supplies,Notebook Pack,3,24.5,0.05,69.83
1291,2024-03-22,Customer 012,South,Technology,Keyboard,4,89.0,0.0,356.0
1292,2024-03-22,Customer 034,East,Technology,Keyboard,3,89.0,0.2,213.6
1293,2024-03-22,Customer 039,Central,Furniture,Filing Cabinet,1,229.0,0.05,217.55
1294,2024-03-22,Customer 006,East,Technology,Wireless Mouse,3,49.0,0.0,147.0
1295,2024-03-22,Customer 039,South,Technology,Wireless Mouse,2,49.0,0.05,93.1
1296,2024-03-23,Customer 028,East,Office Supplies,Notebook Pack,3,24.5,0.1,66.15
1297,2024-03-23,Customer 041,South,Technology,Laptop,1,1299.0,0.15,1104.15
1298,2024-03-24,Customer 055,South,Office Supplies,Pen Set,1,18.0,0.0,18.0
1299,2024-03-24,Customer 050,East,Furniture,Standing Desk,1,599.0,0.0,599.0
1300,2024-03-24,Customer 010,South,Office Supplies,Printer Paper,1,32.0,0.1,28.8
1301,2024-03-25,Customer 021,East,Furniture,Standing Desk,3,599.0,0.05,1707.15
1302,2024-03-25,Customer 012,South,Furniture,Ergonomic Chair,1,349.0,0.15,296.65
1303,2024-03-25,Customer 050,East,Technology,Keyboard,1,89.0,0.0,89.0
1304,2024-03-25,Customer 019,South,Technology,Keyboard,2,89.0,0.1,160.2
1305,2024-03-25,Customer 005,South,Furniture,Ergonomic Chair,1,349.0,0.2,279.2
1306,2024-03-25,Customer 044,East,Furniture,Filing Cabinet,1,229.0,0.2,183.2
1307,2024-03-26,Customer 035,East,Technology,Wireless Mouse,1,49.0,0.1,44.1
1308,2024-03-26,Customer 024,Central,Office Supplies,Pen Set,1,18.0,0.2,14.4
1309,2024-03-26,Customer 051,South,Furniture,Standing Desk,1,599.0,0.0,599.0
1310,2024-03-26,Customer 052,Central,Furniture,Bookshelf,3,189.0,0.05,538.65
1311,2024-03-27,Customer 027,South,Office Supplies,Printer Paper,6,32.0,0.1,172.8
1312,2024-03-27,Customer 042,West,Technology,Laptop,1,1299.0,0.0,1299.0
1313,2024-03-27,Customer 057,Central,Office Supplies,Printer Paper,3,32.0,0.0,96.0
1314,2024-03-27,Customer 008,Central,Furniture,Filing Cabinet,1,229.0,0.2,183.2
1315,2024-03-28,Customer 060,Central,Office Supplies,Pen Set,1,18.0,0.0,18.0
1316,2024-03-28,Customer 013,East,Office Supplies,Desk Organizer,1,42.0,0.0,42.0
1317,2024-03-28,Customer 042,Central,Furniture,Bookshelf,1,189.0,0.1,170.1
1318,2024-03-28,Customer 040,East,Technology,Monitor 27in,1,329.0,0.15,279.65
1319,2024-03-29,Customer 050,East,Furniture,Ergonomic Chair,1,349.0,0.15,296.65
1320,2024-03-29,Customer 041,West,Technology,Monitor 27in,4,329.0,0.1,1184.4
1321,2024-03-29,Customer 016,South,Office Supplies,Desk Organizer,2,42.0,0.05,79.8
1322,2024-03-29,Customer 004,Central,Office Supplies,Printer Paper,1,32.0,0.15,27.2
1323,2024-03-29,Customer 014,East,Office Supplies,Printer Paper,6,32.0,0.05,182.4
1324,2024-03-29,Customer 046,East,Technology,Monitor 27in,3,329.0,0.2,789.6
1325,2024-03-30,Customer 049,East,Technology,Wireless Mouse,4,49.0,0.0,196.0
1326,2024-03-31,Customer 029,Central,Furniture,Filing Cabinet,1,229.0,0.0,229.0
1327,2024-04-01,Customer 025,South,Furniture,Ergonomic Chair,1,349.0,0.0,349.0
1328,2024-04-01,Customer 047,East,Furniture,Standing Desk,3,599.0,0.1,1617.3
1329,2024-04-01,Customer 030,South,Furniture,Standing Desk,6,599.0,0.1,3234.6
1330,2024-04-01,Customer 026,South,Office Supplies,Printer Paper,1,32.0,0.0,32.0
1331,2024-04-01,Customer 004,East,Furniture,Standing Desk,3,599.0,0.0,1797.0
1332,2024-04-02,Customer 001,West,Technology,Keyboard,2,89.0,0.1,160.2
1333,2024-04-02,Customer 024,South,Office Supplies,Pen Set,2,18.0,0.15,30.6
1334,2024-04-03,Customer 037,Central,Office Supplies,Notebook Pack,4,24.5,0.0,98.0
1335,2024-04-03,Customer 033,South,Office Supplies,Desk Organizer,1,42.0,0.05,39.9
1336,2024-04-03,Customer 007,South,Technology,Wireless Mouse,1,49.0,0.0,49.0
1337,2024-04-03,Customer 010,Central,Office Supplies,Desk Organizer,3,42.0,0.2,100.8
1338,2024-04-03,Customer 003,Central,Technology,Keyboard,1,89.0,0.0,89.0
1339,2024-04-04,Customer 058,Central,Technology,Keyboard,1,89.0,0.1,80.1
1340,2024-04-04,Customer 040,East,Office Supplies,Desk Organizer,1,42.0,0.05,39.9
1341,2024-04-04,Customer 037,East,Technology,Wireless Mouse,6,49.0,0.15,249.9
1342,2024-04-04,Customer 044,West,Office Supplies,Notebook Pack,3,24.5,0.0,73.5
1343,2024-04-05,Customer 031,East,Office Supplies,Desk Organizer,1,42.0,0.1,37.8
1344,2024-04-05,Customer 031,Central,Technology,Monitor 27in,1,329.0,0.1,296.1
1345,2024-04-06,Customer 037,West,Office Supplies,Pen Set,2,18.0,0.0,36.0
1346,2024-04-07,Customer 027,Central,Furniture,Ergonomic Chair,6,349.0,0.0,2094.0
1347,2024-04-08,Customer 009,Central,Technology,Keyboard,1,89.0,0.15,75.65
1348,2024-04-08,Customer 025,East,Technology,Wireless Mouse,6,49.0,0.1,264.6
1349,2024-04-08,Customer 023,East,Furniture,Filing Cabinet,3,229.0,0.1,618.3
1350,2024-04-08,Customer 018,East,Technology,Keyboard,2,89.0,0.0,178.0
1351,2024-04-09,Customer 014,South,Furniture,Bookshelf,2,189.0,0.15,321.3
1352,2024-04-09,Customer 060,East,Office Supplies,Printer Paper,3,32.0,0.1,86.4
1353,2024-04-09,Customer 053,East,Office Supplies,Notebook Pack,4,24.5,0.05,93.1
1354,2024-04-09,Customer 046,West,Furniture,Bookshelf,1,189.0,0.0,189.0
1355,2024-04-09,Customer 031,Central,Office Supplies,Printer Paper,2,32.0,0.15,54.4
1356,2024-04-10,Customer 040,Central,Technology,Wireless Mouse,1,49.0,0.0,49.0
1357,2024-04-10,Customer 015,West,Furniture,Ergonomic Chair,2,349.0,0.15,593.3
1358,2024-04-10,Customer 031,West,Furniture,Filing Cabinet,3,229.0,0.15,583.95
1359,2024-04-10,Customer 060,Central,Technology,Monitor 27in,1,329.0,0.1,296.1
1360,2024-04-10,Customer 013,East,Office Supplies,Printer Paper,6,32.0,0.15,163.2
1361,2024-04-11,Customer 006,Central,Office Supplies,Desk Organizer,1,42.0,0.2,33.6
1362,2024-04-11,Customer 057,Central,Technology,Laptop,1,1299.0,0.05,1234.05
1363,2024-04-11,Customer 060,East,Furniture,Filing Cabinet,6,229.0,0.0,1374.0
1364,2024-04-11,Customer 039,West,Furniture,Ergonomic Chair,2,349.0,0.1,628.2
1365,2024-04-11,Customer 035,South,Office Supplies,Desk Organizer,6,42.0,0.15,214.2
1366,2024-04-11,Customer 052,West,Furniture,Filing Cabinet,2,229.0,0.0,458.0
1367,2024-04-11,Customer 017,Central,Office Supplies,Pen Set,6,18.0,0.15,91.8
1368,2024-04-12,Customer 055,South,Office Supplies,Pen Set,1,18.0,0.1,16.2
1369,2024-04-12,Customer 043,West,Office Supplies,Desk Organizer,1,42.0,0.05,39.9
1370,2024-04-12,Customer 060,Central,Furniture,Standing Desk,6,599.0,0.0,3594.0
1371,2024-04-12,Customer 029,East,Furniture,Bookshelf,4,189.0,0.0,756.0
1372,2024-04-12,Customer 042,East,Office Supplies,Desk Organizer,1,42.0,0.0,42.0
1373,2024-04-12,Customer 008,South,Technology,Monitor 27in,1,329.0,0.15,279.65
1374,2024-04-13,Customer 033,East,Office Supplies,Pen Set,4,18.0,0.15,61.2
1375,2024-04-13,Customer 040,Central,Technology,Laptop,2,1299.0,0.0,2598.0
1376,2024-04-14,Customer 045,South,Furniture,Filing Cabinet,3,229.0,0.05,652.65
1377,2024-04-14,Customer 049,West,Technology,Monitor 27in,2,329.0,0.15,559.3
1378,2024-04-15,Customer 059,West,Technology,Keyboard,3,89.0,0.0,267.0
1379,2024-04-15,Customer 021,South,Furniture,Standing Desk,1,599.0,0.0,599.0
1380,2024-04-15,Customer 058,South,Furniture,Standing Desk,6,599.0,0.0,3594.0
1381,2024-04-15,Customer 027,South,Furniture,Filing Cabinet,1,229.0,0.1,206.1
1382,2024-04-15,Customer 052,East,Technology,Laptop,6,1299.0,0.15,6624.9
1383,2024-04-15,Customer 053,West,Technology,Laptop,4,1299.0,0.0,5196.0
1384,2024-04-16,Customer 005,West,Furniture,Filing Cabinet,3,229.0,0.15,583.95
1385,2024-04-16,Customer 027,Central,Furniture,Filing Cabinet,1,229.0,0.0,229.0
1386,2024-04-16,Customer 029,South,Furniture,Filing Cabinet,3,229.0,0.05,652.65
1387,2024-04-16,Customer 056,East,Office Supplies,Notebook Pack,1,24.5,0.15,20.82
1388,2024-04-16,Customer 009,Central,Furniture,Standing Desk,4,599.0,0.1,2156.4
1389,2024-04-17,Customer 044,South,Furniture,Ergonomic Chair,2,349.0,0.05,663.1
1390,2024-04-17,Customer 030,East,Technology,Keyboard,2,89.0,0.0,178.0
1391,2024-04-17,Customer 049,West,Furniture,Bookshelf,2,189.0,0.15,321.3
1392,2024-04-18,Customer 005,West,Technology,Laptop,2,1299.0,0.0,2598.0
1393,2024-04-18,Customer 044,West,Technology,Laptop,6,1299.0,0.1,7014.6
1394,2024-04-18,Customer 015,Central,Furniture,Ergonomic Chair,4,349.0,0.05,1326.2
1395,2024-04-18,Customer 053,East,Furniture,Standing Desk,2,599.0,0.0,1198.0
1396,2024-04-18,Customer 057,Central,Technology,Wireless Mouse,2,49.0,0.0,98.0
1397,2024-04-18,Customer 018,West,Technology,Monitor 27in,4,329.0,0.0,1316.0
1398,2024-04-18,Customer 032,West,Technology,Monitor 27in,4,329.0,0.1,1184.4
1399,2024-04-19,Customer 027,South,Office Supplies,Printer Paper,3,32.0,0.15,81.6
1400,2024-04-19,Customer 049,South,Furniture,Bookshelf,4,189.0,0.0,756.0
1401,2024-04-19,Customer 046,Central,Furniture,Standing Desk,2,599.0,0.2,958.4
1402,2024-04-19,Customer 036,Central,Office Supplies,Notebook Pack,4,24.5,0.05,93.1
1403,2024-04-19,Customer 022,West,Office Supplies,Pen Set,2,18.0,0.0,36.0
1404,2024-04-20,Customer 025,West,Furniture,Standing Desk,1,599.0,0.0,599.0
1405,2024-04-20,Customer 014,East,Furniture,Standing Desk,2,599.0,0.05,1138.1
1406,2024-04-20,Customer 048,West,Office Supplies,Notebook Pack,2,24.5,0.0,49.0
1407,2024-04-20,Customer 039,Central,Technology,Keyboard,2,89.0,0.15,151.3
1408,2024-04-21,Customer 019,South,Office Supplies,Pen Set,3,18.0,0.2,43.2
1409,2024-04-22,Customer 057,South,Office Supplies,Desk Organizer,3,42.0,0.1,113.4
1410,2024-04-22,Customer 054,East,Office Supplies,Notebook Pack,6,24.5,0.2,117.6
1411,2024-04-22,Customer 003,Central,Furniture,Bookshelf,3,189.0,0.05,538.65
1412,2024-04-23,Customer 036,South,Technology,Monitor 27in,1,329.0,0.0,329.0
1413,2024-04-23,Customer 015,South,Office Supplies,Pen Set,2,18.0,0.0,36.0
1414,2024-04-23,Customer 042,East,Technology,Monitor 27in,6,329.0,0.1,1776.6
1415,2024-04-23,Customer 011,East,Office Supplies,Printer Paper,6,32.0,0.05,182.4
1416,2024-04-23,Customer 059,West,Furniture,Standing Desk,6,599.0,0.0,3594.0
1417,2024-04-24,Customer 009,Central,Furniture,Ergonomic Chair,1,349.0,0.05,331.55
1418,2024-04-24,Customer 033,South,Furniture,Standing Desk,1,599.0,0.0,599.0
1419,2024-04-25,Customer 032,West,Office Supplies,Notebook Pack,6,24.5,0.15,124.95
1420,2024-04-25,Customer 034,East,Furniture,Filing Cabinet,1,229.0,0.0,229.0
1421,2024-04-25,Customer 053,South,Technology,Wireless Mouse,1,49.0,0.1,44.1
1422,2024-04-25,Customer 010,Central,Furniture,Ergonomic Chair,1,349.0,0.1,314.1
1423,2024-04-25,Customer 051,South,Furniture,Bookshelf,3,189.0,0.0,567.0
1424,2024-04-26,Customer 044,West,Office Supplies,Pen Set,2,18.0,0.0,36.0
1425,2024-04-26,Customer 025,South,Technology,Laptop,1,1299.0,0.05,1234.05
1426,2024-04-26,Customer 001,Central,Technology,Keyboard,1,89.0,0.15,75.65
1427,2024-04-26,Customer 051,East,Furniture,Filing Cabinet,4,229.0,0.15,778.6
1428,2024-04-26,Customer 014,South,Technology,Laptop,1,1299.0,0.0,1299.0
1429,2024-04-26,Customer 060,East,Office Supplies,Notebook Pack,1,24.5,0.15,20.82
1430,2024-04-26,Customer 021,West,Technology,Laptop,1,1299.0,0.2,1039.2
1431,2024-04-26,Customer 020,Central,Furniture,Standing Desk,4,599.0,0.0,2396.0
1432,2024-04-27,Customer 058,East,Technology,Monitor 27in,4,329.0,0.15,1118.6
1433,2024-04-27,Customer 048,East,Office Supplies,Pen Set,1,18.0,0.1,16.2
1434,2024-04-27,Customer 054,West,Furniture,Ergonomic Chair,4,349.0,0.0,1396.0
1435,2024-04-27,Customer 041,East,Office Supplies,Printer Paper,3,32.0,0.0,96.0
1436,2024-04-28,Customer 012,South,Furniture,Bookshelf,4,189.0,0.05,718.2
1437,2024-04-28,Customer 005,West,Furniture,Bookshelf,2,189.0,0.15,321.3
1438,2024-04-29,Customer 051,Central,Office Supplies,Pen Set,4,18.0,0.15,61.2
1439,2024-04-29,Customer 007,West,Technology,Keyboard,3,89.0,0.0,267.0
1440,2024-04-29,Customer 049,East,Furniture,Bookshelf,6,189.0,0.0,1134.0
1441,2024-04-30,Customer 002,West,Office Supplies,Printer Paper,4,32.0,0.0,128.0
1442,2024-04-30,Customer 025,West,Office Supplies,Notebook Pack,3,24.5,0.2,58.8
1443,2024-04-30,Customer 006,Central,Office Supplies,Printer Paper,4,32.0,0.2,102.4
1444,2024-04-30,Customer 009,East,Technology,Monitor 27in,4,329.0,0.0,1316.0
1445,2024-04-30,Customer 005,Central,Office Supplies,Desk Organizer,6,42.0,0.0,252.0
1446,2024-04-30,Customer 031,West,Office Supplies,Desk Organizer,4,42.0,0.0,168.0
1447,2024-05-01,Customer 041,South,Office Supplies,Desk Organizer,2,42.0,0.15,71.4
1448,2024-05-01,Customer 009,East,Technology,Monitor 27in,6,329.0,0.0,1974.0
1449,2024-05-01,Customer 040,South,Furniture,Filing Cabinet,3,229.0,0.2,549.6
1450,2024-05-01,Customer 053,Central,Office Supplies,Printer Paper,3,32.0,0.05,91.2
1451,2024-05-01,Customer 021,Central,Office Supplies,Desk Organizer,2,42.0,0.05,79.8
1452,2024-05-02,Customer 025,East,Office Supplies,Printer Paper,2,32.0,0.0,64.0
1453,2024-05-02,Customer 013,Central,Office Supplies,Desk Organizer,1,42.0,0.1,37.8
1454,2024-05-02,Customer 014,South,Technology,Laptop,6,1299.0,0.15,6624.9
1455,2024-05-02,Customer 032,Central,Office Supplies,Notebook Pack,4,24.5,0.15,83.3
1456,2024-05-02,Customer 043,Central,Technology,Wireless Mouse,2,49.0,0.0,98.0
1457,2024-05-02,Customer 029,South,Technology,Keyboard,4,89.0,0.0,356.0
1458,2024-05-02,Customer 003,East,Technology,Keyboard,4,89.0,0.1,320.4
1459,2024-05-02,Customer 016,East,Technology,Laptop,1,1299.0,0.2,1039.2
1460,2024-05-02,Customer 022,South,Furniture,Ergonomic Chair,4,349.0,0.2,1116.8
1461,2024-05-03,Customer 015,Central,Furniture,Ergonomic Chair,1,349.0,0.0,349.0
1462,2024-05-03,Customer 050,Central,Office Supplies,Desk Organizer,4,42.0,0.05,159.6
1463,2024-05-03,Customer 019,South,Office Supplies,Notebook Pack,6,24.5,0.0,147.0
1464,2024-05-03,Customer 020,East,Furniture,Ergonomic Chair,1,349.0,0.0,349.0
1465,2024-05-04,Customer 029,South,Office Supplies,Desk Organizer,6,42.0,0.0,252.0
1466,2024-05-05,Customer 052,West,Office Supplies,Notebook Pack,2,24.5,0.0,49.0
1467,2024-05-05,Customer 052,Central,Furniture,Bookshelf,1,189.0,0.15,160.65
1468,2024-05-06,Customer 036,South,Technology,Monitor 27in,1,329.0,0.0,329.0
1469,2024-05-06,Customer 012,Central,Office Supplies,Pen Set,4,18.0,0.15,61.2
1470,2024-05-06,Customer 048,Central,Technology,Keyboard,4,89.0,0.0,356.0
1471,2024-05-06,Customer 046,Central,Office Supplies,Printer Paper,4,32.0,0.0,128.0
1472,2024-05-06,Customer 007,Central,Furniture,Bookshelf,1,189.0,0.1,170.1
1473,2024-05-06,Customer 008,East,Office Supplies,Desk Organizer,2,42.0,0.05,79.8
1474,2024-05-06,Customer 025,South,Technology,Keyboard,3,89.0,0.1,240.3
1475,2024-05-07,Customer 055,South,Technology,Laptop,3,1299.0,0.0,3897.0
1476,2024-05-07,Customer 038,West,Technology,Monitor 27in,2,329.0,0.1,592.2
1477,2024-05-07,Customer 016,East,Technology,Monitor 27in,3,329.0,0.0,987.0
1478,2024-05-07,Customer 010,South,Furniture,Standing Desk,3,599.0,0.15,1527.45
1479,2024-05-08,Customer 041,Central,Office Supplies,Printer Paper,1,32.0,0.05,30.4
1480,2024-05-08,Customer 009,Central,Technology,Monitor 27in,6,329.0,0.0,1974.0
1481,2024-05-08,Customer 023,West,Office Supplies,Printer Paper,1,32.0,0.2,25.6
1482,2024-05-08,Customer 025,South,Office Supplies,Pen Set,2,18.0,0.2,28.8
1483,2024-05-09,Customer 054,South,Office Supplies,Printer Paper,4,32.0,0.15,108.8
1484,2024-05-09,Customer 002,Central,Office Supplies,Pen Set,1,18.0,0.1,16.2
1485,2024-05-09,Customer 035,East,Office Supplies,Notebook Pack,2,24.5,0.0,49.0
1486,2024-05-09,Customer 033,West,Furniture,Filing Cabinet,6,229.0,0.1,1236.6
1487,2024-05-09,Customer 035,East,Technology,Laptop,2,1299.0,0.2,2078.4
1488,2024-05-10,Customer 007,Central,Technology,Keyboard,2,89.0,0.05,169.1
1489,2024-05-10,Customer 023,West,Office Supplies,Notebook Pack,6,24.5,0.0,147.0
1490,2024-05-10,Customer 052,East,Office Supplies,Notebook Pack,2,24.5,0.0,49.0
1491,2024-05-11,Customer 009,Central,Technology,Keyboard,1,89.0,0.1,80.1
1492,2024-05-12,Customer 035,Central,Technology,Wireless Mouse,2,49.0,0.1,88.2
1493,2024-05-12,Customer 018,West,Office Supplies,Desk Organizer,2,42.0,0.1,75.6
1494,2024-05-12,Customer 056,Central,Furniture,Filing Cabinet,1,229.0,0.0,229.0
1495,2024-05-13,Customer 046,East,Technology,Monitor 27in,2,329.0,0.0,658.0
1496,2024-05-13,Customer 037,East,Furniture,Filing Cabinet,6,229.0,0.0,1374.0
1497,2024-05-13,Customer 005,West,Technology,Keyboard,4,89.0,0.05,338.2
1498,2024-05-14,Customer 021,West,Technology,Wireless Mouse,6,49.0,0.05,279.3
1499,2024-05-14,Customer 043,East,Technology,Laptop,6,1299.0,0.15,6624.9
1500,2024-05-14,Customer 053,Central,Furniture,Filing Cabinet,2,229.0,0.05,435.1
1501,2024-05-15,Customer 019,East,Office Supplies,Desk Organizer,3,42.0,0.2,100.8
1502,2024-05-15,Customer 022,West,Technology,Monitor 27in,6,329.0,0.2,1579.2
1503,2024-05-15,Customer 008,Central,Furniture,Ergonomic Chair,6,349.0,0.0,2094.0
1504,2024-05-15,Customer 013,Central,Office Supplies,Printer Paper,1,32.0,0.05,30.4
1505,2024-05-15,Customer 060,East,Technology,Wireless Mouse,1,49.0,0.2,39.2
1506,2024-05-15,Customer 024,Central,Furniture,Bookshelf,2,189.0,0.0,378.0
1507,2024-05-16,Customer 006,West,Technology,Monitor 27in,4,329.0,0.15,1118.6
1508,2024-05-16,Customer 009,Central,Furniture,Standing Desk,6,599.0,0.0,3594.0
1509,2024-05-16,Customer 045,East,Technology,Keyboard,1,89.0,0.0,89.0
1510,2024-05-16,Customer 005,Central,Furniture,Filing Cabinet,1,229.0,0.05,217.55
1511,2024-05-16,Customer 021,East,Office Supplies,Notebook Pack,1,24.5,0.0,24.5
1512,2024-05-16,Customer 053,Central,Office Supplies,Pen Set,4,18.0,0.2,57.6
1513,2024-05-16,Customer 037,West,Technology,Monitor 27in,1,329.0,0.1,296.1
1514,2024-05-17,Customer 047,Central,Technology,Monitor 27in,6,329.0,0.0,1974.0
1515,2024-05-17,Customer 044,South,Technology,Monitor 27in,4,329.0,0.1,1184.4
1516,2024-05-17,Customer 049,West,Furniture,Ergonomic Chair,1,349.0,0.0,349.0
1517,2024-05-17,Customer 021,Central,Technology,Keyboard,3,89.0,0.05,253.65
1518,2024-05-17,Customer 036,East,Furniture,Bookshelf,1,189.0,0.0,189.0
1519,2024-05-17,Customer 034,Central,Technology,Laptop,2,1299.0,0.0,2598.0
1520,2024-05-18,Customer 008,Central,Furniture,Standing Desk,6,599.0,0.05,3414.3
1521,2024-05-18,Customer 060,East,Office Supplies,Notebook Pack,1,24.5,0.0,24.5
1522,2024-05-19,Customer 035,Central,Furniture,Filing Cabinet,4,229.0,0.0,916.0
1523,2024-05-20,Customer 017,Central,Furniture,Ergonomic Chair,1,349.0,0.0,349.0
1524,2024-05-20,Customer 019,South,Furniture,Ergonomic Chair,4,349.0,0.1,1256.4
1525,2024-05-20,Customer 035,Central,Office Supplies,Printer Paper,1,32.0,0.15,27.2
1526,2024-05-20,Customer 033,Central,Office Supplies,Notebook Pack,2,24.5,0.0,49.0
1527,2024-05-20,Customer 041,West,Furniture,Bookshelf,4,189.0,0.1,680.4
1528,2024-05-21,Customer 016,West,Office Supplies,Printer Paper,2,32.0,0.0,64.0
1529,2024-05-22,Customer 048,Central,Technology,Laptop,2,1299.0,0.15,2208.3
1530,2024-05-22,Customer 001,Central,Furniture,Ergonomic Chair,1,349.0,0.15,296.65
1531,2024-05-22,Customer 024,Central,Office Supplies,Desk Organizer,2,42.0,0.0,84.0
1532,2024-05-22,Customer 058,West,Technology,Wireless Mouse,1,49.0,0.2,39.2
1533,2024-05-22,Customer 005,East,Office Supplies,Printer Paper,2,32.0,0.1,57.6
1534,2024-05-22,Customer 033,East,Technology,Laptop,6,1299.0,0.05,7404.3
1535,2024-05-23,Customer 011,East,Furniture,Filing Cabinet,1,229.0,0.0,229.0
1536,2024-05-23,Customer 033,West,Furniture,Ergonomic Chair,2,349.0,0.15,593.3
1537,2024-05-23,Customer 031,East,Furniture,Ergonomic Chair,2,349.0,0.0,698.0
1538,2024-05-23,Customer 003,South,Office Supplies,Pen Set,1,18.0,0.2,14.4
1539,2024-05-23,Customer 059,East,Furniture,Bookshelf,2,189.0,0.05,359.1
1540,2024-05-24,Customer 015,West,Office Supplies,Notebook Pack,1,24.5,0.0,24.5
1541,2024-05-24,Customer 019,East,Office Supplies,Notebook Pack,6,24.5,0.2,117.6
1542,2024-05-24,Customer 024,Central,Office Supplies,Notebook Pack,6,24.5,0.0,147.0
1543,2024-05-24,Customer 024,South,Office Supplies,Desk Organizer,2,42.0,0.05,79.8
1544,2024-05-24,Customer 060,South,Furniture,Standing Desk,1,599.0,0.0,599.0
1545,2024-05-25,Customer 054,West,Furniture,Standing Desk,3,599.0,0.15,1527.45
1546,2024-05-25,Customer 048,East,Office Supplies,Notebook Pack,4,24.5,0.2,78.4
1547,2024-05-26,Customer 010,East,Furniture,Filing Cabinet,6,229.0,0.0,1374.0
1548,2024-05-26,Customer 034,South,Furniture,Ergonomic Chair,2,349.0,0.2,558.4
1549,2024-05-26,Customer 006,West,Technology,Wireless Mouse,6,49.0,0.15,249.9
1550,2024-05-27,Customer 038,West,Technology,Monitor 27in,4,329.0,0.0,1316.0
1551,2024-05-27,Customer 017,East,Office Supplies,Pen Set,2,18.0,0.0,36.0
1552,2024-05-27,Customer 018,Central,Office Supplies,Desk Organizer,3,42.0,0.05,119.7
1553,2024-05-27,Customer 050,West,Furniture,Standing Desk,1,599.0,0.2,479.2
1554,2024-05-27,Customer 030,East,Furniture,Ergonomic Chair,1,349.0,0.05,331.55
1555,2024-05-27,Customer 014,South,Office Supplies,Notebook Pack,3,24.5,0.2,58.8
1556,2024-05-28,Customer 044,East,Furniture,Ergonomic Chair,1,349.0,0.2,279.2
1557,2024-05-28,Customer 055,East,Technology,Laptop,2,1299.0,0.2,2078.4
1558,2024-05-28,Customer 026,West,Furniture,Ergonomic Chair,2,349.0,0.0,698.0
1559,2024-05-28,Customer 012,West,Technology,Wireless Mouse,2,49.0,0.2,78.4
1560,2024-05-28,Customer 030,West,Office Supplies,Printer Paper,2,32.0,0.0,64.0
1561,2024-05-29,Customer 054,Central,Furniture,Ergonomic Chair,1,349.0,0.0,349.0
1562,2024-05-29,Customer 044,West,Furniture,Standing Desk,4,599.0,0.0,2396.0
1563,2024-05-29,Customer 005,Central,Technology,Wireless Mouse,1,49.0,0.0,49.0
1564,2024-05-29,Customer 058,East,Technology,Keyboard,1,89.0,0.0,89.0
1565,2024-05-29,Customer 011,South,Furniture,Ergonomic Chair,6,349.0,0.0,2094.0
1566,2024-05-29,Customer 025,South,Technology,Keyboard,6,89.0,0.0,534.0
1567,2024-05-30,Customer 057,Central,Furniture,Bookshelf,2,189.0,0.05,359.1
1568,2024-05-30,Customer 027,South,Furniture,Standing Desk,2,599.0,0.05,1138.1
1569,2024-05-30,Customer 009,South,Furniture,Ergonomic Chair,2,349.0,0.05,663.1
1570,2024-05-30,Customer 051,East,Furniture,Standing Desk,1,599.0,0.05,569.05
1571,2024-05-30,Customer 033,East,Office Supplies,Printer Paper,3,32.0,0.1,86.4
1572,2024-05-30,Customer 021,Central,Office Supplies,Desk Organizer,1,42.0,0.0,42.0
1573,2024-05-31,Customer 031,East,Furniture,Bookshelf,1,189.0,0.2,151.2
1574,2024-05-31,Customer 016,Central,Technology,Monitor 27in,1,329.0,0.0,329.0
1575,2024-05-31,Customer 055,South,Office Supplies,Notebook Pack,2,24.5,0.1,44.1
1576,2024-05-31,Customer 038,East,Office Supplies,Pen Set,1,18.0,0.0,18.0
1577,2024-05-31,Customer 045,East,Technology,Wireless Mouse,1,49.0,0.15,41.65
1578,2024-05-31,Customer 052,South,Technology,Monitor 27in,2,329.0,0.2,526.4
1579,2024-06-01,Customer 039,Central,Furniture,Ergonomic Chair,1,349.0,0.0,349.0
1580,2024-06-02,Customer 059,Central,Furniture,Filing Cabinet,1,229.0,0.0,229.0
1581,2024-06-02,Customer 055,East,Furniture,Bookshelf,1,189.0,0.2,151.2
1582,2024-06-03,Customer 034,East,Technology,Monitor 27in,1,329.0,0.2,263.2
1583,2024-06-03,Customer 007,East,Furniture,Bookshelf,4,189.0,0.1,680.4
1584,2024-06-03,Customer 047,South,Office Supplies,Desk Organizer,1,42.0,0.0,42.0
1585,2024-06-03,Customer 046,East,Technology,Keyboard,3,89.0,0.0,267.0
1586,2024-06-03,Customer 047,East,Furniture,Standing Desk,4,599.0,0.0,2396.0
1587,2024-06-03,Customer 037,South,Furniture,Standing Desk,1,599.0,0.15,509.15
1588,2024-06-04,Customer 021,Central,Technology,Laptop,1,1299.0,0.1,1169.1
1589,2024-06-04,Customer 022,West,Technology,Laptop,6,1299.0,0.0,7794.0
1590,2024-06-04,Customer 041,West,Furniture,Bookshelf,3,189.0,0.0,567.0
1591,2024-06-04,Customer 017,Central,Technology,Wireless Mouse,6,49.0,0.0,294.0
1592,2024-06-04,Customer 051,West,Furniture,Ergonomic Chair,3,349.0,0.0,1047.0
1593,2024-06-05,Customer 032,South,Office Supplies,Printer Paper,1,32.0,0.05,30.4
1594,2024-06-05,Customer 031,Central,Office Supplies,Printer Paper,1,32.0,0.2,25.6
1595,2024-06-05,Customer 055,West,Furniture,Filing Cabinet,1,229.0,0.2,183.2
1596,2024-06-05,Customer 007,West,Office Supplies,Notebook Pack,3,24.5,0.0,73.5
1597,2024-06-05,Customer 047,West,Office Supplies,Pen Set,4,18.0,0.0,72.0
1598,2024-06-06,Customer 040,South,Technology,Laptop,3,1299.0,0.1,3507.3
1599,2024-06-06,Customer 011,South,Technology,Laptop,4,1299.0,0.15,4416.6
1600,2024-06-06,Customer 014,Central,Furniture,Ergonomic Chair,1,349.0,0.0,349.0
1601,2024-06-06,Customer 016,West,Office Supplies,Desk Organizer,2,42.0,0.0,84.0
1602,2024-06-06,Customer 004,East,Furniture,Filing Cabinet,6,229.0,0.0,1374.0
1603,2024-06-07,Customer 002,Central,Technology,Keyboard,2,89.0,0.0,178.0
1604,2024-06-07,Customer 055,West,Furniture,Bookshelf,1,189.0,0.05,179.55
1605,2024-06-07,Customer 058,East,Office Supplies,Printer Paper,6,32.0,0.05,182.4
1606,2024-06-07,Customer 057,South,Furniture,Filing Cabinet,1,229.0,0.0,229.0
1607,2024-06-07,Customer 017,South,Office Supplies,Pen Set,6,18.0,0.0,108.0
1608,2024-06-07,Customer 018,West,Office Supplies,Desk Organizer,2,42.0,0.2,67.2
1609,2024-06-08,Customer 023,South,Furniture,Ergonomic Chair,1,349.0,0.15,296.65
1610,2024-06-08,Customer 025,South,Technology,Monitor 27in,1,329.0,0.2,263.2
1611,2024-06-09,Customer 006,South,Office Supplies,Pen Set,6,18.0,0.0,108.0
1612,2024-06-09,Customer 049,South,Technology,Laptop,1,1299.0,0.0,1299.0
1613,2024-06-09,Customer 013,Central,Furniture,Standing Desk,2,599.0,0.2,958.4
1614,2024-06-09,Customer 028,Central,Furniture,Filing Cabinet,1,229.0,0.15,194.65
1615,2024-06-10,Customer 059,West,Technology,Monitor 27in,2,329.0,0.0,658.0
1616,2024-06-10,Customer 021,East,Furniture,Filing Cabinet,4,229.0,0.1,824.4
1617,2024-06-10,Customer 045,South,Technology,Keyboard,1,89.0,0.2,71.2
1618,2024-06-10,Customer 037,West,Furniture,Filing Cabinet,1,229.0,0.0,229.0
1619,2024-06-10,Customer 035,East,Furniture,Ergonomic Chair,2,349.0,0.2,558.4
1620,2024-06-11,Customer 012,East,Technology,Keyboard,6,89.0,0.0,534.0
1621,2024-06-11,Customer 026,East,Office Supplies,Pen Set,4,18.0,0.0,72.0
1622,2024-06-11,Customer 031,East,Technology,Monitor 27in,1,329.0,0.15,279.65
1623,2024-06-11,Customer 051,East,Office Supplies,Notebook Pack,3,24.5,0.2,58.8
1624,2024-06-11,Customer 045,West,Office Supplies,Desk Organizer,6,42.0,0.2,201.6
1625,2024-06-11,Customer 029,East,Furniture,Standing Desk,2,599.0,0.15,1018.3
1626,2024-06-12,Customer 029,Central,Office Supplies,Printer Paper,1,32.0,0.0,32.0
1627,2024-06-12,Customer 004,Central,Office Supplies,Printer Paper,3,32.0,0.2,76.8
1628,2024-06-12,Customer 050,West,Furniture,Bookshelf,4,189.0,0.0,756.0
1629,2024-06-12,Customer 004,Central,Furniture,Standing Desk,2,599.0,0.2,958.4
1630,2024-06-13,Customer 053,South,Office Supplies,Pen Set,2,18.0,0.0,36.0
1631,2024-06-13,Customer 002,Central,Technology,Keyboard,1,89.0,0.15,75.65
1632,2024-06-13,Customer 056,South,Office Supplies,Printer Paper,6,32.0,0.0,192.0
1633,2024-06-13,Customer 054,East,Technology,Wireless Mouse,3,49.0,0.0,147.0
1634,2024-06-13,Customer 025,West,Technology,Laptop,2,1299.0,0.0,2598.0
1635,2024-06-13,Customer 015,Central,Furniture,Standing Desk,2,599.0,0.15,1018.3
1636,2024-06-14,Customer 050,West,Office Supplies,Printer Paper,1,32.0,0.2,25.6
1637,2024-06-14,Customer 052,West,Office Supplies,Pen Set,1,18.0,0.1,16.2
1638,2024-06-14,Customer 046,East,Furniture,Bookshelf,2,189.0,0.15,321.3
1639,2024-06-14,Customer 017,Central,Office Supplies,Printer Paper,3,32.0,0.05,91.2
1640,2024-06-14,Customer 007,West,Office Supplies,Desk Organizer,4,42.0,0.1,151.2
1641,2024-06-15,Customer 007,South,Office Supplies,Desk Organizer,2,42.0,0.15,71.4
1642,2024-06-16,Customer 021,East,Furniture,Bookshelf,2,189.0,0.15,321.3
1643,2024-06-16,Customer 034,Central,Office Supplies,Desk Organizer,2,42.0,0.0,84.0
1644,2024-06-17,Customer 009,West,Technology,Keyboard,3,89.0,0.15,226.95
1645,2024-06-17,Customer 059,South,Technology,Keyboard,2,89.0,0.0,178.0
1646,2024-06-17,Customer 046,Central,Office Supplies,Printer Paper,1,32.0,0.1,28.8
1647,2024-06-17,Customer 023,East,Office Supplies,Pen Set,6,18.0,0.15,91.8
1648,2024-06-17,Customer 031,Central,Furniture,Standing Desk,2,599.0,0.0,1198.0
1649,2024-06-17,Customer 058,East,Technology,Wireless Mouse,1,49.0,0.15,41.65
1650,2024-06-17,Customer 015,East,Technology,Laptop,2,1299.0,0.0,2598.0
1651,2024-06-18,Customer 038,East,Office Supplies,Desk Organizer,3,42.0,0.0,126.0
1652,2024-06-18,Customer 056,West,Office Supplies,Notebook Pack,6,24.5,0.0,147.0
1653,2024-06-18,Customer 044,South,Office Supplies,Pen Set,1,18.0,0.2,14.4
1654,2024-06-18,Customer 056,Central,Technology,Wireless Mouse,4,49.0,0.0,196.0
1655,2024-06-19,Customer 056,Central,Office Supplies,Printer Paper,1,32.0,0.0,32.0
1656,2024-06-19,Customer 012,East,Furniture,Filing Cabinet,3,229.0,0.15,583.95
1657,2024-06-19,Customer 018,Central,Technology,Laptop,1,1299.0,0.05,1234.05
1658,2024-06-19,Customer 049,West,Furniture,Standing Desk,6,599.0,0.2,2875.2
1659,2024-06-19,Customer 028,South,Furniture,Filing Cabinet,4,229.0,0.05,870.2
1660,2024-06-19,Customer 013,East,Office Supplies,Notebook Pack,1,24.5,0.1,22.05
1661,2024-06-20,Customer 044,West,Furniture,Bookshelf,2,189.0,0.0,378.0
1662,2024-06-20,Customer 057,East,Technology,Monitor 27in,2,329.0,0.15,559.3
1663,2024-06-20,Customer 033,East,Office Supplies,Pen Set,1,18.0,0.05,17.1
1664,2024-06-20,Customer 019,South,Furniture,Ergonomic Chair,1,349.0,0.0,349.0
1665,2024-06-20,Customer 009,East,Technology,Wireless Mouse,4,49.0,0.15,166.6
1666,2024-06-20,Customer 059,South,Office Supplies,Desk Organizer,2,42.0,0.0,84.0
1667,2024-06-21,Customer 033,Central,Furniture,Standing Desk,1,599.0,0.1,539.1
1668,2024-06-21,Customer 057,East,Furniture,Bookshelf,1,189.0,0.05,179.55
1669,2024-06-21,Customer 007,West,Technology,Laptop,1,1299.0,0.15,1104.15
1670,2024-06-21,Customer 025,West,Furniture,Ergonomic Chair,4,349.0,0.05,1326.2
1671,2024-06-21,Customer 010,Central,Technology,Wireless Mouse,6,49.0,0.15,249.9
1672,2024-06-21,Customer 043,West,Technology,Laptop,2,1299.0,0.05,2468.1
1673,2024-06-22,Customer 054,West,Technology,Wireless Mouse,1,49.0,0.05,46.55
1674,2024-06-22,Customer 051,West,Technology,Laptop,2,1299.0,0.0,2598.0
1675,2024-06-23,Customer 027,East,Office Supplies,Pen Set,3,18.0,0.15,45.9
1676,2024-06-24,Customer 045,South,Furniture,Ergonomic Chair,6,349.0,0.0,2094.0
1677,2024-06-24,Customer 043,West,Office Supplies,Pen Set,1,18.0,0.0,18.0
1678,2024-06-24,Customer 050,West,Furniture,Filing Cabinet,1,229.0,0.0,229.0
1679,2024-06-24,Customer 015,South,Technology,Laptop,2,1299.0,0.15,2208.3
1680,2024-06-24,Customer 007,Central,Office Supplies,Desk Organizer,6,42.0,0.0,252.0
1681,2024-06-25,Customer 008,West,Office Supplies,Desk Organizer,4,42.0,0.15,142.8
1682,2024-06-25,Customer 042,Central,Furniture,Ergonomic Chair,1,349.0,0.15,296.65
1683,2024-06-25,Customer 018,West,Office Supplies,Desk Organizer,6,42.0,0.1,226.8
1684,2024-06-25,Customer 026,South,Office Supplies,Desk Organizer,1,42.0,0.0,42.0
1685,2024-06-25,Customer 055,South,Office Supplies,Desk Organizer,4,42.0,0.15,142.8
1686,2024-06-25,Customer 045,West,Office Supplies,Pen Set,1,18.0,0.0,18.0
1687,2024-06-25,Customer 031,South,Furniture,Ergonomic Chair,4,349.0,0.1,1256.4
1688,2024-06-26,Customer 002,Central,Furniture,Filing Cabinet,3,229.0,0.1,618.3
1689,2024-06-26,Customer 029,West,Office Supplies,Printer Paper,1,32.0,0.05,30.4
1690,2024-06-26,Customer 046,Central,Furniture,Bookshelf,3,189.0,0.0,567.0
1691,2024-06-27,Customer 047,Central,Office Supplies,Notebook Pack,4,24.5,0.15,83.3
1692,2024-06-27,Customer 054,West,Office Supplies,Desk Organizer,4,42.0,0.0,168.0
1693,2024-06-27,Customer 032,Central,Furniture,Standing Desk,6,599.0,0.2,2875.2
1694,2024-06-27,Customer 022,East,Furniture,Filing Cabinet,3,229.0,0.0,687.0
1695,2024-06-27,Customer 053,Central,Furniture,Standing Desk,4,599.0,0.05,2276.2
1696,2024-06-27,Customer 037,South,Furniture,Filing Cabinet,6,229.0,0.2,1099.2
1697,2024-06-27,Customer 008,South,Furniture,Filing Cabinet,6,229.0,0.0,1374.0
1698,2024-06-28,Customer 027,West,Technology,Laptop,1,1299.0,0.05,1234.05
1699,2024-06-28,Customer 039,East,Technology,Laptop,1,1299.0,0.2,1039.2
1700,2024-06-28,Customer 024,West,Technology,Monitor 27in,6,329.0,0.0,1974.0
1701,2024-06-28,Customer 050,South,Furniture,Filing Cabinet,3,229.0,0.1,618.3
1702,2024-06-28,Customer 007,Central,Technology,Wireless Mouse,6,49.0,0.0,294.0
1703,2024-06-29,Customer 007,West,Technology,Wireless Mouse,3,49.0,0.15,124.95
1704,2024-06-29,Customer 046,South,Furniture,Filing Cabinet,1,229.0,0.2,183.2
1705,2024-06-29,Customer 008,South,Furniture,Bookshelf,2,189.0,0.0,378.0
1706,2024-06-30,Customer 022,West,Furniture,Filing Cabinet,2,229.0,0.15,389.3
1707,2024-06-30,Customer 058,South,Office Supplies,Notebook Pack,1,24.5,0.2,19.6
1708,2024-07-01,Customer 034,West,Technology,Monitor 27in,6,329.0,0.0,1974.0
1709,2024-07-01,Customer 050,Central,Technology,Keyboard,6,89.0,0.1,480.6
1710,2024-07-01,Customer 025,East,Technology,Monitor 27in,1,329.0,0.0,329.0
1711,2024-07-02,Customer 059,Central,Technology,Keyboard,4,89.0,0.1,320.4
1712,2024-07-02,Customer 029,Central,Office Supplies,Printer Paper,3,32.0,0.0,96.0
1713,2024-07-02,Customer 045,East,Furniture,Filing Cabinet,2,229.0,0.2,366.4
1714,2024-07-02,Customer 040,East,Technology,Monitor 27in,2,329.0,0.0,658.0
1715,2024-07-02,Customer 042,Central,Technology,Wireless Mouse,1,49.0,0.15,41.65
1716,2024-07-02,Customer 023,South,Technology,Wireless Mouse,1,49.0,0.2,39.2
1717,2024-07-03,Customer 028,West,Technology,Keyboard,2,89.0,0.2,142.4
1718,2024-07-03,Customer 010,West,Technology,Laptop,1,1299.0,0.05,1234.05
1719,2024-07-04,Customer 049,Central,Technology,Laptop,2,1299.0,0.0,2598.0
1720,2024-07-04,Customer 004,East,Office Supplies,Desk Organizer,1,42.0,0.2,33.6
1721,2024-07-04,Customer 029,West,Furniture,Ergonomic Chair,3,349.0,0.2,837.6
1722,2024-07-05,Customer 033,East,Technology,Monitor 27in,4,329.0,0.0,1316.0
1723,2024-07-05,Customer 027,East,Technology,Laptop,4,1299.0,0.05,4936.2
1724,2024-07-05,Customer 017,Central,Technology,Laptop,1,1299.0,0.15,1104.15
1725,2024-07-05,Customer 046,East,Technology,Keyboard,2,89.0,0.15,151.3
1726,2024-07-06,Customer 029,Central,Technology,Monitor 27in,2,329.0,0.0,658.0
1727,2024-07-07,Customer 028,East,Furniture,Ergonomic Chair,4,349.0,0.0,1396.0
1728,2024-07-07,Customer 038,East,Technology,Wireless Mouse,1,49.0,0.0,49.0
1729,2024-07-08,Customer 060,Central,Furniture,Bookshelf,6,189.0,0.15,963.9
1730,2024-07-08,Customer 004,East,Furniture,Standing Desk,3,599.0,0.1,1617.3
1731,2024-07-08,Customer 046,East,Office Supplies,Desk Organizer,1,42.0,0.2,33.6
1732,2024-07-08,Customer 005,Central,Technology,Monitor 27in,1,329.0,0.1,296.1
1733,2024-07-08,Customer 015,Central,Office Supplies,Printer Paper,1,32.0,0.0,32.0
1734,2024-07-09,Customer 053,West,Office Supplies,Pen Set,6,18.0,0.1,97.2
1735,2024-07-09,Customer 058,Central,Furniture,Bookshelf,6,189.0,0.0,1134.0
1736,2024-07-09,Customer 008,South,Furniture,Bookshelf,4,189.0,0.2,604.8
1737,2024-07-09,Customer 053,East,Office Supplies,Desk Organizer,1,42.0,0.1,37.8
1738,2024-07-09,Customer 019,Central,Technology,Keyboard,6,89.0,0.0,534.0
1739,2024-07-10,Customer 050,West,Office Supplies,Notebook Pack,1,24.5,0.0,24.5
1740,2024-07-10,Customer 041,Central,Technology,Laptop,2,1299.0,0.15,2208.3
1741,2024-07-10,Customer 035,South,Technology,Keyboard,1,89.0,0.0,89.0
1742,2024-07-10,Customer 030,East,Technology,Laptop,1,1299.0,0.0,1299.0
1743,2024-07-11,Customer 053,Central,Furniture,Bookshelf,1,189.0,0.1,170.1
1744,2024-07-11,Customer 041,South,Office Supplies,Printer Paper,4,32.0,0.05,121.6
1745,2024-07-11,Customer 044,West,Office Supplies,Desk Organizer,1,42.0,0.05,39.9
1746,2024-07-11,Customer 048,West,Technology,Laptop,1,1299.0,0.2,1039.2
1747,2024-07-11,Customer 007,East,Technology,Laptop,3,1299.0,0.1,3507.3
1748,2024-07-11,Customer 049,South,Technology,Wireless Mouse,1,49.0,0.0,49.0
1749,2024-07-12,Customer 011,Central,Office Supplies,Printer Paper,1,32.0,0.05,30.4
1750,2024-07-12,Customer 010,East,Furniture,Filing Cabinet,2,229.0,0.15,389.3
1751,2024-07-12,Customer 056,Central,Technology,Wireless Mouse,1,49.0,0.1,44.1
1752,2024-07-12,Customer 039,South,Furniture,Ergonomic Chair,1,349.0,0.1,314.1
1753,2024-07-12,Customer 048,East,Technology,Laptop,2,1299.0,0.0,2598.0
1754,2024-07-13,Customer 015,East,Technology,Monitor 27in,1,329.0,0.0,329.0
1755,2024-07-13,Customer 052,West,Furniture,Ergonomic Chair,1,349.0,0.15,296.65
1756,2024-07-13,Customer 043,West,Technology,Keyboard,1,89.0,0.0,89.0
1757,2024-07-14,Customer 038,South,Office Supplies,Notebook Pack,2,24.5,0.15,41.65
1758,2024-07-14,Customer 042,Central,Office Supplies,Desk Organizer,1,42.0,0.15,35.7
1759,2024-07-14,Customer 021,South,Furniture,Bookshelf,1,189.0,0.0,189.0
1760,2024-07-14,Customer 038,Central,Office Supplies,Desk Organizer,2,42.0,0.15,71.4
1761,2024-07-14,Customer 011,West,Technology,Wireless Mouse,3,49.0,0.05,139.65
1762,2024-07-15,Customer 024,Central,Technology,Keyboard,2,89.0,0.2,142.4
1763,2024-07-15,Customer 029,East,Technology,Wireless Mouse,6,49.0,0.05,279.3
1764,2024-07-15,Customer 042,West,Office Supplies,Printer Paper,1,32.0,0.0,32.0
1765,2024-07-15,Customer 047,West,Office Supplies,Pen Set,2,18.0,0.0,36.0
1766,2024-07-16,Customer 033,West,Technology,Laptop,1,1299.0,0.2,1039.2
1767,2024-07-16,Customer 036,East,Technology,Keyboard,2,89.0,0.0,178.0
1768,2024-07-16,Customer 026,Central,Technology,Keyboard,1,89.0,0.0,89.0
1769,2024-07-16,Customer 033,West,Technology,Wireless Mouse,1,49.0,0.05,46.55
1770,2024-07-16,Customer 016,Central,Office Supplies,Desk Organizer,1,42.0,0.15,35.7
1771,2024-07-16,Customer 012,Central,Technology,Monitor 27in,6,329.0,0.0,1974.0
1772,2024-07-16,Customer 015,South,Technology,Keyboard,3,89.0,0.0,267.0
1773,2024-07-16,Customer 015,West,Furniture,Ergonomic Chair,2,349.0,0.0,698.0
1774,2024-07-17,Customer 057,West,Office Supplies,Printer Paper,6,32.0,0.05,182.4
1775,2024-07-17,Customer 034,East,Furniture,Bookshelf,1,189.0,0.15,160.65
1776,2024-07-17,Customer 042,South,Technology,Wireless Mouse,1,49.0,0.05,46.55
1777,2024-07-17,Customer 059,Central,Office Supplies,Notebook Pack,2,24.5,0.05,46.55
1778,2024-07-18,Customer 056,East,Technology,Keyboard,3,89.0,0.2,213.6
1779,2024-07-18,Customer 057,Central,Office Supplies,Printer Paper,1,32.0,0.1,28.8
1780,2024-07-18,Customer 033,East,Office Supplies,Pen Set,2,18.0,0.0,36.0
1781,2024-07-18,Customer 024,West,Furniture,Standing Desk,1,599.0,0.0,599.0
1782,2024-07-19,Customer 031,South,Office Supplies,Notebook Pack,6,24.5,0.15,124.95
1783,2024-07-19,Customer 016,West,Furniture,Standing Desk,4,599.0,0.0,2396.0
1784,2024-07-19,Customer 033,West,Furniture,Standing Desk,1,599.0,0.15,509.15
1785,2024-07-19,Customer 017,Central,Technology,Monitor 27in,1,329.0,0.0,329.0
1786,2024-07-20,Customer 047,East,Technology,Keyboard,1,89.0,0.15,75.65
1787,2024-07-21,Customer 015,South,Technology,Keyboard,6,89.0,0.0,534.0
1788,2024-07-21,Customer 043,East,Technology,Monitor 27in,1,329.0,0.1,296.1
1789,2024-07-21,Customer 038,West,Furniture,Bookshelf,6,189.0,0.1,1020.6
1790,2024-07-22,Customer 007,West,Furniture,Filing Cabinet,4,229.0,0.0,916.0
1791,2024-07-22,Customer 007,Central,Furniture,Filing Cabinet,1,229.0,0.1,206.1
1792,2024-07-22,Customer 031,Central,Office Supplies,Notebook Pack,1,24.5,0.0,24.5
1793,2024-07-22,Customer 027,East,Technology,Laptop,4,1299.0,0.1,4676.4
1794,2024-07-22,Customer 031,South,Furniture,Filing Cabinet,2,229.0,0.2,366.4
1795,2024-07-23,Customer 017,South,Technology,Laptop,4,1299.0,0.0,5196.0
1796,2024-07-23,Customer 057,South,Furniture,Ergonomic Chair,2,349.0,0.1,628.2
1797,2024-07-23,Customer 048,West,Office Supplies,Pen Set,1,18.0,0.15,15.3
1798,2024-07-23,Customer 042,Central,Technology,Laptop,1,1299.0,0.05,1234.05
1799,2024-07-24,Customer 007,Central,Technology,Wireless Mouse,4,49.0,0.0,196.0
1800,2024-07-24,Customer 035,South,Office Supplies,Desk Organizer,2,42.0,0.2,67.2
1801,2024-07-24,Customer 026,Central,Technology,Wireless Mouse,2,49.0,0.15,83.3
1802,2024-07-24,Customer 036,South,Office Supplies,Printer Paper,1,32.0,0.0,32.0
1803,2024-07-24,Customer 046,South,Office Supplies,Desk Organizer,3,42.0,0.2,100.8
1804,2024-07-24,Customer 015,South,Technology,Monitor 27in,1,329.0,0.15,279.65
1805,2024-07-24,Customer 033,South,Technology,Monitor 27in,1,329.0,0.0,329.0
1806,2024-07-24,Customer 041,West,Office Supplies,Notebook Pack,1,24.5,0.05,23.27
1807,2024-07-25,Customer 017,Central,Office Supplies,Printer Paper,1,32.0,0.0,32.0
1808,2024-07-25,Customer 025,South,Office Supplies,Notebook Pack,1,24.5,0.15,20.82
1809,2024-07-25,Customer 053,Central,Technology,Wireless Mouse,1,49.0,0.2,39.2
1810,2024-07-25,Customer 013,East,Technology,Keyboard,6,89.0,0.0,534.0
1811,2024-07-25,Customer 011,West,Furniture,Ergonomic Chair,2,349.0,0.1,628.2
1812,2024-07-25,Customer 006,East,Office Supplies,Pen Set,1,18.0,0.0,18.0
1813,2024-07-26,Customer 038,Central,Office Supplies,Desk Organizer,4,42.0,0.05,159.6
1814,2024-07-26,Customer 036,East,Technology,Laptop,1,1299.0,0.0,1299.0
1815,2024-07-26,Customer 018,Central,Technology,Wireless Mouse,3,49.0,0.2,117.6
1816,2024-07-27,Customer 027,West,Office Supplies,Notebook Pack,2,24.5,0.0,49.0
1817,2024-07-28,Customer 008,East,Technology,Laptop,2,1299.0,0.0,2598.0
1818,2024-07-29,Customer 037,South,Technology,Wireless Mouse,6,49.0,0.05,279.3
1819,2024-07-29,Customer 030,West,Furniture,Bookshelf,6,189.0,0.15,963.9
1820,2024-07-29,Customer 025,Central,Office Supplies,Notebook Pack,2,24.5,0.0,49.0
1821,2024-07-29,Customer 023,West,Technology,Monitor 27in,3,329.0,0.05,937.65
1822,2024-07-29,Customer 006,South,Technology,Wireless Mouse,2,49.0,0.0,98.0
1823,2024-07-29,Customer 060,Central,Technology,Wireless Mouse,1,49.0,0.1,44.1
1824,2024-07-29,Customer 058,East,Office Supplies,Desk Organizer,3,42.0,0.0,126.0
1825,2024-07-30,Customer 013,Central,Furniture,Standing Desk,6,599.0,0.15,3054.9
1826,2024-07-30,Customer 015,Central,Technology,Monitor 27in,2,329.0,0.0,658.0
1827,2024-07-30,Customer 007,West,Furniture,Bookshelf,1,189.0,0.2,151.2
1828,2024-07-31,Customer 055,West,Technology,Keyboard,1,89.0,0.2,71.2
1829,2024-07-31,Customer 058,East,Office Supplies,Desk Organizer,3,42.0,0.05,119.7
1830,2024-07-31,Customer 015,Central,Office Supplies,Pen Set,2,18.0,0.05,34.2
1831,2024-07-31,Customer 003,East,Furniture,Filing Cabinet,6,229.0,0.1,1236.6
1832,2024-07-31,Customer 045,South,Office Supplies,Pen Set,6,18.0,0.0,108.0
1833,2024-07-31,Customer 014,South,Office Supplies,Notebook Pack,1,24.5,0.15,20.82
1834,2024-07-31,Customer 040,East,Technology,Laptop,3,1299.0,0.0,3897.0
1835,2024-08-01,Customer 031,East,Furniture,Bookshelf,2,189.0,0.0,378.0
1836,2024-08-01,Customer 014,South,Office Supplies,Pen Set,6,18.0,0.05,102.6
1837,2024-08-01,Customer 026,East,Technology,Wireless Mouse,3,49.0,0.2,117.6
1838,2024-08-01,Customer 044,Central,Office Supplies,Pen Set,1,18.0,0.1,16.2
1839,2024-08-02,Customer 010,Central,Furniture,Filing Cabinet,4,229.0,0.0,916.0
1840,2024-08-02,Customer 032,Central,Office Supplies,Notebook Pack,1,24.5,0.05,23.27
1841,2024-08-02,Customer 017,West,Technology,Wireless Mouse,6,49.0,0.0,294.0
1842,2024-08-02,Customer 014,East,Office Supplies,Notebook Pack,1,24.5,0.0,24.5
1843,2024-08-02,Customer 022,East,Office Supplies,Notebook Pack,6,24.5,0.15,124.95
1844,2024-08-02,Customer 002,South,Office Supplies,Desk Organizer,2,42.0,0.0,84.0
1845,2024-08-03,Customer 037,Central,Furniture,Bookshelf,2,189.0,0.1,340.2
1846,2024-08-04,Customer 025,East,Office Supplies,Printer Paper,6,32.0,0.0,192.0
1847,2024-08-04,Customer 052,East,Office Supplies,Pen Set,1,18.0,0.15,15.3
1848,2024-08-04,Customer 011,East,Office Supplies,Printer Paper,1,32.0,0.0,32.0
1849,2024-08-05,Customer 019,East,Furniture,Bookshelf,3,189.0,0.15,481.95
1850,2024-08-05,Customer 050,East,Technology,Keyboard,2,89.0,0.05,169.1
1851,2024-08-05,Customer 012,West,Technology,Keyboard,4,89.0,0.0,356.0
1852,2024-08-05,Customer 045,West,Furniture,Standing Desk,2,599.0,0.15,1018.3
1853,2024-08-05,Customer 007,West,Furniture,Standing Desk,4,599.0,0.0,2396.0
1854,2024-08-06,Customer 049,West,Furniture,Ergonomic Chair,4,349.0,0.1,1256.4
1855,2024-08-06,Customer 042,South,Furniture,Bookshelf,1,189.0,0.0,189.0
1856,2024-08-06,Customer 019,South,Office Supplies,Pen Set,2,18.0,0.15,30.6
1857,2024-08-06,Customer 054,Central,Technology,Monitor 27in,1,329.0,0.1,296.1
1858,2024-08-06,Customer 059,East,Furniture,Ergonomic Chair,3,349.0,0.2,837.6
1859,2024-08-06,Customer 029,Central,Office Supplies,Printer Paper,2,32.0,0.1,57.6
1860,2024-08-06,Customer 048,South,Technology,Monitor 27in,6,329.0,0.15,1677.9
1861,2024-08-07,Customer 035,Central,Technology,Wireless Mouse,3,49.0,0.05,139.65
1862,2024-08-07,Customer 027,East,Furniture,Filing Cabinet,2,229.0,0.0,458.0
1863,2024-08-07,Customer 034,Central,Furniture,Bookshelf,1,189.0,0.0,189.0
1864,2024-08-07,Customer 001,South,Office Supplies,Desk Organizer,6,42.0,0.1,226.8
1865,2024-08-07,Customer 028,East,Office Supplies,Desk Organizer,1,42.0,0.2,33.6
1866,2024-08-08,Customer 057,South,Technology,Wireless Mouse,2,49.0,0.05,93.1
1867,2024-08-08,Customer 048,South,Office Supplies,Pen Set,1,18.0,0.15,15.3
1868,2024-08-08,Customer 028,Central,Office Supplies,Pen Set,2,18.0,0.0,36.0
1869,2024-08-09,Customer 048,East,Technology,Wireless Mouse,2,49.0,0.15,83.3
1870,2024-08-09,Customer 009,East,Office Supplies,Pen Set,1,18.0,0.0,18.0
1871,2024-08-09,Customer 045,South,Furniture,Filing Cabinet,6,229.0,0.0,1374.0
1872,2024-08-09,Customer 004,West,Furniture,Bookshelf,1,189.0,0.0,189.0
1873,2024-08-10,Customer 001,Central,Office Supplies,Pen Set,6,18.0,0.15,91.8
1874,2024-08-10,Customer 014,East,Furniture,Standing Desk,1,599.0,0.05,569.05
1875,2024-08-11,Customer 030,West,Office Supplies,Desk Organizer,6,42.0,0.0,252.0
1876,2024-08-11,Customer 018,South,Office Supplies,Notebook Pack,1,24.5,0.0,24.5
1877,2024-08-11,Customer 058,East,Furniture,Filing Cabinet,1,229.0,0.0,229.0
1878,2024-08-12,Customer 029,Central,Furniture,Standing Desk,4,599.0,0.2,1916.8
1879,2024-08-12,Customer 048,West,Technology,Laptop,2,1299.0,0.05,2468.1
1880,2024-08-12,Customer 044,East,Technology,Monitor 27in,6,329.0,0.05,1875.3
1881,2024-08-12,Customer 060,West,Office Supplies,Pen Set,1,18.0,0.15,15.3
1882,2024-08-12,Customer 024,West,Office Supplies,Printer Paper,2,32.0,0.0,64.0
1883,2024-08-12,Customer 041,South,Technology,Monitor 27in,1,329.0,0.0,329.0
1884,2024-08-12,Customer 018,West,Office Supplies,Notebook Pack,1,24.5,0.2,19.6
1885,2024-08-13,Customer 038,South,Office Supplies,Pen Set,1,18.0,0.0,18.0
1886,2024-08-13,Customer 006,Central,Technology,Monitor 27in,3,329.0,0.2,789.6
1887,2024-08-13,Customer 040,East,Furniture,Filing Cabinet,1,229.0,0.15,194.65
1888,2024-08-14,Customer 042,Central,Technology,Laptop,1,1299.0,0.0,1299.0
1889,2024-08-14,Customer 015,East,Technology,Laptop,1,1299.0,0.05,1234.05
1890,2024-08-14,Customer 013,West,Technology,Wireless Mouse,6,49.0,0.15,249.9
1891,2024-08-14,Customer 009,East,Technology,Keyboard,3,89.0,0.15,226.95
1892,2024-08-14,Customer 019,South,Furniture,Filing Cabinet,6,229.0,0.1,1236.6
1893,2024-08-14,Customer 047,South,Furniture,Standing Desk,3,599.0,0.0,1797.0
1894,2024-08-14,Customer 010,South,Office Supplies,Pen Set,1,18.0,0.1,16.2
1895,2024-08-14,Customer 001,South,Office Supplies,Desk Organizer,3,42.0,0.05,119.7
1896,2024-08-14,Customer 055,East,Technology,Monitor 27in,1,329.0,0.1,296.1
1897,2024-08-14,Customer 005,South,Technology,Monitor 27in,3,329.0,0.15,838.95
1898,2024-08-15,Customer 019,East,Furniture,Filing Cabinet,1,229.0,0.1,206.1
1899,2024-08-15,Customer 034,West,Office Supplies,Desk Organizer,1,42.0,0.0,42.0
1900,2024-08-15,Customer 003,Central,Furniture,Standing Desk,1,599.0,0.2,479.2
1901,2024-08-16,Customer 040,East,Furniture,Filing Cabinet,6,229.0,0.1,1236.6
1902,2024-08-16,Customer 046,West,Furniture,Bookshelf,2,189.0,0.1,340.2
1903,2024-08-16,Customer 006,South,Furniture,Standing Desk,6,599.0,0.2,2875.2
1904,2024-08-16,Customer 048,South,Technology,Laptop,3,1299.0,0.1,3507.3
1905,2024-08-16,Customer 003,West,Office Supplies,Notebook Pack,2,24.5,0.1,44.1
1906,2024-08-16,Customer 007,West,Office Supplies,Notebook Pack,2,24.5,0.1,44.1
1907,2024-08-17,Customer 013,Central,Technology,Monitor 27in,4,329.0,0.0,1316.0
1908,2024-08-17,Customer 007,East,Technology,Monitor 27in,4,329.0,0.15,1118.6
1909,2024-08-18,Customer 012,South,Office Supplies,Notebook Pack,1,24.5,0.2,19.6
1910,2024-08-19,Customer 039,South,Technology,Wireless Mouse,1,49.0,0.1,44.1
1911,2024-08-19,Customer 024,South,Office Supplies,Desk Organizer,3,42.0,0.2,100.8
1912,2024-08-19,Customer 016,Central,Technology,Keyboard,3,89.0,0.1,240.3
1913,2024-08-20,Customer 029,South,Technology,Wireless Mouse,3,49.0,0.05,139.65
1914,2024-08-20,Customer 002,Central,Furniture,Ergonomic Chair,2,349.0,0.1,628.2
1915,2024-08-20,Customer 014,East,Office Supplies,Notebook Pack,2,24.5,0.0,49.0
1916,2024-08-20,Customer 003,South,Furniture,Bookshelf,1,189.0,0.0,189.0
1917,2024-08-21,Customer 024,Central,Office Supplies,Pen Set,1,18.0,0.0,18.0
1918,2024-08-21,Customer 037,South,Furniture,Bookshelf,2,189.0,0.0,378.0
1919,2024-08-21,Customer 021,South,Technology,Monitor 27in,1,329.0,0.15,279.65
1920,2024-08-21,Customer 042,East,Furniture,Filing Cabinet,1,229.0,0.1,206.1
1921,2024-08-21,Customer 004,East,Furniture,Filing Cabinet,1,229.0,0.2,183.2
1922,2024-08-21,Customer 008,Central,Office Supplies,Printer Paper,4,32.0,0.2,102.4
1923,2024-08-21,Customer 020,West,Technology,Laptop,4,1299.0,0.0,5196.0
1924,2024-08-22,Customer 044,South,Office Supplies,Pen Set,1,18.0,0.0,18.0
1925,2024-08-22,Customer 019,South,Office Supplies,Notebook Pack,2,24.5,0.05,46.55
1926,2024-08-22,Customer 031,West,Furniture,Standing Desk,3,599.0,0.0,1797.0
1927,2024-08-22,Customer 026,South,Technology,Keyboard,2,89.0,0.0,178.0
1928,2024-08-22,Customer 036,Central,Technology,Monitor 27in,1,329.0,0.05,312.55
1929,2024-08-23,Customer 040,Central,Office Supplies,Printer Paper,2,32.0,0.1,57.6
1930,2024-08-23,Customer 028,East,Furniture,Ergonomic Chair,2,349.0,0.2,558.4
1931,2024-08-23,Customer 027,South,Technology,Laptop,1,1299.0,0.15,1104.15
1932,2024-08-23,Customer 023,West,Office Supplies,Desk Organizer,2,42.0,0.0,84.0
1933,2024-08-23,Customer 053,South,Office Supplies,Pen Set,3,18.0,0.1,48.6
1934,2024-08-23,Customer 060,Central,Technology,Monitor 27in,6,329.0,0.0,1974.0
1935,2024-08-23,Customer 047,West,Furniture,Bookshelf,1,189.0,0.2,151.2
1936,2024-08-24,Customer 022,West,Technology,Monitor 27in,2,329.0,0.0,658.0
1937,2024-08-24,Customer 022,Central,Office Supplies,Printer Paper,6,32.0,0.0,192.0
1938,2024-08-25,Customer 034,East,Technology,Monitor 27in,2,329.0,0.1,592.2
1939,2024-08-25,Customer 045,West,Technology,Keyboard,1,89.0,0.15,75.65
1940,2024-08-26,Customer 004,East,Technology,Laptop,2,1299.0,0.0,2598.0
1941,2024-08-26,Customer 042,West,Furniture,Bookshelf,1,189.0,0.05,179.55
1942,2024-08-26,Customer 055,East,Furniture,Filing Cabinet,2,229.0,0.15,389.3
1943,2024-08-27,Customer 057,South,Furniture,Ergonomic Chair,2,349.0,0.2,558.4
1944,2024-08-27,Customer 032,West,Furniture,Filing Cabinet,1,229.0,0.0,229.0
1945,2024-08-27,Customer 060,West,Furniture,Standing Desk,6,599.0,0.1,3234.6
1946,2024-08-27,Customer 032,South,Furniture,Standing Desk,2,599.0,0.0,1198.0
1947,2024-08-27,Customer 044,East,Technology,Monitor 27in,1,329.0,0.0,329.0
1948,2024-08-27,Customer 018,West,Office Supplies,Desk Organizer,2,42.0,0.1,75.6
1949,2024-08-27,Customer 002,East,Technology,Wireless Mouse,4,49.0,0.2,156.8
1950,2024-08-27,Customer 043,Central,Furniture,Standing Desk,3,599.0,0.05,1707.15
1951,2024-08-28,Customer 037,Central,Technology,Monitor 27in,4,329.0,0.0,1316.0
1952,2024-08-28,Customer 035,Central,Office Supplies,Desk Organizer,3,42.0,0.05,119.7
1953,2024-08-28,Customer 009,East,Furniture,Standing Desk,2,599.0,0.2,958.4
1954,2024-08-28,Customer 010,Central,Technology,Monitor 27in,4,329.0,0.2,1052.8
1955,2024-08-28,Customer 021,Central,Office Supplies,Notebook Pack,1,24.5,0.0,24.5
1956,2024-08-28,Customer 027,East,Technology,Laptop,3,1299.0,0.05,3702.15
1957,2024-08-28,Customer 013,West,Office Supplies,Desk Organizer,1,42.0,0.2,33.6
1958,2024-08-29,Customer 040,East,Furniture,Standing Desk,1,599.0,0.2,479.2
1959,2024-08-29,Customer 044,West,Technology,Monitor 27in,2,329.0,0.0,658.0
1960,2024-08-29,Customer 033,South,Office Supplies,Notebook Pack,6,24.5,0.0,147.0
1961,2024-08-29,Customer 025,South,Technology,Wireless Mouse,1,49.0,0.2,39.2
1962,2024-08-29,Customer 015,West,Office Supplies,Pen Set,1,18.0,0.0,18.0
1963,2024-08-29,Customer 015,Central,Office Supplies,Notebook Pack,2,24.5,0.05,46.55
1964,2024-08-30,Customer 030,Central,Office Supplies,Printer Paper,3,32.0,0.2,76.8
1965,2024-08-30,Customer 048,South,Office Supplies,Printer Paper,1,32.0,0.1,28.8
1966,2024-08-30,Customer 048,West,Technology,Wireless Mouse,4,49.0,0.1,176.4
1967,2024-08-30,Customer 053,West,Technology,Laptop,6,1299.0,0.05,7404.3
1968,2024-08-30,Customer 025,West,Furniture,Filing Cabinet,1,229.0,0.1,206.1
1969,2024-08-30,Customer 057,East,Furniture,Bookshelf,6,189.0,0.05,1077.3
1970,2024-08-31,Customer 019,West,Office Supplies,Printer Paper,1,32.0,0.05,30.4
1971,2024-09-01,Customer 033,West,Office Supplies,Printer Paper,1,32.0,0.15,27.2
1972,2024-09-02,Customer 021,South,Furniture,Standing Desk,4,599.0,0.05,2276.2
1973,2024-09-02,Customer 058,Central,Furniture,Standing Desk,6,599.0,0.1,3234.6
1974,2024-09-03,Customer 008,South,Office Supplies,Pen Set,1,18.0,0.0,18.0
1975,2024-09-03,Customer 046,South,Technology,Wireless Mouse,1,49.0,0.1,44.1
1976,2024-09-03,Customer 025,West,Technology,Monitor 27in,4,329.0,0.1,1184.4
1977,2024-09-03,Customer 056,Central,Furniture,Bookshelf,1,189.0,0.0,189.0
1978,2024-09-03,Customer 020,South,Furniture,Ergonomic Chair,4,349.0,0.0,1396.0
1979,2024-09-03,Customer 013,West,Office Supplies,Pen Set,1,18.0,0.0,18.0
1980,2024-09-04,Customer 032,South,Technology,Wireless Mouse,1,49.0,0.05,46.55
1981,2024-09-04,Customer 014,South,Technology,Laptop,6,1299.0,0.0,7794.0
1982,2024-09-04,Customer 039,West,Office Supplies,Printer Paper,6,32.0,0.0,192.0
1983,2024-09-04,Customer 012,Central,Furniture,Bookshelf,2,189.0,0.0,378.0
1984,2024-09-04,Customer 055,West,Furniture,Bookshelf,1,189.0,0.0,189.0
1985,2024-09-05,Customer 007,South,Office Supplies,Desk Organizer,1,42.0,0.0,42.0
1986,2024-09-05,Customer 043,Central,Furniture,Standing Desk,2,599.0,0.1,1078.2
1987,2024-09-05,Customer 050,East,Office Supplies,Desk Organizer,1,42.0,0.0,42.0
1988,2024-09-05,Customer 005,South,Office Supplies,Desk Organizer,4,42.0,0.2,134.4
1989,2024-09-06,Customer 009,West,Technology,Laptop,2,1299.0,0.05,2468.1
1990,2024-09-06,Customer 027,Central,Technology,Wireless Mouse,3,49.0,0.1,132.3
1991,2024-09-06,Customer 037,West,Technology,Monitor 27in,1,329.0,0.0,329.0
1992,2024-09-07,Customer 055,East,Technology,Wireless Mouse,4,49.0,0.1,176.4
1993,2024-09-08,Customer 037,South,Office Supplies,Desk Organizer,1,42.0,0.1,37.8
1994,2024-09-08,Customer 012,Central,Technology,Keyboard,6,89.0,0.2,427.2
1995,2024-09-09,Customer 041,West,Furniture,Ergonomic Chair,1,349.0,0.05,331.55
1996,2024-09-09,Customer 003,East,Technology,Monitor 27in,4,329.0,0.05,1250.2
1997,2024-09-09,Customer 013,East,Office Supplies,Pen Set,1,18.0,0.15,15.3
1998,2024-09-09,Customer 033,East,Office Supplies,Notebook Pack,2,24.5,0.0,49.0
1999,2024-09-10,Customer 026,West,Furniture,Ergonomic Chair,3,349.0,0.0,1047.0
2000,2024-09-10,Customer 022,South,Furniture,Standing Desk,3,599.0,0.2,1437.6
2001,2024-09-11,Customer 041,South,Technology,Monitor 27in,6,329.0,0.0,1974.0
2002,2024-09-11,Customer 053,South,Technology,Wireless Mouse,6,49.0,0.2,235.2
2003,2024-09-11,Customer 047,East,Technology,Laptop,2,1299.0,0.1,2338.2
2004,2024-09-11,Customer 044,East,Technology,Laptop,2,1299.0,0.1,2338.2
2005,2024-09-11,Customer 054,West,Office Supplies,Notebook Pack,1,24.5,0.0,24.5
2006,2024-09-11,Customer 039,South,Office Supplies,Printer Paper,1,32.0,0.1,28.8
2007,2024-09-11,Customer 055,East,Furniture,Ergonomic Chair,2,349.0,0.15,593.3
2008,2024-09-11,Customer 006,South,Technology,Laptop,2,1299.0,0.05,2468.1
2009,2024-09-12,Customer 020,Central,Furniture,Bookshelf,6,189.0,0.2,907.2
2010,2024-09-12,Customer 024,West,Technology,Wireless Mouse,1,49.0,0.0,49.0
2011,2024-09-12,Customer 002,South,Furniture,Ergonomic Chair,6,349.0,0.1,1884.6
2012,2024-09-12,Customer 060,South,Technology,Monitor 27in,2,329.0,0.0,658.0
2013,2024-09-13,Customer 034,Central,Office Supplies,Pen Set,1,18.0,0.2,14.4
2014,2024-09-13,Customer 046,West,Furniture,Ergonomic Chair,6,349.0,0.05,1989.3
2015,2024-09-13,Customer 055,West,Furniture,Bookshelf,1,189.0,0.15,160.65
2016,2024-09-13,Customer 034,East,Office Supplies,Printer Paper,1,32.0,0.0,32.0
2017,2024-09-13,Customer 013,Central,Furniture,Bookshelf,2,189.0,0.0,378.0
2018,2024-09-14,Customer 029,West,Office Supplies,Desk Organizer,3,42.0,0.2,100.8
2019,2024-09-15,Customer 035,East,Furniture,Ergonomic Chair,1,349.0,0.0,349.0
2020,2024-09-15,Customer 046,East,Technology,Wireless Mouse,2,49.0,0.0,98.0
2021,2024-09-16,Customer 020,East,Technology,Monitor 27in,1,329.0,0.0,329.0
2022,2024-09-16,Customer 002,South,Technology,Keyboard,1,89.0,0.0,89.0
2023,2024-09-16,Customer 004,West,Technology,Laptop,1,1299.0,0.05,1234.05
2024,2024-09-16,Customer 039,South,Office Supplies,Printer Paper,1,32.0,0.15,27.2
2025,2024-09-16,Customer 053,Central,Technology,Wireless Mouse,2,49.0,0.0,98.0
2026,2024-09-16,Customer 009,West,Technology,Laptop,6,1299.0,0.1,7014.6
2027,2024-09-17,Customer 044,South,Office Supplies,Notebook Pack,6,24.5,0.0,147.0
2028,2024-09-17,Customer 056,East,Office Supplies,Pen Set,2,18.0,0.0,36.0
2029,2024-09-17,Customer 059,East,Office Supplies,Printer Paper,1,32.0,0.15,27.2
2030,2024-09-17,Customer 005,South,Office Supplies,Printer Paper,6,32.0,0.0,192.0
2031,2024-09-17,Customer 055,Central,Furniture,Bookshelf,6,189.0,0.05,1077.3
2032,2024-09-17,Customer 007,South,Office Supplies,Desk Organizer,1,42.0,0.1,37.8
2033,2024-09-17,Customer 042,West,Technology,Laptop,3,1299.0,0.1,3507.3
2034,2024-09-18,Customer 027,Central,Office Supplies,Printer Paper,4,32.0,0.1,115.2
2035,2024-09-18,Customer 025,West,Technology,Monitor 27in,1,329.0,0.05,312.55
2036,2024-09-19,Customer 051,East,Technology,Keyboard,4,89.0,0.1,320.4
2037,2024-09-19,Customer 043,West,Technology,Monitor 27in,1,329.0,0.15,279.65
2038,2024-09-19,Customer 039,South,Technology,Keyboard,1,89.0,0.1,80.1
2039,2024-09-19,Customer 020,South,Office Supplies,Notebook Pack,6,24.5,0.0,147.0
2040,2024-09-20,Customer 032,West,Furniture,Ergonomic Chair,4,349.0,0.0,1396.0
2041,2024-09-20,Customer 058,West,Furniture,Standing Desk,1,599.0,0.1,539.1
2042,2024-09-20,Customer 019,South,Furniture,Standing Desk,6,599.0,0.1,3234.6
2043,2024-09-20,Customer 044,East,Technology,Keyboard,2,89.0,0.0,178.0
2044,2024-09-20,Customer 059,East,Office Supplies,Desk Organizer,4,42.0,0.15,142.8
2045,2024-09-20,Customer 009,East,Furniture,Ergonomic Chair,4,349.0,0.2,1116.8
2046,2024-09-20,Customer 046,East,Furniture,Bookshelf,1,189.0,0.0,189.0
2047,2024-09-20,Customer 028,South,Furniture,Bookshelf,1,189.0,0.0,189.0
2048,2024-09-21,Customer 014,Central,Office Supplies,Printer Paper,4,32.0,0.1,115.2
2049,2024-09-22,Customer 025,East,Office Supplies,Pen Set,2,18.0,0.1,32.4
2050,2024-09-23,Customer 005,West,Technology,Monitor 27in,1,329.0,0.0,329.0
2051,2024-09-23,Customer 006,Central,Furniture,Filing Cabinet,4,229.0,0.0,916.0
2052,2024-09-23,Customer 045,South,Technology,Keyboard,6,89.0,0.2,427.2
2053,2024-09-23,Customer 028,South,Technology,Monitor 27in,6,329.0,0.1,1776.6
2054,2024-09-23,Customer 028,West,Office Supplies,Desk Organizer,2,42.0,0.0,84.0
2055,2024-09-23,Customer 033,East,Technology,Keyboard,2,89.0,0.15,151.3
2056,2024-09-24,Customer 037,South,Office Supplies,Desk Organizer,1,42.0,0.0,42.0
2057,2024-09-24,Customer 031,West,Technology,Wireless Mouse,1,49.0,0.1,44.1
2058,2024-09-24,Customer 006,West,Furniture,Bookshelf,6,189.0,0.1,1020.6
2059,2024-09-24,Customer 041,East,Furniture,Filing Cabinet,1,229.0,0.15,194.65
2060,2024-09-24,Customer 050,West,Technology,Laptop,3,1299.0,0.1,3507.3
2061,2024-09-25,Customer 052,East,Office Supplies,Desk Organizer,4,42.0,0.0,168.0
2062,2024-09-25,Customer 060,East,Office Supplies,Pen Set,1,18.0,0.15,15.3
2063,2024-09-25,Customer 031,Central,Technology,Wireless Mouse,1,49.0,0.15,41.65
2064,2024-09-25,Customer 048,West,Technology,Laptop,2,1299.0,0.2,2078.4
2065,2024-09-26,Customer 033,West,Office Supplies,Printer Paper,1,32.0,0.0,32.0
2066,2024-09-26,Customer 018,East,Office Supplies,Desk Organizer,1,42.0,0.1,37.8
2067,2024-09-26,Customer 012,Central,Office Supplies,Notebook Pack,1,24.5,0.1,22.05
2068,2024-09-26,Customer 012,East,Technology,Keyboard,3,89.0,0.2,213.6
2069,2024-09-26,Customer 052,West,Technology,Monitor 27in,6,329.0,0.0,1974.0
2070,2024-09-26,Customer 060,Central,Office Supplies,Notebook Pack,1,24.5,0.1,22.05
2071,2024-09-27,Customer 029,Central,Office Supplies,Printer Paper,2,32.0,0.15,54.4
2072,2024-09-27,Customer 017,West,Furniture,Bookshelf,1,189.0,0.15,160.65
2073,2024-09-27,Customer 031,East,Furniture,Standing Desk,6,599.0,0.05,3414.3
2074,2024-09-27,Customer 046,South,Office Supplies,Pen Set,4,18.0,0.15,61.2
2075,2024-09-27,Customer 056,South,Office Supplies,Desk Organizer,1,42.0,0.1,37.8
2076,2024-09-27,Customer 044,East,Furniture,Bookshelf,6,189.0,0.05,1077.3
2077,2024-09-27,Customer 041,East,Technology,Laptop,1,1299.0,0.1,1169.1
2078,2024-09-28,Customer 018,West,Office Supplies,Desk Organizer,3,42.0,0.0,126.0
2079,2024-09-29,Customer 022,Central,Office Supplies,Pen Set,2,18.0,0.1,32.4
2080,2024-09-29,Customer 005,West,Office Supplies,Notebook Pack,1,24.5,0.2,19.6
2081,2024-09-30,Customer 029,East,Office Supplies,Notebook Pack,1,24.5,0.15,20.82
2082,2024-09-30,Customer 003,West,Furniture,Bookshelf,2,189.0,0.0,378.0
2083,2024-09-30,Customer 043,Central,Technology,Laptop,1,1299.0,0.1,1169.1
2084,2024-09-30,Customer 055,Central,Technology,Laptop,1,1299.0,0.0,1299.0
2085,2024-09-30,Customer 012,East,Office Supplies,Pen Set,1,18.0,0.15,15.3
2086,2024-09-30,Customer 030,East,Office Supplies,Printer Paper,1,32.0,0.15,27.2
2087,2024-09-30,Customer 050,West,Office Supplies,Desk Organizer,2,42.0,0.0,84.0
2088,2024-09-30,Customer 022,West,Office Supplies,Notebook Pack,4,24.5,0.05,93.1
2089,2024-10-01,Customer 060,Central,Furniture,Filing Cabinet,1,229.0,0.05,217.55
2090,2024-10-01,Customer 032,West,Technology,Keyboard,1,89.0,0.15,75.65
2091,2024-10-01,Customer 042,West,Furniture,Filing Cabinet,2,229.0,0.1,412.2
2092,2024-10-01,Customer 005,West,Office Supplies,Desk Organizer,1,42.0,0.0,42.0
2093,2024-10-01,Customer 058,South,Technology,Wireless Mouse,6,49.0,0.0,294.0
2094,2024-10-02,Customer 025,East,Furniture,Ergonomic Chair,1,349.0,0.15,296.65
2095,2024-10-02,Customer 001,South,Furniture,Bookshelf,4,189.0,0.1,680.4
2096,2024-10-02,Customer 047,West,Office Supplies,Printer Paper,4,32.0,0.2,102.4
2097,2024-10-02,Customer 045,South,Technology,Monitor 27in,1,329.0,0.05,312.55
2098,2024-10-02,Customer 020,South,Furniture,Bookshelf,3,189.0,0.15,481.95
2099,2024-10-02,Customer 055,East,Furniture,Ergonomic Chair,3,349.0,0.1,942.3
2100,2024-10-02,Customer 013,Central,Furniture,Filing Cabinet,2,229.0,0.15,389.3
2101,2024-10-02,Customer 013,East,Technology,Laptop,4,1299.0,0.15,4416.6
2102,2024-10-03,Customer 057,South,Technology,Wireless Mouse,6,49.0,0.0,294.0
2103,2024-10-03,Customer 013,West,Technology,Monitor 27in,1,329.0,0.0,329.0
2104,2024-10-03,Customer 005,East,Technology,Monitor 27in,6,329.0,0.05,1875.3
2105,2024-10-03,Customer 022,West,Office Supplies,Printer Paper,1,32.0,0.0,32.0
2106,2024-10-03,Customer 014,South,Office Supplies,Notebook Pack,4,24.5,0.0,98.0
2107,2024-10-04,Customer 003,Central,Technology,Monitor 27in,2,329.0,0.0,658.0
2108,2024-10-04,Customer 003,Central,Office Supplies,Notebook Pack,6,24.5,0.1,132.3
2109,2024-10-04,Customer 041,West,Technology,Monitor 27in,1,329.0,0.0,329.0
2110,2024-10-05,Customer 038,West,Furniture,Filing Cabinet,1,229.0,0.2,183.2
2111,2024-10-05,Customer 052,Central,Furniture,Ergonomic Chair,6,349.0,0.1,1884.6
2112,2024-10-05,Customer 052,South,Furniture,Standing Desk,4,599.0,0.0,2396.0
2113,2024-10-05,Customer 054,Central,Office Supplies,Notebook Pack,1,24.5,0.0,24.5
2114,2024-10-06,Customer 008,East,Furniture,Standing Desk,3,599.0,0.0,1797.0
2115,2024-10-07,Customer 016,West,Technology,Wireless Mouse,1,49.0,0.05,46.55
2116,2024-10-07,Customer 011,West,Furniture,Ergonomic Chair,4,349.0,0.2,1116.8
2117,2024-10-07,Customer 012,West,Office Supplies,Notebook Pack,1,24.5,0.0,24.5
2118,2024-10-07,Customer 052,South,Technology,Wireless Mouse,4,49.0,0.15,166.6
2119,2024-10-07,Customer 041,East,Technology,Monitor 27in,2,329.0,0.0,658.0
2120,2024-10-07,Customer 012,West,Technology,Keyboard,4,89.0,0.0,356.0
2121,2024-10-07,Customer 006,East,Technology,Monitor 27in,6,329.0,0.1,1776.6
2122,2024-10-08,Customer 016,Central,Office Supplies,Printer Paper,1,32.0,0.1,28.8
2123,2024-10-08,Customer 049,Central,Furniture,Ergonomic Chair,3,349.0,0.2,837.6
2124,2024-10-08,Customer 013,West,Office Supplies,Pen Set,2,18.0,0.0,36.0
2125,2024-10-08,Customer 011,West,Furniture,Filing Cabinet,6,229.0,0.0,1374.0
2126,2024-10-08,Customer 028,East,Furniture,Bookshelf,2,189.0,0.0,378.0
2127,2024-10-08,Customer 048,West,Office Supplies,Printer Paper,1,32.0,0.0,32.0
2128,2024-10-08,Customer 002,South,Technology,Monitor 27in,1,329.0,0.2,263.2
2129,2024-10-09,Customer 013,East,Furniture,Filing Cabinet,3,229.0,0.05,652.65
2130,2024-10-09,Customer 007,Central,Furniture,Ergonomic Chair,3,349.0,0.0,1047.0
2131,2024-10-09,Customer 058,Central,Technology,Keyboard,2,89.0,0.05,169.1
2132,2024-10-09,Customer 057,South,Furniture,Filing Cabinet,6,229.0,0.0,1374.0
2133,2024-10-09,Customer 025,East,Furniture,Standing Desk,6,599.0,0.0,3594.0
2134,2024-10-10,Customer 023,East,Furniture,Filing Cabinet,2,229.0,0.15,389.3
2135,2024-10-10,Customer 045,West,Furniture,Bookshelf,1,189.0,0.0,189.0
2136,2024-10-10,Customer 030,South,Office Supplies,Pen Set,1,18.0,0.2,14.4
2137,2024-10-10,Customer 057,East,Office Supplies,Pen Set,3,18.0,0.0,54.0
2138,2024-10-10,Customer 036,Central,Technology,Monitor 27in,1,329.0,0.1,296.1
2139,2024-10-10,Customer 014,South,Furniture,Filing Cabinet,6,229.0,0.2,1099.2
2140,2024-10-11,Customer 021,South,Technology,Keyboard,2,89.0,0.0,178.0
2141,2024-10-11,Customer 058,West,Technology,Monitor 27in,1,329.0,0.1,296.1
2142,2024-10-11,Customer 047,West,Office Supplies,Notebook Pack,1,24.5,0.05,23.27
2143,2024-10-11,Customer 052,West,Office Supplies,Printer Paper,6,32.0,0.2,153.6
2144,2024-10-11,Customer 036,West,Office Supplies,Printer Paper,2,32.0,0.0,64.0
2145,2024-10-11,Customer 023,East,Technology,Keyboard,2,89.0,0.0,178.0
2146,2024-10-12,Customer 043,East,Furniture,Ergonomic Chair,1,349.0,0.05,331.55
2147,2024-10-13,Customer 050,Central,Technology,Laptop,6,1299.0,0.05,7404.3
2148,2024-10-13,Customer 056,East,Technology,Keyboard,1,89.0,0.2,71.2
2149,2024-10-13,Customer 041,West,Technology,Keyboard,1,89.0,0.2,71.2
2150,2024-10-14,Customer 028,East,Office Supplies,Desk Organizer,1,42.0,0.0,42.0
2151,2024-10-14,Customer 057,East,Technology,Monitor 27in,1,329.0,0.1,296.1
2152,2024-10-14,Customer 008,South,Technology,Laptop,3,1299.0,0.0,3897.0
2153,2024-10-14,Customer 024,Central,Office Supplies,Printer Paper,1,32.0,0.0,32.0
2154,2024-10-14,Customer 022,Central,Technology,Laptop,2,1299.0,0.0,2598.0
2155,2024-10-14,Customer 049,Central,Technology,Laptop,6,1299.0,0.15,6624.9
2156,2024-10-14,Customer 058,East,Technology,Monitor 27in,3,329.0,0.0,987.0
2157,2024-10-15,Customer 029,South,Furniture,Ergonomic Chair,3,349.0,0.0,1047.0
2158,2024-10-15,Customer 035,East,Technology,Laptop,6,1299.0,0.15,6624.9
2159,2024-10-15,Customer 058,South,Office Supplies,Desk Organizer,1,42.0,0.0,42.0
2160,2024-10-15,Customer 019,West,Furniture,Ergonomic Chair,4,349.0,0.0,1396.0
2161,2024-10-16,Customer 045,Central,Furniture,Standing Desk,2,599.0,0.0,1198.0
2162,2024-10-16,Customer 041,West,Office Supplies,Pen Set,2,18.0,0.1,32.4
2163,2024-10-16,Customer 023,South,Office Supplies,Printer Paper,1,32.0,0.05,30.4
2164,2024-10-16,Customer 005,West,Office Supplies,Notebook Pack,2,24.5,0.0,49.0
2165,2024-10-16,Customer 022,East,Furniture,Bookshelf,4,189.0,0.1,680.4
2166,2024-10-16,Customer 037,Central,Office Supplies,Printer Paper,6,32.0,0.0,192.0
2167,2024-10-17,Customer 019,West,Office Supplies,Pen Set,6,18.0,0.0,108.0
2168,2024-10-17,Customer 011,Central,Furniture,Bookshelf,2,189.0,0.05,359.1
2169,2024-10-17,Customer 054,Central,Technology,Wireless Mouse,1,49.0,0.0,49.0
2170,2024-10-17,Customer 021,Central,Furniture,Standing Desk,1,599.0,0.0,599.0
2171,2024-10-17,Customer 014,West,Office Supplies,Desk Organizer,3,42.0,0.0,126.0
2172,2024-10-17,Customer 024,South,Technology,Wireless Mouse,3,49.0,0.0,147.0
2173,2024-10-17,Customer 059,West,Technology,Monitor 27in,2,329.0,0.0,658.0
2174,2024-10-18,Customer 060,East,Office Supplies,Printer Paper,1,32.0,0.05,30.4
2175,2024-10-18,Customer 046,East,Furniture,Ergonomic Chair,3,349.0,0.15,889.95
2176,2024-10-18,Customer 037,South,Office Supplies,Desk Organizer,1,42.0,0.2,33.6
2177,2024-10-18,Customer 009,West,Office Supplies,Notebook Pack,6,24.5,0.0,147.0
2178,2024-10-18,Customer 054,Central,Office Supplies,Notebook Pack,4,24.5,0.1,88.2
2179,2024-10-19,Customer 060,East,Furniture,Standing Desk,2,599.0,0.2,958.4
2180,2024-10-20,Customer 055,South,Furniture,Ergonomic Chair,1,349.0,0.1,314.1
2181,2024-10-20,Customer 032,East,Technology,Laptop,4,1299.0,0.0,5196.0
2182,2024-10-21,Customer 046,South,Furniture,Bookshelf,4,189.0,0.0,756.0
2183,2024-10-21,Customer 019,East,Office Supplies,Printer Paper,3,32.0,0.0,96.0
2184,2024-10-21,Customer 036,West,Office Supplies,Desk Organizer,6,42.0,0.2,201.6
2185,2024-10-21,Customer 029,East,Furniture,Filing Cabinet,4,229.0,0.2,732.8
2186,2024-10-22,Customer 054,West,Furniture,Filing Cabinet,4,229.0,0.0,916.0
2187,2024-10-22,Customer 056,East,Furniture,Standing Desk,2,599.0,0.05,1138.1
2188,2024-10-22,Customer 027,East,Furniture,Filing Cabinet,1,229.0,0.0,229.0
2189,2024-10-22,Customer 037,Central,Office Supplies,Pen Set,6,18.0,0.15,91.8
2190,2024-10-22,Customer 036,South,Furniture,Standing Desk,4,599.0,0.0,2396.0
2191,2024-10-23,Customer 048,South,Technology,Wireless Mouse,6,49.0,0.1,264.6
2192,2024-10-23,Customer 017,East,Furniture,Ergonomic Chair,1,349.0,0.0,349.0
2193,2024-10-23,Customer 043,East,Technology,Keyboard,1,89.0,0.15,75.65
2194,2024-10-23,Customer 042,Central,Office Supplies,Pen Set,6,18.0,0.15,91.8
2195,2024-10-23,Customer 005,East,Furniture,Ergonomic Chair,2,349.0,0.05,663.1
2196,2024-10-23,Customer 017,South,Technology,Keyboard,4,89.0,0.2,284.8
2197,2024-10-23,Customer 047,West,Technology,Laptop,3,1299.0,0.1,3507.3
2198,2024-10-23,Customer 021,South,Office Supplies,Pen Set,1,18.0,0.0,18.0
2199,2024-10-24,Customer 004,East,Technology,Monitor 27in,3,329.0,0.0,987.0
2200,2024-10-24,Customer 019,East,Office Supplies,Printer Paper,3,32.0,0.0,96.0
2201,2024-10-24,Customer 041,Central,Technology,Laptop,2,1299.0,0.2,2078.4
2202,2024-10-24,Customer 021,East,Furniture,Standing Desk,3,599.0,0.2,1437.6
2203,2024-10-24,Customer 038,East,Office Supplies,Desk Organizer,1,42.0,0.1,37.8
2204,2024-10-24,Customer 019,East,Furniture,Ergonomic Chair,1,349.0,0.1,314.1
2205,2024-10-25,Customer 033,Central,Furniture,Ergonomic Chair,2,349.0,0.0,698.0
2206,2024-10-25,Customer 059,West,Furniture,Ergonomic Chair,4,349.0,0.05,1326.2
2207,2024-10-25,Customer 023,East,Furniture,Standing Desk,1,599.0,0.05,569.05
2208,2024-10-25,Customer 029,East,Technology,Wireless Mouse,1,49.0,0.2,39.2
2209,2024-10-25,Customer 053,West,Furniture,Bookshelf,1,189.0,0.15,160.65
2210,2024-10-25,Customer 015,East,Furniture,Standing Desk,1,599.0,0.15,509.15
2211,2024-10-26,Customer 028,West,Furniture,Standing Desk,1,599.0,0.0,599.0
2212,2024-10-27,Customer 003,West,Office Supplies,Notebook Pack,2,24.5,0.0,49.0
2213,2024-10-27,Customer 005,East,Office Supplies,Notebook Pack,2,24.5,0.0,49.0
2214,2024-10-27,Customer 008,Central,Technology,Laptop,1,1299.0,0.2,1039.2
2215,2024-10-27,Customer 023,West,Technology,Monitor 27in,1,329.0,0.15,279.65
2216,2024-10-28,Customer 023,East,Furniture,Standing Desk,2,599.0,0.1,1078.2
2217,2024-10-28,Customer 053,West,Furniture,Standing Desk,1,599.0,0.0,599.0
2218,2024-10-28,Customer 011,West,Technology,Monitor 27in,2,329.0,0.0,658.0
2219,2024-10-28,Customer 055,South,Technology,Laptop,2,1299.0,0.1,2338.2
2220,2024-10-28,Customer 007,Central,Office Supplies,Pen Set,6,18.0,0.15,91.8
2221,2024-10-28,Customer 033,Central,Office Supplies,Printer Paper,4,32.0,0.0,128.0
2222,2024-10-28,Customer 030,West,Office Supplies,Notebook Pack,3,24.5,0.0,73.5
2223,2024-10-29,Customer 021,South,Office Supplies,Desk Organizer,1,42.0,0.0,42.0
2224,2024-10-29,Customer 039,East,Furniture,Filing Cabinet,2,229.0,0.05,435.1
2225,2024-10-29,Customer 027,East,Technology,Keyboard,2,89.0,0.1,160.2
2226,2024-10-29,Customer 052,South,Office Supplies,Pen Set,1,18.0,0.2,14.4
2227,2024-10-30,Customer 044,South,Technology,Wireless Mouse,1,49.0,0.0,49.0
2228,2024-10-30,Customer 034,West,Technology,Laptop,4,1299.0,0.05,4936.2
2229,2024-10-30,Customer 045,West,Furniture,Standing Desk,4,599.0,0.05,2276.2
2230,2024-10-30,Customer 013,East,Technology,Monitor 27in,1,329.0,0.0,329.0
2231,2024-10-30,Customer 054,South,Furniture,Filing Cabinet,1,229.0,0.0,229.0
2232,2024-10-30,Customer 046,East,Technology,Keyboard,2,89.0,0.2,142.4
2233,2024-10-31,Customer 039,South,Office Supplies,Desk Organizer,6,42.0,0.15,214.2
2234,2024-10-31,Customer 030,West,Office Supplies,Desk Organizer,1,42.0,0.2,33.6
2235,2024-10-31,Customer 015,Central,Furniture,Bookshelf,6,189.0,0.05,1077.3
2236,2024-10-31,Customer 005,South,Furniture,Ergonomic Chair,1,349.0,0.2,279.2
2237,2024-10-31,Customer 039,East,Technology,Laptop,1,1299.0,0.05,1234.05
2238,2024-10-31,Customer 005,South,Furniture,Bookshelf,1,189.0,0.2,151.2
2239,2024-11-01,Customer 032,South,Office Supplies,Pen Set,2,18.0,0.15,30.6
2240,2024-11-01,Customer 056,West,Technology,Wireless Mouse,3,49.0,0.2,117.6
2241,2024-11-01,Customer 029,East,Furniture,Filing Cabinet,1,229.0,0.05,217.55
2242,2024-11-02,Customer 043,East,Furniture,Ergonomic Chair,1,349.0,0.1,314.1
2243,2024-11-02,Customer 009,East,Technology,Monitor 27in,6,329.0,0.05,1875.3
2244,2024-11-02,Customer 008,South,Technology,Keyboard,6,89.0,0.2,427.2
2245,2024-11-03,Customer 055,Central,Technology,Keyboard,6,89.0,0.1,480.6
2246,2024-11-04,Customer 019,East,Office Supplies,Printer Paper,3,32.0,0.2,76.8
2247,2024-11-04,Customer 054,East,Furniture,Ergonomic Chair,1,349.0,0.0,349.0
2248,2024-11-04,Customer 007,South,Office Supplies,Notebook Pack,3,24.5,0.05,69.83
2249,2024-11-04,Customer 004,Central,Office Supplies,Desk Organizer,4,42.0,0.0,168.0
2250,2024-11-05,Customer 006,West,Furniture,Standing Desk,2,599.0,0.1,1078.2
2251,2024-11-05,Customer 002,East,Office Supplies,Notebook Pack,3,24.5,0.0,73.5
2252,2024-11-05,Customer 033,South,Furniture,Filing Cabinet,4,229.0,0.1,824.4
2253,2024-11-05,Customer 002,East,Office Supplies,Notebook Pack,6,24.5,0.1,132.3
2254,2024-11-05,Customer 007,South,Office Supplies,Printer Paper,3,32.0,0.1,86.4
2255,2024-11-05,Customer 033,East,Furniture,Standing Desk,3,599.0,0.05,1707.15
2256,2024-11-06,Customer 055,West,Office Supplies,Pen Set,6,18.0,0.15,91.8
2257,2024-11-06,Customer 004,East,Technology,Monitor 27in,2,329.0,0.0,658.0
2258,2024-11-06,Customer 048,West,Technology,Keyboard,2,89.0,0.1,160.2
2259,2024-11-06,Customer 005,South,Technology,Laptop,3,1299.0,0.0,3897.0
2260,2024-11-06,Customer 005,East,Office Supplies,Pen Set,3,18.0,0.2,43.2
2261,2024-11-06,Customer 035,East,Technology,Wireless Mouse,4,49.0,0.15,166.6
2262,2024-11-07,Customer 040,South,Furniture,Filing Cabinet,4,229.0,0.0,916.0
2263,2024-11-07,Customer 046,Central,Technology,Monitor 27in,1,329.0,0.15,279.65
2264,2024-11-07,Customer 053,South,Technology,Keyboard,2,89.0,0.15,151.3
2265,2024-11-07,Customer 013,East,Office Supplies,Printer Paper,1,32.0,0.1,28.8
2266,2024-11-07,Customer 048,East,Office Supplies,Pen Set,2,18.0,0.0,36.0
2267,2024-11-07,Customer 054,West,Office Supplies,Printer Paper,3,32.0,0.2,76.8
2268,2024-11-07,Customer 053,East,Technology,Monitor 27in,4,329.0,0.0,1316.0
2269,2024-11-08,Customer 008,Central,Technology,Monitor 27in,4,329.0,0.0,1316.0
2270,2024-11-08,Customer 053,East,Furniture,Ergonomic Chair,2,349.0,0.2,558.4
2271,2024-11-08,Customer 042,West,Office Supplies,Printer Paper,4,32.0,0.05,121.6
2272,2024-11-08,Customer 002,East,Furniture,Standing Desk,2,599.0,0.0,1198.0
2273,2024-11-08,Customer 032,West,Office Supplies,Pen Set,1,18.0,0.15,15.3
2274,2024-11-09,Customer 020,West,Furniture,Ergonomic Chair,3,349.0,0.1,942.3
2275,2024-11-10,Customer 047,Central,Office Supplies,Notebook Pack,4,24.5,0.2,78.4
2276,2024-11-10,Customer 043,East,Furniture,Ergonomic Chair,1,349.0,0.1,314.1
2277,2024-11-10,Customer 008,East,Office Supplies,Notebook Pack,2,24.5,0.1,44.1
2278,2024-11-11,Customer 014,Central,Office Supplies,Printer Paper,2,32.0,0.05,60.8
2279,2024-11-11,Customer 029,South,Furniture,Standing Desk,2,599.0,0.0,1198.0
2280,2024-11-11,Customer 024,West,Office Supplies,Notebook Pack,6,24.5,0.1,132.3
2281,2024-11-11,Customer 016,East,Office Supplies,Printer Paper,6,32.0,0.15,163.2
2282,2024-11-11,Customer 024,East,Furniture,Bookshelf,6,189.0,0.15,963.9
2283,2024-11-12,Customer 059,Central,Technology,Laptop,1,1299.0,0.15,1104.15
2284,2024-11-12,Customer 045,East,Office Supplies,Printer Paper,2,32.0,0.15,54.4
2285,2024-11-12,Customer 029,South,Technology,Laptop,2,1299.0,0.2,2078.4
2286,2024-11-12,Customer 006,Central,Furniture,Filing Cabinet,2,229.0,0.0,458.0
2287,2024-11-12,Customer 041,East,Office Supplies,Pen Set,1,18.0,0.05,17.1
2288,2024-11-12,Customer 056,West,Technology,Keyboard,1,89.0,0.0,89.0
2289,2024-11-12,Customer 022,South,Office Supplies,Printer Paper,4,32.0,0.2,102.4
2290,2024-11-12,Customer 005,East,Furniture,Standing Desk,2,599.0,0.1,1078.2
2291,2024-11-12,Customer 002,West,Office Supplies,Desk Organizer,6,42.0,0.15,214.2
2292,2024-11-12,Customer 042,Central,Technology,Monitor 27in,6,329.0,0.2,1579.2
2293,2024-11-13,Customer 020,East,Furniture,Filing Cabinet,2,229.0,0.15,389.3
2294,2024-11-13,Customer 016,Central,Technology,Laptop,1,1299.0,0.0,1299.0
2295,2024-11-13,Customer 031,Central,Technology,Keyboard,3,89.0,0.05,253.65
2296,2024-11-13,Customer 019,Central,Office Supplies,Pen Set,3,18.0,0.2,43.2
2297,2024-11-13,Customer 026,South,Furniture,Filing Cabinet,3,229.0,0.0,687.0
2298,2024-11-13,Customer 060,Central,Technology,Monitor 27in,1,329.0,0.0,329.0
2299,2024-11-14,Customer 026,South,Furniture,Bookshelf,1,189.0,0.0,189.0
2300,2024-11-14,Customer 024,Central,Technology,Wireless Mouse,1,49.0,0.0,49.0
2301,2024-11-14,Customer 034,South,Technology,Laptop,1,1299.0,0.15,1104.15
2302,2024-11-14,Customer 046,Central,Office Supplies,Printer Paper,1,32.0,0.0,32.0
2303,2024-11-14,Customer 032,South,Furniture,Bookshelf,2,189.0,0.15,321.3
2304,2024-11-14,Customer 014,East,Furniture,Filing Cabinet,2,229.0,0.1,412.2
2305,2024-11-14,Customer 027,Central,Technology,Monitor 27in,4,329.0,0.0,1316.0
2306,2024-11-14,Customer 040,South,Furniture,Bookshelf,2,189.0,0.0,378.0
2307,2024-11-14,Customer 001,South,Furniture,Bookshelf,6,189.0,0.0,1134.0
2308,2024-11-15,Customer 014,South,Furniture,Bookshelf,4,189.0,0.15,642.6
2309,2024-11-15,Customer 007,West,Technology,Keyboard,2,89.0,0.0,178.0
2310,2024-11-15,Customer 059,East,Furniture,Bookshelf,2,189.0,0.05,359.1
2311,2024-11-15,Customer 033,South,Technology,Laptop,1,1299.0,0.0,1299.0
2312,2024-11-16,Customer 012,East,Office Supplies,Pen Set,1,18.0,0.1,16.2
2313,2024-11-16,Customer 009,West,Furniture,Filing Cabinet,3,229.0,0.05,652.65
2314,2024-11-17,Customer 008,East,Office Supplies,Printer Paper,1,32.0,0.0,32.0
2315,2024-11-17,Customer 054,East,Furniture,Standing Desk,6,599.0,0.2,2875.2
2316,2024-11-17,Customer 058,East,Technology,Wireless Mouse,4,49.0,0.0,196.0
2317,2024-11-18,Customer 021,South,Office Supplies,Desk Organizer,4,42.0,0.0,168.0
2318,2024-11-18,Customer 010,West,Furniture,Filing Cabinet,1,229.0,0.0,229.0
2319,2024-11-18,Customer 017,Central,Furniture,Standing Desk,1,599.0,0.05,569.05
2320,2024-11-18,Customer 058,South,Technology,Keyboard,4,89.0,0.0,356.0
2321,2024-11-19,Customer 036,South,Furniture,Filing Cabinet,3,229.0,0.15,583.95
2322,2024-11-19,Customer 047,Central,Office Supplies,Printer Paper,1,32.0,0.2,25.6
2323,2024-11-19,Customer 056,East,Furniture,Bookshelf,1,189.0,0.0,189.0
2324,2024-11-19,Customer 058,Central,Furniture,Standing Desk,2,599.0,0.1,1078.2
2325,2024-11-20,Customer 016,South,Technology,Monitor 27in,4,329.0,0.0,1316.0
2326,2024-11-20,Customer 019,West,Technology,Laptop,3,1299.0,0.0,3897.0
2327,2024-11-21,Customer 021,Central,Office Supplies,Desk Organizer,1,42.0,0.2,33.6
2328,2024-11-21,Customer 046,South,Furniture,Ergonomic Chair,6,349.0,0.2,1675.2
2329,2024-11-21,Customer 003,South,Office Supplies,Desk Organizer,1,42.0,0.0,42.0
2330,2024-11-21,Customer 004,East,Office Supplies,Pen Set,2,18.0,0.2,28.8
2331,2024-11-22,Customer 017,Central,Furniture,Filing Cabinet,1,229.0,0.05,217.55
2332,2024-11-22,Customer 055,Central,Furniture,Filing Cabinet,1,229.0,0.0,229.0
2333,2024-11-22,Customer 042,Central,Furniture,Filing Cabinet,4,229.0,0.0,916.0
2334,2024-11-22,Customer 028,East,Furniture,Bookshelf,6,189.0,0.2,907.2
2335,2024-11-22,Customer 007,East,Technology,Monitor 27in,3,329.0,0.15,838.95
2336,2024-11-22,Customer 057,South,Technology,Monitor 27in,6,329.0,0.05,1875.3
2337,2024-11-23,Customer 049,South,Office Supplies,Desk Organizer,4,42.0,0.0,168.0
2338,2024-11-23,Customer 028,West,Office Supplies,Pen Set,4,18.0,0.15,61.2
2339,2024-11-24,Customer 034,West,Office Supplies,Pen Set,1,18.0,0.05,17.1
2340,2024-11-24,Customer 059,South,Office Supplies,Printer Paper,4,32.0,0.0,128.0
2341,2024-11-24,Customer 058,East,Office Supplies,Pen Set,1,18.0,0.15,15.3
2342,2024-11-25,Customer 004,West,Furniture,Filing Cabinet,2,229.0,0.1,412.2
2343,2024-11-25,Customer 007,South,Furniture,Ergonomic Chair,4,349.0,0.05,1326.2
2344,2024-11-25,Customer 038,West,Technology,Wireless Mouse,3,49.0,0.0,147.0
2345,2024-11-25,Customer 043,South,Technology,Laptop,1,1299.0,0.15,1104.15
2346,2024-11-25,Customer 006,South,Furniture,Standing Desk,4,599.0,0.0,2396.0
2347,2024-11-25,Customer 047,South,Technology,Wireless Mouse,3,49.0,0.1,132.3
2348,2024-11-26,Customer 012,West,Office Supplies,Desk Organizer,1,42.0,0.0,42.0
2349,2024-11-26,Customer 035,West,Technology,Wireless Mouse,1,49.0,0.05,46.55
2350,2024-11-26,Customer 011,South,Furniture,Filing Cabinet,1,229.0,0.0,229.0
2351,2024-11-26,Customer 040,East,Office Supplies,Printer Paper,6,32.0,0.0,192.0
2352,2024-11-26,Customer 009,Central,Technology,Keyboard,2,89.0,0.0,178.0
2353,2024-11-26,Customer 002,Central,Furniture,Standing Desk,1,599.0,0.2,479.2
2354,2024-11-27,Customer 010,Central,Furniture,Standing Desk,6,599.0,0.15,3054.9
2355,2024-11-27,Customer 050,South,Office Supplies,Pen Set,1,18.0,0.0,18.0
2356,2024-11-27,Customer 008,Central,Furniture,Filing Cabinet,4,229.0,0.0,916.0
2357,2024-11-27,Customer 002,South,Furniture,Filing Cabinet,6,229.0,0.05,1305.3
2358,2024-11-28,Customer 001,West,Technology,Keyboard,1,89.0,0.0,89.0
2359,2024-11-28,Customer 032,East,Technology,Keyboard,4,89.0,0.2,284.8
2360,2024-11-28,Customer 033,South,Furniture,Filing Cabinet,4,229.0,0.05,870.2
2361,2024-11-28,Customer 037,East,Furniture,Ergonomic Chair,1,349.0,0.05,331.55
2362,2024-11-28,Customer 027,South,Technology,Laptop,2,1299.0,0.15,2208.3
2363,2024-11-29,Customer 045,South,Furniture,Filing Cabinet,3,229.0,0.05,652.65
2364,2024-11-29,Customer 013,South,Furniture,Standing Desk,2,599.0,0.15,1018.3
2365,2024-11-29,Customer 015,East,Office Supplies,Printer Paper,2,32.0,0.1,57.6
2366,2024-11-29,Customer 047,South,Technology,Keyboard,1,89.0,0.0,89.0
2367,2024-11-29,Customer 055,Central,Office Supplies,Desk Organizer,6,42.0,0.2,201.6
2368,2024-11-30,Customer 012,Central,Technology,Laptop,6,1299.0,0.0,7794.0
2369,2024-12-01,Customer 027,South,Furniture,Filing Cabinet,1,229.0,0.2,183.2
2370,2024-12-02,Customer 023,Central,Furniture,Ergonomic Chair,3,349.0,0.0,1047.0
2371,2024-12-02,Customer 028,West,Furniture,Ergonomic Chair,1,349.0,0.0,349.0
2372,2024-12-02,Customer 015,South,Technology,Monitor 27in,1,329.0,0.1,296.1
2373,2024-12-02,Customer 003,East,Office Supplies,Desk Organizer,3,42.0,0.2,100.8
2374,2024-12-02,Customer 052,South,Furniture,Ergonomic Chair,1,349.0,0.05,331.55
2375,2024-12-02,Customer 036,West,Furniture,Ergonomic Chair,1,349.0,0.2,279.2
2376,2024-12-03,Customer 008,Central,Technology,Laptop,1,1299.0,0.15,1104.15
2377,2024-12-03,Customer 029,South,Office Supplies,Pen Set,2,18.0,0.15,30.6
2378,2024-12-03,Customer 024,East,Technology,Laptop,1,1299.0,0.15,1104.15
2379,2024-12-03,Customer 027,West,Furniture,Ergonomic Chair,2,349.0,0.05,663.1
2380,2024-12-03,Customer 033,Central,Furniture,Filing Cabinet,3,229.0,0.0,687.0
2381,2024-12-03,Customer 049,South,Furniture,Bookshelf,3,189.0,0.15,481.95
2382,2024-12-03,Customer 049,South,Office Supplies,Pen Set,1,18.0,0.2,14.4
2383,2024-12-04,Customer 055,East,Office Supplies,Printer Paper,4,32.0,0.05,121.6
2384,2024-12-04,Customer 001,West,Furniture,Filing Cabinet,1,229.0,0.2,183.2
2385,2024-12-04,Customer 050,Central,Furniture,Bookshelf,3,189.0,0.05,538.65
2386,2024-12-04,Customer 003,Central,Office Supplies,Notebook Pack,4,24.5,0.2,78.4
2387,2024-12-04,Customer 026,East,Technology,Laptop,2,1299.0,0.05,2468.1
2388,2024-12-04,Customer 053,East,Technology,Wireless Mouse,3,49.0,0.0,147.0
2389,2024-12-05,Customer 042,Central,Technology,Monitor 27in,4,329.0,0.05,1250.2
2390,2024-12-05,Customer 051,South,Technology,Keyboard,3,89.0,0.2,213.6
2391,2024-12-05,Customer 035,East,Furniture,Bookshelf,1,189.0,0.0,189.0
2392,2024-12-05,Customer 006,East,Office Supplies,Pen Set,2,18.0,0.0,36.0
2393,2024-12-05,Customer 002,East,Technology,Wireless Mouse,1,49.0,0.0,49.0
2394,2024-12-06,Customer 004,East,Technology,Keyboard,1,89.0,0.15,75.65
2395,2024-12-06,Customer 049,West,Office Supplies,Desk Organizer,1,42.0,0.0,42.0
2396,2024-12-06,Customer 022,Central,Office Supplies,Desk Organizer,1,42.0,0.05,39.9
2397,2024-12-06,Customer 019,Central,Technology,Monitor 27in,3,329.0,0.0,987.0
2398,2024-12-06,Customer 021,Central,Technology,Keyboard,2,89.0,0.0,178.0
2399,2024-12-06,Customer 046,South,Office Supplies,Printer Paper,1,32.0,0.0,32.0
2400,2024-12-07,Customer 028,Central,Office Supplies,Notebook Pack,1,24.5,0.0,24.5
2401,2024-12-07,Customer 024,South,Office Supplies,Pen Set,6,18.0,0.0,108.0
2402,2024-12-07,Customer 032,South,Technology,Keyboard,2,89.0,0.1,160.2
2403,2024-12-07,Customer 011,Central,Office Supplies,Printer Paper,4,32.0,0.2,102.4
2404,2024-12-07,Customer 030,Central,Technology,Monitor 27in,6,329.0,0.15,1677.9
2405,2024-12-08,Customer 031,West,Technology,Laptop,2,1299.0,0.05,2468.1
2406,2024-12-08,Customer 039,South,Technology,Monitor 27in,3,329.0,0.0,987.0
2407,2024-12-08,Customer 019,West,Furniture,Ergonomic Chair,3,349.0,0.1,942.3
2408,2024-12-08,Customer 020,East,Technology,Monitor 27in,1,329.0,0.0,329.0
2409,2024-12-09,Customer 051,Central,Office Supplies,Desk Organizer,6,42.0,0.0,252.0
2410,2024-12-09,Customer 057,East,Furniture,Filing Cabinet,1,229.0,0.0,229.0
2411,2024-12-09,Customer 008,East,Furniture,Standing Desk,6,599.0,0.0,3594.0
2412,2024-12-09,Customer 037,East,Furniture,Ergonomic Chair,4,349.0,0.05,1326.2
2413,2024-12-09,Customer 025,South,Technology,Keyboard,3,89.0,0.2,213.6
2414,2024-12-09,Customer 041,South,Technology,Monitor 27in,1,329.0,0.1,296.1
2415,2024-12-10,Customer 040,South,Furniture,Bookshelf,1,189.0,0.2,151.2
2416,2024-12-10,Customer 035,West,Office Supplies,Pen Set,4,18.0,0.0,72.0
2417,2024-12-10,Customer 006,Central,Technology,Keyboard,2,89.0,0.15,151.3
2418,2024-12-10,Customer 042,West,Technology,Laptop,2,1299.0,0.1,2338.2
2419,2024-12-10,Customer 035,West,Technology,Laptop,2,1299.0,0.1,2338.2
2420,2024-12-10,Customer 058,West,Technology,Monitor 27in,6,329.0,0.1,1776.6
2421,2024-12-11,Customer 051,Central,Furniture,Standing Desk,1,599.0,0.0,599.0
2422,2024-12-11,Customer 035,East,Furniture,Filing Cabinet,1,229.0,0.2,183.2
2423,2024-12-11,Customer 060,West,Office Supplies,Notebook Pack,6,24.5,0.2,117.6
2424,2024-12-11,Customer 002,East,Office Supplies,Printer Paper,1,32.0,0.05,30.4
2425,2024-12-12,Customer 012,East,Furniture,Standing Desk,2,599.0,0.0,1198.0
2426,2024-12-12,Customer 044,Central,Furniture,Standing Desk,2,599.0,0.05,1138.1
2427,2024-12-12,Customer 046,West,Furniture,Bookshelf,1,189.0,0.0,189.0
2428,2024-12-12,Customer 010,South,Office Supplies,Printer Paper,1,32.0,0.0,32.0
2429,2024-12-12,Customer 058,West,Office Supplies,Desk Organizer,4,42.0,0.2,134.4
2430,2024-12-13,Customer 039,Central,Furniture,Standing Desk,2,599.0,0.2,958.4
2431,2024-12-13,Customer 004,East,Office Supplies,Printer Paper,1,32.0,0.0,32.0
2432,2024-12-13,Customer 002,South,Office Supplies,Printer Paper,1,32.0,0.05,30.4
2433,2024-12-13,Customer 036,West,Technology,Monitor 27in,1,329.0,0.0,329.0
2434,2024-12-13,Customer 027,South,Furniture,Standing Desk,2,599.0,0.1,1078.2
2435,2024-12-13,Customer 035,Central,Furniture,Standing Desk,1,599.0,0.0,599.0
2436,2024-12-14,Customer 053,South,Office Supplies,Printer Paper,1,32.0,0.0,32.0
2437,2024-12-14,Customer 004,South,Technology,Wireless Mouse,1,49.0,0.0,49.0
2438,2024-12-15,Customer 054,Central,Office Supplies,Desk Organizer,4,42.0,0.0,168.0
2439,2024-12-16,Customer 006,South,Furniture,Standing Desk,1,599.0,0.0,599.0
2440,2024-12-16,Customer 036,East,Technology,Laptop,1,1299.0,0.15,1104.15
2441,2024-12-16,Customer 022,East,Office Supplies,Pen Set,3,18.0,0.15,45.9
2442,2024-12-16,Customer 043,East,Technology,Keyboard,2,89.0,0.0,178.0
2443,2024-12-17,Customer 022,West,Office Supplies,Pen Set,6,18.0,0.1,97.2
2444,2024-12-17,Customer 031,West,Technology,Monitor 27in,1,329.0,0.1,296.1
2445,2024-12-17,Customer 058,South,Furniture,Standing Desk,4,599.0,0.1,2156.4
2446,2024-12-17,Customer 002,South,Office Supplies,Notebook Pack,1,24.5,0.1,22.05
2447,2024-12-17,Customer 025,East,Technology,Laptop,3,1299.0,0.2,3117.6
2448,2024-12-18,Customer 024,Central,Technology,Laptop,1,1299.0,0.05,1234.05
2449,2024-12-18,Customer 002,East,Office Supplies,Notebook Pack,2,24.5,0.15,41.65
2450,2024-12-18,Customer 053,East,Technology,Wireless Mouse,2,49.0,0.0,98.0
2451,2024-12-18,Customer 024,West,Technology,Monitor 27in,2,329.0,0.05,625.1
2452,2024-12-19,Customer 013,South,Office Supplies,Printer Paper,2,32.0,0.0,64.0
2453,2024-12-19,Customer 036,Central,Furniture,Bookshelf,6,189.0,0.0,1134.0
2454,2024-12-19,Customer 009,West,Technology,Monitor 27in,1,329.0,0.1,296.1
2455,2024-12-19,Customer 047,East,Furniture,Bookshelf,2,189.0,0.1,340.2
2456,2024-12-19,Customer 036,South,Furniture,Ergonomic Chair,2,349.0,0.15,593.3
2457,2024-12-19,Customer 021,South,Furniture,Filing Cabinet,1,229.0,0.2,183.2
2458,2024-12-19,Customer 034,South,Office Supplies,Desk Organizer,1,42.0,0.15,35.7
2459,2024-12-19,Customer 015,West,Office Supplies,Desk Organizer,1,42.0,0.15,35.7
2460,2024-12-20,Customer 013,East,Office Supplies,Desk Organizer,1,42.0,0.05,39.9
2461,2024-12-20,Customer 028,West,Furniture,Ergonomic Chair,2,349.0,0.15,593.3
2462,2024-12-20,Customer 020,West,Furniture,Standing Desk,1,599.0,0.0,599.0
2463,2024-12-20,Customer 028,West,Technology,Laptop,1,1299.0,0.05,1234.05
2464,2024-12-20,Customer 007,South,Technology,Wireless Mouse,2,49.0,0.0,98.0
2465,2024-12-20,Customer 022,Central,Furniture,Bookshelf,1,189.0,0.2,151.2
2466,2024-12-21,Customer 029,West,Furniture,Filing Cabinet,1,229.0,0.15,194.65
2467,2024-12-21,Customer 021,West,Furniture,Ergonomic Chair,1,349.0,0.05,331.55
2468,2024-12-21,Customer 020,South,Furniture,Ergonomic Chair,6,349.0,0.0,2094.0
2469,2024-12-21,Customer 004,East,Furniture,Ergonomic Chair,1,349.0,0.1,314.1
2470,2024-12-22,Customer 039,West,Technology,Keyboard,2,89.0,0.2,142.4
2471,2024-12-22,Customer 028,West,Office Supplies,Printer Paper,6,32.0,0.2,153.6
2472,2024-12-22,Customer 022,Central,Office Supplies,Notebook Pack,6,24.5,0.1,132.3
2473,2024-12-23,Customer 046,West,Furniture,Ergonomic Chair,1,349.0,0.1,314.1
2474,2024-12-23,Customer 033,East,Technology,Monitor 27in,1,329.0,0.15,279.65
2475,2024-12-23,Customer 040,South,Office Supplies,Printer Paper,6,32.0,0.15,163.2
2476,2024-12-23,Customer 003,West,Furniture,Standing Desk,1,599.0,0.2,479.2
2477,2024-12-23,Customer 042,East,Furniture,Bookshelf,4,189.0,0.1,680.4
2478,2024-12-24,Customer 039,East,Furniture,Standing Desk,6,599.0,0.0,3594.0
2479,2024-12-24,Customer 038,Central,Office Supplies,Desk Organizer,1,42.0,0.1,37.8
2480,2024-12-24,Customer 023,Central,Furniture,Standing Desk,1,599.0,0.05,569.05
2481,2024-12-24,Customer 013,South,Furniture,Standing Desk,1,599.0,0.0,599.0
2482,2024-12-24,Customer 038,East,Technology,Keyboard,3,89.0,0.2,213.6
2483,2024-12-25,Customer 011,West,Technology,Wireless Mouse,4,49.0,0.0,196.0
2484,2024-12-25,Customer 059,West,Office Supplies,Notebook Pack,6,24.5,0.0,147.0
2485,2024-12-25,Customer 040,Central,Technology,Monitor 27in,2,329.0,0.05,625.1
2486,2024-12-25,Customer 048,South,Furniture,Filing Cabinet,3,229.0,0.2,549.6
2487,2024-12-25,Customer 001,East,Furniture,Filing Cabinet,1,229.0,0.2,183.2
2488,2024-12-25,Customer 036,West,Furniture,Ergonomic Chair,3,349.0,0.0,1047.0
2489,2024-12-25,Customer 041,East,Furniture,Bookshelf,6,189.0,0.0,1134.0
2490,2024-12-25,Customer 019,Central,Furniture,Ergonomic Chair,2,349.0,0.0,698.0
2491,2024-12-25,Customer 055,Central,Furniture,Bookshelf,1,189.0,0.0,189.0
2492,2024-12-26,Customer 044,Central,Office Supplies,Notebook Pack,1,24.5,0.2,19.6
2493,2024-12-26,Customer 020,South,Office Supplies,Notebook Pack,3,24.5,0.0,73.5
2494,2024-12-26,Customer 011,South,Furniture,Bookshelf,3,189.0,0.15,481.95
2495,2024-12-26,Customer 057,Central,Technology,Laptop,1,1299.0,0.0,1299.0
2496,2024-12-26,Customer 024,East,Furniture,Standing Desk,4,599.0,0.15,2036.6
2497,2024-12-26,Customer 049,Central,Technology,Keyboard,2,89.0,0.0,178.0
2498,2024-12-27,Customer 016,West,Technology,Wireless Mouse,1,49.0,0.0,49.0
2499,2024-12-27,Customer 033,South,Technology,Wireless Mouse,1,49.0,0.2,39.2
2500,2024-12-27,Customer 043,West,Furniture,Ergonomic Chair,6,349.0,0.2,1675.2
2501,2024-12-27,Customer 034,South,Furniture,Filing Cabinet,3,229.0,0.05,652.65
2502,2024-12-27,Customer 045,South,Furniture,Bookshelf,3,189.0,0.1,510.3
2503,2024-12-27,Customer 038,South,Technology,Keyboard,6,89.0,0.0,534.0
2504,2024-12-28,Customer 058,Central,Technology,Laptop,2,1299.0,0.0,2598.0
2505,2024-12-29,Customer 020,South,Office Supplies,Pen Set,4,18.0,0.0,72.0
2506,2024-12-30,Customer 049,West,Office Supplies,Desk Organizer,1,42.0,0.0,42.0
2507,2024-12-30,Customer 038,West,Office Supplies,Printer Paper,3,32.0,0.0,96.0
2508,2024-12-30,Customer 030,South,Office Supplies,Desk Organizer,4,42.0,0.05,159.6
2509,2024-12-30,Customer 018,South,Office Supplies,Desk Organizer,6,42.0,0.0,252.0
2510,2024-12-30,Customer 017,West,Furniture,Standing Desk,6,599.0,0.0,3594.0
2511,2024-12-30,Customer 033,West,Office Supplies,Notebook Pack,2,24.5,0.2,39.2
2512,2024-12-30,Customer 005,East,Office Supplies,Pen Set,1,18.0,0.0,18.0
2513,2024-12-31,Customer 044,East,Furniture,Standing Desk,3,599.0,0.0,1797.0
2514,2024-12-31,Customer 046,Central,Office Supplies,Desk Organizer,2,42.0,0.0,84.0
2515,2024-12-31,Customer 020,East,Technology,Wireless Mouse,1,49.0,0.2,39.2
2516,2024-12-31,Customer 038,West,Office Supplies,Printer Paper,4,32.0,0.2,102.4
2517,2024-12-31,Customer 015,Central,Office Supplies,Pen Set,4,18.0,0.0,72.0
2518,2025-01-01,Customer 051,West,Technology,Keyboard,6,89.0,0.0,534.0
2519,2025-01-01,Customer 045,South,Office Supplies,Pen Set,4,18.0,0.2,57.6
2520,2025-01-01,Customer 036,West,Furniture,Filing Cabinet,6,229.0,0.2,1099.2
2521,2025-01-01,Customer 048,West,Office Supplies,Pen Set,1,18.0,0.0,18.0
2522,2025-01-02,Customer 027,South,Office Supplies,Desk Organizer,3,42.0,0.0,126.0
2523,2025-01-02,Customer 038,West,Technology,Keyboard,2,89.0,0.0,178.0
2524,2025-01-02,Customer 022,South,Technology,Laptop,1,1299.0,0.0,1299.0
2525,2025-01-02,Customer 035,South,Office Supplies,Pen Set,4,18.0,0.0,72.0
2526,2025-01-02,Customer 037,South,Furniture,Filing Cabinet,1,229.0,0.0,229.0
2527,2025-01-02,Customer 007,Central,Technology,Wireless Mouse,1,49.0,0.0,49.0
2528,2025-01-03,Customer 005,South,Office Supplies,Notebook Pack,1,24.5,0.0,24.5
2529,2025-01-03,Customer 043,West,Office Supplies,Pen Set,2,18.0,0.0,36.0
2530,2025-01-03,Customer 001,Central,Office Supplies,Notebook Pack,3,24.5,0.1,66.15
2531,2025-01-03,Customer 008,Central,Office Supplies,Printer Paper,4,32.0,0.0,128.0
2532,2025-01-03,Customer 005,South,Technology,Keyboard,6,89.0,0.15,453.9
2533,2025-01-03,Customer 028,South,Furniture,Standing Desk,2,599.0,0.0,1198.0
2534,2025-01-03,Customer 046,South,Furniture,Bookshelf,2,189.0,0.1,340.2
2535,2025-01-03,Customer 029,West,Office Supplies,Pen Set,1,18.0,0.0,18.0
2536,2025-01-04,Customer 057,South,Office Supplies,Pen Set,3,18.0,0.1,48.6
2537,2025-01-04,Customer 006,East,Office Supplies,Printer Paper,1,32.0,0.15,27.2
2538,2025-01-04,Customer 054,East,Technology,Keyboard,3,89.0,0.15,226.95
2539,2025-01-05,Customer 058,South,Furniture,Filing Cabinet,2,229.0,0.0,458.0
2540,2025-01-06,Customer 037,West,Office Supplies,Printer Paper,1,32.0,0.15,27.2
2541,2025-01-06,Customer 011,East,Office Supplies,Notebook Pack,2,24.5,0.2,39.2
2542,2025-01-06,Customer 047,Central,Technology,Wireless Mouse,1,49.0,0.15,41.65
2543,2025-01-06,Customer 005,West,Office Supplies,Printer Paper,1,32.0,0.0,32.0
2544,2025-01-06,Customer 011,East,Technology,Wireless Mouse,4,49.0,0.05,186.2
2545,2025-01-06,Customer 005,South,Furniture,Ergonomic Chair,6,349.0,0.0,2094.0
2546,2025-01-06,Customer 013,South,Office Supplies,Desk Organizer,4,42.0,0.2,134.4
2547,2025-01-06,Customer 046,Central,Furniture,Ergonomic Chair,2,349.0,0.0,698.0
2548,2025-01-07,Customer 036,Central,Office Supplies,Printer Paper,1,32.0,0.0,32.0
2549,2025-01-07,Customer 053,East,Technology,Keyboard,1,89.0,0.05,84.55
2550,2025-01-07,Customer 007,Central,Furniture,Standing Desk,1,599.0,0.1,539.1
2551,2025-01-07,Customer 005,West,Office Supplies,Notebook Pack,4,24.5,0.0,98.0
2552,2025-01-07,Customer 023,Central,Technology,Wireless Mouse,1,49.0,0.05,46.55
2553,2025-01-08,Customer 045,West,Furniture,Ergonomic Chair,2,349.0,0.05,663.1
2554,2025-01-08,Customer 020,South,Technology,Laptop,4,1299.0,0.15,4416.6
2555,2025-01-08,Customer 025,Central,Furniture,Ergonomic Chair,1,349.0,0.2,279.2
2556,2025-01-08,Customer 006,West,Furniture,Bookshelf,2,189.0,0.0,378.0
2557,2025-01-08,Customer 053,Central,Office Supplies,Notebook Pack,1,24.5,0.0,24.5
2558,2025-01-08,Customer 052,Central,Technology,Laptop,2,1299.0,0.0,2598.0
2559,2025-01-08,Customer 033,West,Technology,Monitor 27in,1,329.0,0.05,312.55
2560,2025-01-08,Customer 014,South,Office Supplies,Desk Organizer,2,42.0,0.1,75.6
2561,2025-01-09,Customer 012,West,Furniture,Ergonomic Chair,3,349.0,0.0,1047.0
2562,2025-01-09,Customer 014,South,Office Supplies,Desk Organizer,1,42.0,0.05,39.9
2563,2025-01-09,Customer 040,East,Furniture,Ergonomic Chair,2,349.0,0.15,593.3
2564,2025-01-09,Customer 020,South,Furniture,Ergonomic Chair,2,349.0,0.05,663.1
2565,2025-01-09,Customer 039,East,Furniture,Standing Desk,2,599.0,0.0,1198.0
2566,2025-01-09,Customer 012,East,Technology,Keyboard,1,89.0,0.0,89.0
2567,2025-01-09,Customer 002,South,Technology,Keyboard,1,89.0,0.0,89.0
2568,2025-01-10,Customer 002,West,Office Supplies,Pen Set,1,18.0,0.0,18.0
2569,2025-01-10,Customer 016,West,Office Supplies,Pen Set,4,18.0,0.2,57.6
2570,2025-01-10,Customer 019,Central,Furniture,Standing Desk,3,599.0,0.05,1707.15
2571,2025-01-10,Customer 003,Central,Furniture,Filing Cabinet,2,229.0,0.15,389.3
2572,2025-01-10,Customer 018,East,Technology,Keyboard,3,89.0,0.0,267.0
2573,2025-01-10,Customer 053,East,Technology,Laptop,4,1299.0,0.15,4416.6
2574,2025-01-11,Customer 014,West,Technology,Wireless Mouse,3,49.0,0.0,147.0
2575,2025-01-11,Customer 056,South,Technology,Monitor 27in,2,329.0,0.1,592.2
2576,2025-01-12,Customer 041,West,Technology,Wireless Mouse,1,49.0,0.05,46.55
2577,2025-01-13,Customer 009,West,Furniture,Ergonomic Chair,1,349.0,0.0,349.0
2578,2025-01-13,Customer 006,South,Furniture,Standing Desk,2,599.0,0.1,1078.2
2579,2025-01-13,Customer 047,Central,Technology,Keyboard,2,89.0,0.0,178.0
2580,2025-01-13,Customer 016,East,Furniture,Filing Cabinet,1,229.0,0.1,206.1
2581,2025-01-13,Customer 056,South,Office Supplies,Printer Paper,2,32.0,0.0,64.0
2582,2025-01-13,Customer 011,South,Furniture,Bookshelf,4,189.0,0.05,718.2
2583,2025-01-13,Customer 010,South,Office Supplies,Printer Paper,4,32.0,0.2,102.4
2584,2025-01-13,Customer 006,East,Furniture,Filing Cabinet,4,229.0,0.2,732.8
2585,2025-01-14,Customer 025,South,Technology,Monitor 27in,1,329.0,0.0,329.0
2586,2025-01-14,Customer 036,South,Office Supplies,Printer Paper,2,32.0,0.05,60.8
2587,2025-01-14,Customer 031,Central,Furniture,Bookshelf,1,189.0,0.15,160.65
2588,2025-01-14,Customer 056,East,Furniture,Standing Desk,1,599.0,0.0,599.0
2589,2025-01-14,Customer 048,East,Office Supplies,Printer Paper,4,32.0,0.05,121.6
2590,2025-01-14,Customer 038,West,Office Supplies,Printer Paper,2,32.0,0.15,54.4
2591,2025-01-14,Customer 060,Central,Office Supplies,Notebook Pack,1,24.5,0.05,23.27
2592,2025-01-15,Customer 045,East,Office Supplies,Desk Organizer,6,42.0,0.15,214.2
2593,2025-01-15,Customer 048,Central,Technology,Laptop,4,1299.0,0.05,4936.2
2594,2025-01-15,Customer 024,West,Furniture,Filing Cabinet,1,229.0,0.2,183.2
2595,2025-01-15,Customer 030,Central,Technology,Monitor 27in,2,329.0,0.1,592.2
2596,2025-01-15,Customer 008,West,Office Supplies,Pen Set,1,18.0,0.0,18.0
2597,2025-01-15,Customer 038,West,Technology,Keyboard,4,89.0,0.15,302.6
2598,2025-01-15,Customer 054,South,Technology,Monitor 27in,4,329.0,0.0,1316.0
2599,2025-01-16,Customer 020,South,Office Supplies,Desk Organizer,4,42.0,0.1,151.2
2600,2025-01-16,Customer 037,East,Technology,Laptop,1,1299.0,0.15,1104.15
2601,2025-01-16,Customer 026,East,Furniture,Bookshelf,2,189.0,0.15,321.3
2602,2025-01-16,Customer 007,West,Furniture,Standing Desk,6,599.0,0.0,3594.0
2603,2025-01-16,Customer 019,South,Technology,Keyboard,4,89.0,0.15,302.6
2604,2025-01-16,Customer 046,Central,Furniture,Standing Desk,3,599.0,0.0,1797.0
2605,2025-01-16,Customer 008,South,Furniture,Filing Cabinet,1,229.0,0.1,206.1
2606,2025-01-16,Customer 004,Central,Technology,Monitor 27in,1,329.0,0.0,329.0
2607,2025-01-17,Customer 041,Central,Office Supplies,Printer Paper,1,32.0,0.2,25.6
2608,2025-01-17,Customer 008,East,Furniture,Bookshelf,1,189.0,0.05,179.55
2609,2025-01-17,Customer 016,South,Furniture,Bookshelf,1,189.0,0.1,170.1
2610,2025-01-17,Customer 018,West,Office Supplies,Notebook Pack,1,24.5,0.0,24.5
2611,2025-01-17,Customer 034,West,Technology,Laptop,1,1299.0,0.0,1299.0
2612,2025-01-17,Customer 049,East,Office Supplies,Desk Organizer,6,42.0,0.05,239.4
2613,2025-01-18,Customer 044,East,Technology,Keyboard,3,89.0,0.0,267.0
2614,2025-01-19,Customer 004,East,Office Supplies,Printer Paper,4,32.0,0.1,115.2
2615,2025-01-19,Customer 056,South,Office Supplies,Notebook Pack,1,24.5,0.05,23.27
2616,2025-01-19,Customer 008,East,Technology,Monitor 27in,1,329.0,0.1,296.1
2617,2025-01-19,Customer 040,South,Technology,Monitor 27in,3,329.0,0.05,937.65
2618,2025-01-19,Customer 041,East,Technology,Keyboard,2,89.0,0.0,178.0
2619,2025-01-20,Customer 048,East,Furniture,Bookshelf,1,189.0,0.2,151.2
2620,2025-01-20,Customer 032,South,Technology,Keyboard,2,89.0,0.1,160.2
2621,2025-01-20,Customer 060,South,Technology,Laptop,3,1299.0,0.05,3702.15
2622,2025-01-20,Customer 039,Central,Technology,Laptop,4,1299.0,0.0,5196.0
2623,2025-01-20,Customer 032,West,Technology,Monitor 27in,1,329.0,0.0,329.0
2624,2025-01-20,Customer 008,South,Office Supplies,Printer Paper,1,32.0,0.05,30.4
2625,2025-01-21,Customer 028,West,Furniture,Standing Desk,1,599.0,0.0,599.0
2626,2025-01-21,Customer 018,Central,Furniture,Bookshelf,4,189.0,0.2,604.8
2627,2025-01-21,Customer 008,Central,Technology,Wireless Mouse,6,49.0,0.15,249.9
2628,2025-01-21,Customer 045,East,Technology,Keyboard,1,89.0,0.2,71.2
2629,2025-01-21,Customer 059,South,Furniture,Ergonomic Chair,3,349.0,0.05,994.65
2630,2025-01-21,Customer 017,West,Technology,Keyboard,2,89.0,0.0,178.0
2631,2025-01-22,Customer 022,Central,Office Supplies,Notebook Pack,1,24.5,0.0,24.5
2632,2025-01-22,Customer 055,East,Technology,Laptop,3,1299.0,0.0,3897.0
2633,2025-01-22,Customer 038,Central,Office Supplies,Notebook Pack,2,24.5,0.0,49.0
2634,2025-01-22,Customer 024,Central,Office Supplies,Printer Paper,3,32.0,0.2,76.8
2635,2025-01-22,Customer 001,South,Technology,Monitor 27in,1,329.0,0.05,312.55
2636,2025-01-23,Customer 030,Central,Office Supplies,Pen Set,6,18.0,0.15,91.8
2637,2025-01-23,Customer 043,West,Technology,Wireless Mouse,1,49.0,0.15,41.65
2638,2025-01-23,Customer 045,West,Technology,Wireless Mouse,2,49.0,0.1,88.2
2639,2025-01-23,Customer 019,South,Office Supplies,Printer Paper,2,32.0,0.05,60.8
2640,2025-01-23,Customer 046,Central,Furniture,Bookshelf,1,189.0,0.2,151.2
2641,2025-01-24,Customer 050,Central,Technology,Monitor 27in,1,329.0,0.2,263.2
2642,2025-01-24,Customer 043,Central,Office Supplies,Printer Paper,2,32.0,0.2,51.2
2643,2025-01-24,Customer 044,South,Furniture,Filing Cabinet,3,229.0,0.05,652.65
2644,2025-01-24,Customer 034,East,Office Supplies,Printer Paper,4,32.0,0.0,128.0
2645,2025-01-24,Customer 009,East,Office Supplies,Pen Set,4,18.0,0.0,72.0
2646,2025-01-24,Customer 042,Central,Technology,Laptop,2,1299.0,0.05,2468.1
2647,2025-01-24,Customer 031,East,Technology,Monitor 27in,6,329.0,0.15,1677.9
2648,2025-01-24,Customer 048,Central,Furniture,Standing Desk,2,599.0,0.2,958.4
2649,2025-01-24,Customer 055,West,Technology,Laptop,3,1299.0,0.15,3312.45
2650,2025-01-25,Customer 054,Central,Furniture,Filing Cabinet,4,229.0,0.15,778.6
2651,2025-01-26,Customer 012,West,Furniture,Ergonomic Chair,3,349.0,0.05,994.65
2652,2025-01-27,Customer 047,South,Office Supplies,Printer Paper,1,32.0,0.15,27.2
2653,2025-01-27,Customer 026,South,Furniture,Ergonomic Chair,1,349.0,0.0,349.0
2654,2025-01-27,Customer 045,West,Office Supplies,Pen Set,4,18.0,0.2,57.6
2655,2025-01-27,Customer 042,South,Office Supplies,Printer Paper,2,32.0,0.15,54.4
2656,2025-01-27,Customer 006,West,Office Supplies,Notebook Pack,1,24.5,0.0,24.5
2657,2025-01-27,Customer 037,South,Office Supplies,Pen Set,1,18.0,0.1,16.2
2658,2025-01-27,Customer 031,South,Office Supplies,Notebook Pack,1,24.5,0.05,23.27
2659,2025-01-28,Customer 005,Central,Office Supplies,Pen Set,1,18.0,0.0,18.0
2660,2025-01-28,Customer 053,South,Office Supplies,Notebook Pack,4,24.5,0.1,88.2
2661,2025-01-28,Customer 058,West,Furniture,Ergonomic Chair,2,349.0,0.15,593.3
2662,2025-01-28,Customer 029,East,Furniture,Standing Desk,1,599.0,0.1,539.1
2663,2025-01-28,Customer 014,Central,Furniture,Ergonomic Chair,1,349.0,0.1,314.1
2664,2025-01-28,Customer 008,East,Furniture,Bookshelf,1,189.0,0.0,189.0
2665,2025-01-28,Customer 001,Central,Office Supplies,Pen Set,4,18.0,0.15,61.2
2666,2025-01-29,Customer 037,South,Technology,Wireless Mouse,6,49.0,0.0,294.0
2667,2025-01-29,Customer 035,Central,Technology,Wireless Mouse,3,49.0,0.1,132.3
2668,2025-01-29,Customer 003,Central,Technology,Laptop,1,1299.0,0.0,1299.0
2669,2025-01-29,Customer 039,Central,Furniture,Bookshelf,2,189.0,0.0,378.0
2670,2025-01-29,Customer 047,South,Technology,Wireless Mouse,2,49.0,0.0,98.0
2671,2025-01-30,Customer 042,Central,Furniture,Bookshelf,2,189.0,0.05,359.1
2672,2025-01-30,Customer 044,South,Office Supplies,Printer Paper,1,32.0,0.0,32.0
2673,2025-01-30,Customer 041,East,Technology,Monitor 27in,2,329.0,0.0,658.0
2674,2025-01-30,Customer 043,Central,Technology,Monitor 27in,3,329.0,0.1,888.3
2675,2025-01-30,Customer 028,South,Office Supplies,Pen Set,3,18.0,0.2,43.2
2676,2025-01-30,Customer 008,West,Furniture,Standing Desk,1,599.0,0.0,599.0
2677,2025-01-30,Customer 041,West,Technology,Keyboard,1,89.0,0.0,89.0
2678,2025-01-30,Customer 056,Central,Office Supplies,Desk Organizer,2,42.0,0.0,84.0
2679,2025-01-30,Customer 015,South,Office Supplies,Notebook Pack,1,24.5,0.05,23.27
2680,2025-01-30,Customer 047,East,Furniture,Ergonomic Chair,1,349.0,0.1,314.1
2681,2025-01-31,Customer 018,West,Furniture,Bookshelf,2,189.0,0.1,340.2
2682,2025-01-31,Customer 025,Central,Furniture,Standing Desk,3,599.0,0.2,1437.6
2683,2025-01-31,Customer 009,East,Office Supplies,Printer Paper,6,32.0,0.1,172.8
2684,2025-01-31,Customer 025,East,Furniture,Standing Desk,1,599.0,0.0,599.0
2685,2025-02-01,Customer 039,South,Furniture,Bookshelf,2,189.0,0.15,321.3
2686,2025-02-02,Customer 028,Central,Office Supplies,Printer Paper,2,32.0,0.0,64.0
2687,2025-02-02,Customer 050,East,Office Supplies,Notebook Pack,2,24.5,0.05,46.55
2688,2025-02-03,Customer 016,West,Furniture,Ergonomic Chair,1,349.0,0.15,296.65
2689,2025-02-03,Customer 019,South,Furniture,Ergonomic Chair,1,349.0,0.15,296.65
2690,2025-02-03,Customer 032,West,Furniture,Filing Cabinet,1,229.0,0.05,217.55
2691,2025-02-03,Customer 048,West,Office Supplies,Notebook Pack,2,24.5,0.2,39.2
2692,2025-02-03,Customer 048,West,Technology,Keyboard,3,89.0,0.0,267.0
2693,2025-02-04,Customer 024,Central,Technology,Monitor 27in,1,329.0,0.0,329.0
2694,2025-02-04,Customer 032,South,Technology,Wireless Mouse,1,49.0,0.05,46.55
2695,2025-02-04,Customer 059,Central,Furniture,Bookshelf,1,189.0,0.0,189.0
2696,2025-02-05,Customer 031,East,Technology,Laptop,2,1299.0,0.0,2598.0
2697,2025-02-05,Customer 041,South,Office Supplies,Pen Set,1,18.0,0.15,15.3
2698,2025-02-05,Customer 058,South,Furniture,Bookshelf,1,189.0,0.05,179.55
2699,2025-02-05,Customer 030,East,Furniture,Bookshelf,1,189.0,0.1,170.1
2700,2025-02-06,Customer 001,West,Office Supplies,Pen Set,4,18.0,0.0,72.0
2701,2025-02-06,Customer 034,Central,Office Supplies,Printer Paper,2,32.0,0.0,64.0
2702,2025-02-06,Customer 010,East,Office Supplies,Notebook Pack,6,24.5,0.0,147.0
2703,2025-02-06,Customer 020,East,Furniture,Filing Cabinet,4,229.0,0.0,916.0
2704,2025-02-06,Customer 029,South,Office Supplies,Pen Set,2,18.0,0.0,36.0
2705,2025-02-06,Customer 028,West,Furniture,Standing Desk,3,599.0,0.15,1527.45
2706,2025-02-07,Customer 019,West,Office Supplies,Pen Set,1,18.0,0.0,18.0
2707,2025-02-07,Customer 022,West,Furniture,Filing Cabinet,4,229.0,0.15,778.6
2708,2025-02-07,Customer 018,West,Furniture,Standing Desk,6,599.0,0.15,3054.9
2709,2025-02-07,Customer 044,Central,Office Supplies,Printer Paper,6,32.0,0.2,153.6
2710,2025-02-07,Customer 008,West,Office Supplies,Printer Paper,4,32.0,0.0,128.0
2711,2025-02-07,Customer 033,West,Furniture,Standing Desk,1,599.0,0.0,599.0
2712,2025-02-07,Customer 054,East,Technology,Monitor 27in,1,329.0,0.15,279.65
2713,2025-02-08,Customer 019,South,Furniture,Filing Cabinet,6,229.0,0.0,1374.0
2714,2025-02-09,Customer 010,Central,Furniture,Filing Cabinet,2,229.0,0.1,412.2
2715,2025-02-09,Customer 017,Central,Furniture,Bookshelf,1,189.0,0.2,151.2
2716,2025-02-09,Customer 046,West,Technology,Keyboard,2,89.0,0.05,169.1
2717,2025-02-10,Customer 008,Central,Furniture,Standing Desk,1,599.0,0.0,599.0
2718,2025-02-10,Customer 060,Central,Office Supplies,Notebook Pack,2,24.5,0.0,49.0
2719,2025-02-10,Customer 056,West,Office Supplies,Notebook Pack,2,24.5,0.0,49.0
2720,2025-02-10,Customer 041,Central,Office Supplies,Printer Paper,2,32.0,0.15,54.4
2721,2025-02-10,Customer 004,South,Furniture,Bookshelf,4,189.0,0.05,718.2
2722,2025-02-10,Customer 018,East,Technology,Laptop,2,1299.0,0.0,2598.0
2723,2025-02-11,Customer 021,West,Office Supplies,Desk Organizer,4,42.0,0.0,168.0
2724,2025-02-11,Customer 043,East,Furniture,Ergonomic Chair,1,349.0,0.0,349.0
2725,2025-02-11,Customer 059,West,Furniture,Bookshelf,6,189.0,0.0,1134.0
2726,2025-02-11,Customer 024,East,Office Supplies,Pen Set,2,18.0,0.05,34.2
2727,2025-02-12,Customer 048,East,Furniture,Standing Desk,3,599.0,0.0,1797.0
2728,2025-02-12,Customer 018,Central,Technology,Wireless Mouse,2,49.0,0.15,83.3
2729,2025-02-12,Customer 009,West,Technology,Keyboard,1,89.0,0.0,89.0
2730,2025-02-12,Customer 029,West,Furniture,Standing Desk,2,599.0,0.15,1018.3
2731,2025-02-12,Customer 031,Central,Furniture,Bookshelf,2,189.0,0.15,321.3
2732,2025-02-12,Customer 013,South,Technology,Monitor 27in,1,329.0,0.0,329.0
2733,2025-02-13,Customer 029,West,Technology,Wireless Mouse,3,49.0,0.0,147.0
2734,2025-02-13,Customer 034,West,Office Supplies,Notebook Pack,6,24.5,0.05,139.65
2735,2025-02-13,Customer 003,West,Furniture,Bookshelf,1,189.0,0.0,189.0
2736,2025-02-13,Customer 044,West,Technology,Monitor 27in,4,329.0,0.05,1250.2
2737,2025-02-13,Customer 050,South,Furniture,Filing Cabinet,4,229.0,0.1,824.4
2738,2025-02-13,Customer 001,Central,Office Supplies,Desk Organizer,2,42.0,0.0,84.0
2739,2025-02-13,Customer 033,South,Technology,Monitor 27in,1,329.0,0.2,263.2
2740,2025-02-14,Customer 046,East,Office Supplies,Desk Organizer,2,42.0,0.0,84.0
2741,2025-02-14,Customer 003,Central,Technology,Laptop,1,1299.0,0.0,1299.0
2742,2025-02-14,Customer 060,Central,Office Supplies,Notebook Pack,1,24.5,0.0,24.5
2743,2025-02-14,Customer 014,West,Office Supplies,Notebook Pack,2,24.5,0.2,39.2
2744,2025-02-15,Customer 006,East,Furniture,Bookshelf,3,189.0,0.0,567.0
2745,2025-02-15,Customer 019,East,Technology,Monitor 27in,4,329.0,0.1,1184.4
2746,2025-02-16,Customer 018,Central,Furniture,Bookshelf,2,189.0,0.15,321.3
2747,2025-02-16,Customer 048,South,Office Supplies,Notebook Pack,1,24.5,0.15,20.82
2748,2025-02-16,Customer 029,Central,Technology,Wireless Mouse,2,49.0,0.2,78.4
2749,2025-02-16,Customer 041,South,Office Supplies,Desk Organizer,2,42.0,0.1,75.6
2750,2025-02-17,Customer 047,South,Furniture,Filing Cabinet,2,229.0,0.15,389.3
2751,2025-02-17,Customer 032,Central,Office Supplies,Pen Set,6,18.0,0.0,108.0
2752,2025-02-17,Customer 037,South,Office Supplies,Pen Set,1,18.0,0.0,18.0
2753,2025-02-17,Customer 020,Central,Technology,Monitor 27in,2,329.0,0.0,658.0
2754,2025-02-17,Customer 010,West,Furniture,Filing Cabinet,2,229.0,0.0,458.0
2755,2025-02-17,Customer 026,West,Office Supplies,Pen Set,6,18.0,0.15,91.8
2756,2025-02-18,Customer 002,West,Furniture,Ergonomic Chair,4,349.0,0.05,1326.2
2757,2025-02-18,Customer 050,West,Furniture,Ergonomic Chair,1,349.0,0.0,349.0
2758,2025-02-18,Customer 001,West,Office Supplies,Pen Set,1,18.0,0.2,14.4
2759,2025-02-18,Customer 009,South,Technology,Wireless Mouse,1,49.0,0.0,49.0
2760,2025-02-18,Customer 022,South,Technology,Keyboard,1,89.0,0.0,89.0
2761,2025-02-18,Customer 045,East,Furniture,Standing Desk,1,599.0,0.1,539.1
2762,2025-02-19,Customer 003,West,Technology,Laptop,1,1299.0,0.2,1039.2
2763,2025-02-19,Customer 057,South,Technology,Wireless Mouse,1,49.0,0.1,44.1
2764,2025-02-19,Customer 015,South,Furniture,Ergonomic Chair,2,349.0,0.0,698.0
2765,2025-02-19,Customer 019,Central,Office Supplies,Pen Set,3,18.0,0.15,45.9
2766,2025-02-19,Customer 011,West,Technology,Keyboard,1,89.0,0.05,84.55
2767,2025-02-20,Customer 022,West,Office Supplies,Desk Organizer,1,42.0,0.1,37.8
2768,2025-02-20,Customer 010,Central,Office Supplies,Notebook Pack,1,24.5,0.1,22.05
2769,2025-02-20,Customer 028,Central,Office Supplies,Desk Organizer,1,42.0,0.15,35.7
2770,2025-02-20,Customer 057,West,Technology,Wireless Mouse,2,49.0,0.0,98.0
2771,2025-02-20,Customer 052,West,Office Supplies,Printer Paper,3,32.0,0.0,96.0
2772,2025-02-20,Customer 010,South,Furniture,Standing Desk,1,599.0,0.0,599.0
2773,2025-02-20,Customer 037,South,Office Supplies,Printer Paper,1,32.0,0.0,32.0
2774,2025-02-21,Customer 021,Central,Technology,Wireless Mouse,1,49.0,0.0,49.0
2775,2025-02-21,Customer 032,South,Furniture,Filing Cabinet,3,229.0,0.0,687.0
2776,2025-02-21,Customer 052,Central,Office Supplies,Printer Paper,3,32.0,0.0,96.0
2777,2025-02-21,Customer 035,South,Office Supplies,Printer Paper,6,32.0,0.1,172.8
2778,2025-02-21,Customer 038,South,Technology,Monitor 27in,4,329.0,0.0,1316.0
2779,2025-02-21,Customer 024,West,Technology,Monitor 27in,1,329.0,0.0,329.0
2780,2025-02-21,Customer 031,Central,Furniture,Ergonomic Chair,3,349.0,0.1,942.3
2781,2025-02-21,Customer 055,Central,Furniture,Ergonomic Chair,3,349.0,0.0,1047.0
2782,2025-02-21,Customer 055,South,Office Supplies,Printer Paper,1,32.0,0.2,25.6
2783,2025-02-21,Customer 048,Central,Furniture,Standing Desk,2,599.0,0.0,1198.0
2784,2025-02-22,Customer 028,East,Furniture,Filing Cabinet,1,229.0,0.15,194.65
2785,2025-02-22,Customer 054,Central,Furniture,Ergonomic Chair,1,349.0,0.05,331.55
2786,2025-02-22,Customer 006,Central,Furniture,Standing Desk,3,599.0,0.0,1797.0
2787,2025-02-22,Customer 049,Central,Furniture,Ergonomic Chair,4,349.0,0.0,1396.0
2788,2025-02-23,Customer 027,East,Office Supplies,Pen Set,2,18.0,0.05,34.2
2789,2025-02-23,Customer 010,West,Office Supplies,Notebook Pack,2,24.5,0.0,49.0
2790,2025-02-23,Customer 011,West,Technology,Laptop,1,1299.0,0.1,1169.1
2791,2025-02-23,Customer 046,East,Office Supplies,Printer Paper,6,32.0,0.1,172.8
2792,2025-02-24,Customer 018,West,Technology,Monitor 27in,4,329.0,0.0,1316.0
2793,2025-02-24,Customer 014,South,Technology,Keyboard,1,89.0,0.15,75.65
2794,2025-02-24,Customer 012,West,Technology,Laptop,2,1299.0,0.05,2468.1
2795,2025-02-24,Customer 042,South,Technology,Keyboard,6,89.0,0.0,534.0
2796,2025-02-24,Customer 024,South,Office Supplies,Pen Set,1,18.0,0.2,14.4
2797,2025-02-24,Customer 005,East,Furniture,Bookshelf,1,189.0,0.0,189.0
2798,2025-02-24,Customer 019,Central,Technology,Wireless Mouse,1,49.0,0.0,49.0
2799,2025-02-24,Customer 039,West,Technology,Laptop,1,1299.0,0.0,1299.0
2800,2025-02-25,Customer 060,West,Office Supplies,Pen Set,2,18.0,0.15,30.6
2801,2025-02-25,Customer 037,West,Furniture,Bookshelf,1,189.0,0.1,170.1
2802,2025-02-25,Customer 021,West,Technology,Keyboard,1,89.0,0.0,89.0
2803,2025-02-25,Customer 019,South,Office Supplies,Notebook Pack,3,24.5,0.2,58.8
2804,2025-02-25,Customer 026,East,Technology,Monitor 27in,3,329.0,0.2,789.6
2805,2025-02-26,Customer 033,West,Furniture,Bookshelf,4,189.0,0.15,642.6
2806,2025-02-26,Customer 051,South,Technology,Monitor 27in,1,329.0,0.1,296.1
2807,2025-02-26,Customer 010,South,Office Supplies,Notebook Pack,2,24.5,0.0,49.0
2808,2025-02-26,Customer 052,Central,Furniture,Ergonomic Chair,2,349.0,0.0,698.0
2809,2025-02-26,Customer 051,Central,Technology,Monitor 27in,3,329.0,0.05,937.65
2810,2025-02-26,Customer 055,South,Office Supplies,Desk Organizer,3,42.0,0.1,113.4
2811,2025-02-26,Customer 040,West,Furniture,Filing Cabinet,2,229.0,0.0,458.0
2812,2025-02-26,Customer 001,Central,Furniture,Filing Cabinet,1,229.0,0.2,183.2
2813,2025-02-26,Customer 030,East,Office Supplies,Notebook Pack,6,24.5,0.0,147.0
2814,2025-02-27,Customer 018,East,Furniture,Bookshelf,1,189.0,0.0,189.0
2815,2025-02-27,Customer 046,South,Office Supplies,Notebook Pack,1,24.5,0.0,24.5
2816,2025-02-27,Customer 057,South,Office Supplies,Printer Paper,2,32.0,0.2,51.2
2817,2025-02-27,Customer 032,West,Technology,Monitor 27in,1,329.0,0.1,296.1
2818,2025-02-27,Customer 055,Central,Office Supplies,Desk Organizer,4,42.0,0.05,159.6
2819,2025-02-27,Customer 006,South,Office Supplies,Desk Organizer,3,42.0,0.0,126.0
2820,2025-02-28,Customer 051,Central,Technology,Laptop,1,1299.0,0.15,1104.15
2821,2025-02-28,Customer 007,East,Technology,Laptop,1,1299.0,0.2,1039.2
2822,2025-02-28,Customer 005,Central,Office Supplies,Pen Set,4,18.0,0.2,57.6
2823,2025-02-28,Customer 030,South,Office Supplies,Printer Paper,1,32.0,0.0,32.0
2824,2025-02-28,Customer 012,West,Technology,Keyboard,1,89.0,0.0,89.0
2825,2025-03-01,Customer 022,West,Office Supplies,Printer Paper,2,32.0,0.05,60.8
2826,2025-03-01,Customer 045,South,Office Supplies,Desk Organizer,6,42.0,0.0,252.0
2827,2025-03-02,Customer 041,Central,Technology,Monitor 27in,6,329.0,0.0,1974.0
2828,2025-03-02,Customer 060,East,Office Supplies,Notebook Pack,4,24.5,0.0,98.0
2829,2025-03-02,Customer 014,West,Office Supplies,Printer Paper,2,32.0,0.0,64.0
2830,2025-03-03,Customer 041,Central,Technology,Keyboard,2,89.0,0.0,178.0
2831,2025-03-03,Customer 026,West,Furniture,Standing Desk,1,599.0,0.0,599.0
2832,2025-03-03,Customer 014,East,Office Supplies,Printer Paper,4,32.0,0.1,115.2
2833,2025-03-03,Customer 022,East,Furniture,Ergonomic Chair,1,349.0,0.05,331.55
2834,2025-03-03,Customer 031,South,Furniture,Standing Desk,3,599.0,0.05,1707.15
2835,2025-03-03,Customer 059,South,Technology,Monitor 27in,4,329.0,0.0,1316.0
2836,2025-03-03,Customer 043,Central,Furniture,Standing Desk,1,599.0,0.15,509.15
2837,2025-03-04,Customer 058,South,Technology,Wireless Mouse,1,49.0,0.0,49.0
2838,2025-03-04,Customer 051,South,Furniture,Filing Cabinet,3,229.0,0.0,687.0
2839,2025-03-04,Customer 055,Central,Office Supplies,Notebook Pack,6,24.5,0.2,117.6
2840,2025-03-04,Customer 014,Central,Technology,Keyboard,1,89.0,0.0,89.0
2841,2025-03-05,Customer 023,Central,Office Supplies,Pen Set,4,18.0,0.0,72.0
2842,2025-03-05,Customer 024,West,Furniture,Ergonomic Chair,3,349.0,0.2,837.6
2843,2025-03-05,Customer 032,South,Office Supplies,Desk Organizer,1,42.0,0.15,35.7
2844,2025-03-05,Customer 054,South,Office Supplies,Printer Paper,3,32.0,0.0,96.0
2845,2025-03-05,Customer 030,South,Technology,Wireless Mouse,1,49.0,0.0,49.0
2846,2025-03-05,Customer 028,South,Office Supplies,Pen Set,1,18.0,0.1,16.2
2847,2025-03-05,Customer 040,West,Office Supplies,Printer Paper,2,32.0,0.15,54.4
2848,2025-03-05,Customer 002,South,Furniture,Ergonomic Chair,1,349.0,0.15,296.65
2849,2025-03-05,Customer 029,West,Furniture,Filing Cabinet,1,229.0,0.15,194.65
2850,2025-03-05,Customer 015,South,Technology,Wireless Mouse,4,49.0,0.0,196.0
2851,2025-03-06,Customer 059,South,Office Supplies,Notebook Pack,3,24.5,0.2,58.8
2852,2025-03-06,Customer 051,Central,Office Supplies,Printer Paper,1,32.0,0.0,32.0
2853,2025-03-06,Customer 017,East,Technology,Wireless Mouse,2,49.0,0.15,83.3
2854,2025-03-06,Customer 003,West,Office Supplies,Pen Set,1,18.0,0.05,17.1
2855,2025-03-06,Customer 053,East,Furniture,Standing Desk,3,599.0,0.2,1437.6
2856,2025-03-06,Customer 036,South,Office Supplies,Pen Set,4,18.0,0.0,72.0
2857,2025-03-07,Customer 060,South,Furniture,Filing Cabinet,1,229.0,0.2,183.2
2858,2025-03-07,Customer 058,East,Furniture,Filing Cabinet,1,229.0,0.05,217.55
2859,2025-03-07,Customer 007,Central,Technology,Monitor 27in,4,329.0,0.0,1316.0
2860,2025-03-07,Customer 049,East,Technology,Laptop,4,1299.0,0.2,4156.8
2861,2025-03-07,Customer 006,West,Technology,Monitor 27in,3,329.0,0.0,987.0
2862,2025-03-07,Customer 050,Central,Furniture,Filing Cabinet,1,229.0,0.15,194.65
2863,2025-03-08,Customer 047,Central,Furniture,Filing Cabinet,1,229.0,0.15,194.65
2864,2025-03-08,Customer 042,Central,Office Supplies,Desk Organizer,1,42.0,0.0,42.0
2865,2025-03-08,Customer 050,South,Office Supplies,Pen Set,2,18.0,0.15,30.6
2866,2025-03-08,Customer 060,Central,Office Supplies,Notebook Pack,2,24.5,0.0,49.0
2867,2025-03-08,Customer 030,West,Technology,Laptop,1,1299.0,0.0,1299.0
2868,2025-03-09,Customer 058,Central,Furniture,Standing Desk,2,599.0,0.0,1198.0
2869,2025-03-09,Customer 024,Central,Furniture,Ergonomic Chair,6,349.0,0.2,1675.2
2870,2025-03-09,Customer 002,South,Office Supplies,Notebook Pack,6,24.5,0.2,117.6
2871,2025-03-10,Customer 057,East,Furniture,Standing Desk,4,599.0,0.05,2276.2
2872,2025-03-10,Customer 020,West,Technology,Keyboard,1,89.0,0.0,89.0
2873,2025-03-10,Customer 023,South,Furniture,Ergonomic Chair,1,349.0,0.0,349.0
2874,2025-03-10,Customer 048,East,Technology,Laptop,1,1299.0,0.1,1169.1
2875,2025-03-10,Customer 002,Central,Furniture,Standing Desk,1,599.0,0.1,539.1
2876,2025-03-10,Customer 002,East,Furniture,Bookshelf,1,189.0,0.0,189.0
2877,2025-03-10,Customer 045,Central,Furniture,Standing Desk,1,599.0,0.15,509.15
2878,2025-03-10,Customer 006,East,Office Supplies,Desk Organizer,6,42.0,0.0,252.0
2879,2025-03-10,Customer 052,South,Technology,Wireless Mouse,6,49.0,0.15,249.9
2880,2025-03-10,Customer 012,Central,Office Supplies,Printer Paper,2,32.0,0.0,64.0
2881,2025-03-11,Customer 038,East,Technology,Wireless Mouse,4,49.0,0.0,196.0
2882,2025-03-11,Customer 057,South,Furniture,Standing Desk,6,599.0,0.05,3414.3
2883,2025-03-11,Customer 007,South,Office Supplies,Desk Organizer,3,42.0,0.1,113.4
2884,2025-03-11,Customer 058,West,Office Supplies,Pen Set,3,18.0,0.0,54.0
2885,2025-03-11,Customer 017,South,Office Supplies,Pen Set,1,18.0,0.1,16.2
2886,2025-03-11,Customer 008,Central,Office Supplies,Desk Organizer,4,42.0,0.0,168.0
2887,2025-03-11,Customer 016,West,Office Supplies,Printer Paper,1,32.0,0.0,32.0
2888,2025-03-11,Customer 050,East,Furniture,Bookshelf,3,189.0,0.0,567.0
2889,2025-03-12,Customer 037,East,Furniture,Bookshelf,2,189.0,0.05,359.1
2890,2025-03-12,Customer 039,Central,Furniture,Ergonomic Chair,4,349.0,0.0,1396.0
2891,2025-03-12,Customer 018,West,Technology,Monitor 27in,1,329.0,0.1,296.1
2892,2025-03-12,Customer 053,East,Technology,Keyboard,4,89.0,0.0,356.0
2893,2025-03-12,Customer 032,South,Furniture,Standing Desk,1,599.0,0.2,479.2
2894,2025-03-12,Customer 008,South,Furniture,Bookshelf,4,189.0,0.0,756.0
2895,2025-03-12,Customer 037,West,Furniture,Bookshelf,4,189.0,0.0,756.0
2896,2025-03-13,Customer 019,Central,Office Supplies,Notebook Pack,1,24.5,0.05,23.27
2897,2025-03-13,Customer 042,West,Office Supplies,Notebook Pack,1,24.5,0.0,24.5
2898,2025-03-13,Customer 052,South,Furniture,Filing Cabinet,1,229.0,0.2,183.2
2899,2025-03-13,Customer 049,East,Technology,Wireless Mouse,2,49.0,0.0,98.0
2900,2025-03-13,Customer 040,West,Office Supplies,Notebook Pack,3,24.5,0.05,69.83
2901,2025-03-13,Customer 055,West,Office Supplies,Desk Organizer,6,42.0,0.05,239.4
2902,2025-03-13,Customer 004,West,Office Supplies,Notebook Pack,1,24.5,0.0,24.5
2903,2025-03-14,Customer 006,Central,Technology,Keyboard,2,89.0,0.0,178.0
2904,2025-03-14,Customer 056,West,Technology,Wireless Mouse,1,49.0,0.15,41.65
2905,2025-03-14,Customer 020,West,Office Supplies,Notebook Pack,1,24.5,0.0,24.5
2906,2025-03-14,Customer 045,Central,Office Supplies,Desk Organizer,4,42.0,0.0,168.0
2907,2025-03-14,Customer 021,Central,Furniture,Filing Cabinet,1,229.0,0.0,229.0
2908,2025-03-14,Customer 008,Central,Technology,Keyboard,6,89.0,0.15,453.9
2909,2025-03-14,Customer 021,South,Technology,Keyboard,6,89.0,0.0,534.0
2910,2025-03-14,Customer 019,West,Furniture,Ergonomic Chair,2,349.0,0.2,558.4
2911,2025-03-14,Customer 005,West,Office Supplies,Pen Set,2,18.0,0.15,30.6
2912,2025-03-15,Customer 043,Central,Office Supplies,Notebook Pack,2,24.5,0.0,49.0
2913,2025-03-15,Customer 007,East,Office Supplies,Printer Paper,2,32.0,0.05,60.8
2914,2025-03-15,Customer 030,Central,Furniture,Bookshelf,2,189.0,0.15,321.3
2915,2025-03-15,Customer 059,East,Technology,Laptop,1,1299.0,0.0,1299.0
2916,2025-03-15,Customer 026,Central,Office Supplies,Printer Paper,2,32.0,0.2,51.2
2917,2025-03-15,Customer 044,East,Furniture,Bookshelf,4,189.0,0.0,756.0
2918,2025-03-16,Customer 048,West,Furniture,Standing Desk,6,599.0,0.0,3594.0
2919,2025-03-16,Customer 018,West,Furniture,Ergonomic Chair,6,349.0,0.0,2094.0
2920,2025-03-16,Customer 008,West,Office Supplies,Printer Paper,3,32.0,0.0,96.0
2921,2025-03-16,Customer 026,South,Office Supplies,Printer Paper,2,32.0,0.0,64.0
2922,2025-03-17,Customer 018,East,Technology,Wireless Mouse,1,49.0,0.05,46.55
2923,2025-03-17,Customer 060,South,Furniture,Ergonomic Chair,4,349.0,0.15,1186.6
2924,2025-03-17,Customer 012,East,Furniture,Bookshelf,2,189.0,0.05,359.1
2925,2025-03-17,Customer 044,West,Technology,Keyboard,4,89.0,0.0,356.0
2926,2025-03-17,Customer 008,West,Technology,Monitor 27in,1,329.0,0.0,329.0
2927,2025-03-17,Customer 035,West,Furniture,Bookshelf,2,189.0,0.0,378.0
2928,2025-03-18,Customer 007,Central,Technology,Keyboard,4,89.0,0.05,338.2
2929,2025-03-18,Customer 011,Central,Technology,Wireless Mouse,6,49.0,0.0,294.0
2930,2025-03-18,Customer 001,West,Office Supplies,Desk Organizer,2,42.0,0.15,71.4
2931,2025-03-18,Customer 059,Central,Furniture,Filing Cabinet,2,229.0,0.2,366.4
2932,2025-03-18,Customer 012,East,Furniture,Bookshelf,1,189.0,0.0,189.0
2933,2025-03-18,Customer 031,South,Office Supplies,Pen Set,1,18.0,0.15,15.3
2934,2025-03-19,Customer 057,West,Office Supplies,Notebook Pack,1,24.5,0.0,24.5
2935,2025-03-19,Customer 038,West,Furniture,Ergonomic Chair,3,349.0,0.05,994.65
2936,2025-03-19,Customer 003,West,Office Supplies,Pen Set,6,18.0,0.0,108.0
2937,2025-03-19,Customer 033,Central,Technology,Wireless Mouse,2,49.0,0.1,88.2
2938,2025-03-19,Customer 052,East,Furniture,Ergonomic Chair,1,349.0,0.0,349.0
2939,2025-03-19,Customer 017,South,Office Supplies,Printer Paper,3,32.0,0.1,86.4
2940,2025-03-19,Customer 053,East,Office Supplies,Desk Organizer,6,42.0,0.0,252.0
2941,2025-03-19,Customer 018,West,Office Supplies,Desk Organizer,6,42.0,0.0,252.0
2942,2025-03-19,Customer 010,East,Furniture,Filing Cabinet,2,229.0,0.15,389.3
2943,2025-03-20,Customer 048,West,Technology,Keyboard,3,89.0,0.0,267.0
2944,2025-03-20,Customer 057,South,Furniture,Filing Cabinet,1,229.0,0.0,229.0
2945,2025-03-20,Customer 023,East,Technology,Monitor 27in,2,329.0,0.15,559.3
2946,2025-03-20,Customer 013,West,Office Supplies,Printer Paper,2,32.0,0.0,64.0
2947,2025-03-20,Customer 051,South,Technology,Wireless Mouse,1,49.0,0.05,46.55
2948,2025-03-21,Customer 001,South,Technology,Wireless Mouse,2,49.0,0.0,98.0
2949,2025-03-21,Customer 010,East,Technology,Monitor 27in,6,329.0,0.15,1677.9
2950,2025-03-21,Customer 019,West,Technology,Monitor 27in,2,329.0,0.05,625.1
2951,2025-03-21,Customer 014,East,Office Supplies,Notebook Pack,6,24.5,0.0,147.0
2952,2025-03-21,Customer 020,West,Technology,Laptop,1,1299.0,0.05,1234.05
2953,2025-03-21,Customer 017,Central,Office Supplies,Desk Organizer,1,42.0,0.0,42.0
2954,2025-03-22,Customer 018,Central,Technology,Monitor 27in,1,329.0,0.15,279.65
2955,2025-03-22,Customer 059,West,Technology,Monitor 27in,4,329.0,0.1,1184.4
2956,2025-03-23,Customer 060,East,Office Supplies,Pen Set,1,18.0,0.05,17.1
2957,2025-03-23,Customer 058,West,Furniture,Filing Cabinet,4,229.0,0.05,870.2
2958,2025-03-23,Customer 037,South,Office Supplies,Desk Organizer,2,42.0,0.0,84.0
2959,2025-03-24,Customer 009,South,Technology,Monitor 27in,2,329.0,0.0,658.0
2960,2025-03-24,Customer 006,East,Technology,Monitor 27in,2,329.0,0.0,658.0
2961,2025-03-24,Customer 051,South,Technology,Keyboard,1,89.0,0.05,84.55
2962,2025-03-24,Customer 021,East,Furniture,Standing Desk,6,599.0,0.15,3054.9
2963,2025-03-24,Customer 027,South,Office Supplies,Desk Organizer,4,42.0,0.05,159.6
2964,2025-03-24,Customer 027,West,Office Supplies,Notebook Pack,1,24.5,0.2,19.6
2965,2025-03-25,Customer 033,East,Furniture,Bookshelf,2,189.0,0.1,340.2
2966,2025-03-25,Customer 055,South,Furniture,Bookshelf,1,189.0,0.2,151.2
2967,2025-03-25,Customer 052,South,Furniture,Filing Cabinet,1,229.0,0.05,217.55
2968,2025-03-25,Customer 054,West,Furniture,Ergonomic Chair,1,349.0,0.0,349.0
2969,2025-03-25,Customer 031,East,Office Supplies,Notebook Pack,2,24.5,0.1,44.1
2970,2025-03-26,Customer 010,South,Technology,Laptop,2,1299.0,0.1,2338.2
2971,2025-03-26,Customer 041,East,Furniture,Standing Desk,1,599.0,0.0,599.0
2972,2025-03-26,Customer 045,Central,Technology,Laptop,6,1299.0,0.1,7014.6
2973,2025-03-26,Customer 039,West,Furniture,Ergonomic Chair,1,349.0,0.0,349.0
2974,2025-03-26,Customer 007,South,Technology,Laptop,2,1299.0,0.0,2598.0
2975,2025-03-26,Customer 060,West,Furniture,Filing Cabinet,4,229.0,0.0,916.0
2976,2025-03-26,Customer 053,Central,Office Supplies,Printer Paper,6,32.0,0.0,192.0
2977,2025-03-27,Customer 043,West,Technology,Wireless Mouse,6,49.0,0.2,235.2
2978,2025-03-27,Customer 010,Central,Office Supplies,Pen Set,1,18.0,0.0,18.0
2979,2025-03-27,Customer 019,East,Furniture,Standing Desk,6,599.0,0.05,3414.3
2980,2025-03-27,Customer 043,East,Technology,Laptop,6,1299.0,0.0,7794.0
2981,2025-03-27,Customer 027,South,Office Supplies,Printer Paper,1,32.0,0.05,30.4
2982,2025-03-27,Customer 008,South,Furniture,Ergonomic Chair,2,349.0,0.05,663.1
2983,2025-03-28,Customer 009,South,Technology,Keyboard,1,89.0,0.0,89.0
2984,2025-03-28,Customer 011,East,Technology,Keyboard,2,89.0,0.0,178.0
2985,2025-03-28,Customer 034,South,Technology,Monitor 27in,3,329.0,0.15,838.95
2986,2025-03-28,Customer 010,East,Technology,Laptop,1,1299.0,0.15,1104.15
2987,2025-03-28,Customer 055,Central,Technology,Wireless Mouse,6,49.0,0.15,249.9
2988,2025-03-28,Customer 059,South,Office Supplies,Desk Organizer,4,42.0,0.0,168.0
2989,2025-03-28,Customer 046,East,Office Supplies,Printer Paper,1,32.0,0.1,28.8
2990,2025-03-28,Customer 040,South,Furniture,Bookshelf,3,189.0,0.1,510.3
2991,2025-03-29,Customer 047,Central,Furniture,Ergonomic Chair,1,349.0,0.2,279.2
2992,2025-03-29,Customer 060,South,Furniture,Ergonomic Chair,1,349.0,0.05,331.55
2993,2025-03-30,Customer 047,South,Technology,Monitor 27in,1,329.0,0.0,329.0
2994,2025-03-30,Customer 017,West,Office Supplies,Notebook Pack,1,24.5,0.1,22.05
2995,2025-03-31,Customer 024,West,Furniture,Ergonomic Chair,6,349.0,0.2,1675.2
2996,2025-03-31,Customer 029,South,Furniture,Bookshelf,1,189.0,0.15,160.65
2997,2025-03-31,Customer 032,South,Furniture,Standing Desk,2,599.0,0.0,1198.0
2998,2025-03-31,Customer 048,Central,Technology,Wireless Mouse,2,49.0,0.0,98.0
2999,2025-03-31,Customer 002,West,Office Supplies,Pen Set,1,18.0,0.1,16.2
3000,2025-03-31,Customer 024,South,Furniture,Ergonomic Chair,1,349.0,0.0,349.0
3001,2025-03-31,Customer 044,South,Technology,Laptop,3,1299.0,0.0,3897.0
3002,2025-04-01,Customer 058,Central,Office Supplies,Desk Organizer,3,42.0,0.1,113.4
3003,2025-04-01,Customer 025,West,Furniture,Filing Cabinet,4,229.0,0.15,778.6
3004,2025-04-01,Customer 034,East,Technology,Laptop,1,1299.0,0.2,1039.2
3005,2025-04-01,Customer 004,East,Furniture,Ergonomic Chair,6,349.0,0.0,2094.0
3006,2025-04-01,Customer 017,South,Furniture,Standing Desk,2,599.0,0.2,958.4
3007,2025-04-01,Customer 056,Central,Technology,Wireless Mouse,1,49.0,0.2,39.2
3008,2025-04-01,Customer 034,East,Office Supplies,Notebook Pack,2,24.5,0.2,39.2
3009,2025-04-02,Customer 031,East,Office Supplies,Notebook Pack,1,24.5,0.1,22.05
3010,2025-04-02,Customer 027,East,Technology,Laptop,1,1299.0,0.0,1299.0
3011,2025-04-02,Customer 014,East,Furniture,Bookshelf,1,189.0,0.0,189.0
3012,2025-04-02,Customer 005,West,Technology,Laptop,2,1299.0,0.05,2468.1
3013,2025-04-02,Customer 048,West,Office Supplies,Notebook Pack,4,24.5,0.1,88.2
3014,2025-04-02,Customer 047,West,Technology,Keyboard,1,89.0,0.0,89.0
3015,2025-04-02,Customer 015,East,Furniture,Ergonomic Chair,6,349.0,0.1,1884.6
3016,2025-04-03,Customer 050,Central,Furniture,Ergonomic Chair,1,349.0,0.0,349.0
3017,2025-04-03,Customer 031,West,Technology,Keyboard,1,89.0,0.1,80.1
3018,2025-04-03,Customer 045,South,Office Supplies,Printer Paper,1,32.0,0.05,30.4
3019,2025-04-03,Customer 008,East,Technology,Monitor 27in,1,329.0,0.05,312.55
3020,2025-04-03,Customer 059,West,Office Supplies,Pen Set,3,18.0,0.05,51.3
3021,2025-04-04,Customer 001,Central,Furniture,Standing Desk,1,599.0,0.1,539.1
3022,2025-04-04,Customer 047,Central,Office Supplies,Notebook Pack,1,24.5,0.2,19.6
3023,2025-04-04,Customer 029,Central,Furniture,Ergonomic Chair,1,349.0,0.0,349.0
3024,2025-04-04,Customer 039,Central,Office Supplies,Notebook Pack,3,24.5,0.0,73.5
3025,2025-04-04,Customer 043,West,Office Supplies,Pen Set,4,18.0,0.05,68.4
3026,2025-04-04,Customer 035,Central,Technology,Laptop,1,1299.0,0.0,1299.0
3027,2025-04-04,Customer 046,East,Office Supplies,Desk Organizer,2,42.0,0.05,79.8
3028,2025-04-05,Customer 045,West,Office Supplies,Pen Set,2,18.0,0.0,36.0
3029,2025-04-05,Customer 040,South,Furniture,Bookshelf,4,189.0,0.15,642.6
3030,2025-04-05,Customer 054,Central,Office Supplies,Notebook Pack,2,24.5,0.0,49.0
3031,2025-04-05,Customer 047,Central,Office Supplies,Pen Set,1,18.0,0.0,18.0
3032,2025-04-05,Customer 049,South,Furniture,Standing Desk,6,599.0,0.15,3054.9
3033,2025-04-06,Customer 003,East,Furniture,Ergonomic Chair,6,349.0,0.2,1675.2
3034,2025-04-07,Customer 040,South,Furniture,Ergonomic Chair,2,349.0,0.2,558.4
3035,2025-04-07,Customer 029,West,Office Supplies,Notebook Pack,4,24.5,0.05,93.1
3036,2025-04-07,Customer 043,South,Furniture,Standing Desk,4,599.0,0.0,2396.0
3037,2025-04-07,Customer 035,East,Technology,Laptop,2,1299.0,0.0,2598.0
3038,2025-04-07,Customer 049,Central,Furniture,Bookshelf,2,189.0,0.2,302.4
3039,2025-04-07,Customer 028,West,Furniture,Bookshelf,4,189.0,0.2,604.8
3040,2025-04-08,Customer 035,South,Furniture,Filing Cabinet,2,229.0,0.2,366.4
3041,2025-04-08,Customer 030,Central,Office Supplies,Desk Organizer,1,42.0,0.05,39.9
3042,2025-04-08,Customer 044,East,Furniture,Ergonomic Chair,2,349.0,0.2,558.4
3043,2025-04-08,Customer 037,South,Furniture,Standing Desk,2,599.0,0.0,1198.0
3044,2025-04-08,Customer 043,East,Furniture,Bookshelf,3,189.0,0.0,567.0
3045,2025-04-08,Customer 037,East,Technology,Laptop,1,1299.0,0.0,1299.0
3046,2025-04-08,Customer 002,South,Office Supplies,Pen Set,6,18.0,0.05,102.6
3047,2025-04-08,Customer 031,Central,Furniture,Filing Cabinet,1,229.0,0.0,229.0
3048,2025-04-09,Customer 029,Central,Furniture,Bookshelf,3,189.0,0.0,567.0
3049,2025-04-09,Customer 032,Central,Office Supplies,Desk Organizer,2,42.0,0.2,67.2
3050,2025-04-09,Customer 040,West,Furniture,Standing Desk,1,599.0,0.2,479.2
3051,2025-04-09,Customer 044,South,Furniture,Ergonomic Chair,1,349.0,0.0,349.0
3052,2025-04-09,Customer 046,Central,Technology,Wireless Mouse,1,49.0,0.1,44.1
3053,2025-04-10,Customer 044,East,Furniture,Bookshelf,2,189.0,0.0,378.0
3054,2025-04-10,Customer 007,West,Technology,Laptop,2,1299.0,0.0,2598.0
3055,2025-04-10,Customer 005,Central,Technology,Keyboard,1,89.0,0.1,80.1
3056,2025-04-10,Customer 053,South,Furniture,Bookshelf,3,189.0,0.2,453.6
3057,2025-04-10,Customer 002,East,Furniture,Filing Cabinet,2,229.0,0.0,458.0
3058,2025-04-10,Customer 058,East,Technology,Wireless Mouse,3,49.0,0.05,139.65
3059,2025-04-10,Customer 024,West,Office Supplies,Desk Organizer,1,42.0,0.0,42.0
3060,2025-04-11,Customer 014,East,Technology,Laptop,1,1299.0,0.1,1169.1
3061,2025-04-11,Customer 054,West,Technology,Wireless Mouse,2,49.0,0.05,93.1
3062,2025-04-11,Customer 042,West,Technology,Monitor 27in,4,329.0,0.2,1052.8
3063,2025-04-11,Customer 047,West,Furniture,Standing Desk,4,599.0,0.1,2156.4
3064,2025-04-11,Customer 034,South,Technology,Laptop,6,1299.0,0.15,6624.9
3065,2025-04-11,Customer 037,East,Office Supplies,Desk Organizer,2,42.0,0.2,67.2
3066,2025-04-12,Customer 050,East,Furniture,Bookshelf,2,189.0,0.2,302.4
3067,2025-04-12,Customer 008,Central,Furniture,Filing Cabinet,3,229.0,0.15,583.95
3068,2025-04-12,Customer 023,West,Office Supplies,Printer Paper,3,32.0,0.0,96.0
3069,2025-04-13,Customer 027,Central,Technology,Monitor 27in,6,329.0,0.2,1579.2
3070,2025-04-13,Customer 059,South,Technology,Monitor 27in,2,329.0,0.2,526.4
3071,2025-04-13,Customer 019,East,Technology,Monitor 27in,2,329.0,0.2,526.4
3072,2025-04-13,Customer 027,Central,Office Supplies,Notebook Pack,1,24.5,0.05,23.27
3073,2025-04-14,Customer 057,South,Technology,Keyboard,2,89.0,0.0,178.0
3074,2025-04-14,Customer 017,South,Furniture,Standing Desk,1,599.0,0.05,569.05
3075,2025-04-14,Customer 003,South,Technology,Laptop,1,1299.0,0.2,1039.2
3076,2025-04-14,Customer 033,South,Furniture,Standing Desk,1,599.0,0.0,599.0
3077,2025-04-14,Customer 045,Central,Office Supplies,Desk Organizer,1,42.0,0.05,39.9
3078,2025-04-15,Customer 048,East,Office Supplies,Notebook Pack,1,24.5,0.0,24.5
3079,2025-04-15,Customer 054,South,Office Supplies,Printer Paper,6,32.0,0.15,163.2
3080,2025-04-15,Customer 012,West,Office Supplies,Printer Paper,1,32.0,0.15,27.2
3081,2025-04-15,Customer 042,South,Furniture,Ergonomic Chair,3,349.0,0.15,889.95
3082,2025-04-15,Customer 033,East,Office Supplies,Desk Organizer,6,42.0,0.0,252.0
3083,2025-04-15,Customer 022,West,Furniture,Standing Desk,2,599.0,0.05,1138.1
3084,2025-04-16,Customer 025,East,Technology,Keyboard,2,89.0,0.0,178.0
3085,2025-04-16,Customer 048,Central,Furniture,Standing Desk,1,599.0,0.2,479.2
3086,2025-04-16,Customer 023,East,Office Supplies,Desk Organizer,3,42.0,0.0,126.0
3087,2025-04-16,Customer 032,South,Furniture,Ergonomic Chair,2,349.0,0.0,698.0
3088,2025-04-16,Customer 039,West,Furniture,Standing Desk,2,599.0,0.0,1198.0
3089,2025-04-16,Customer 014,Central,Furniture,Bookshelf,1,189.0,0.0,189.0
3090,2025-04-17,Customer 054,West,Technology,Monitor 27in,1,329.0,0.05,312.55
3091,2025-04-17,Customer 028,South,Office Supplies,Pen Set,2,18.0,0.1,32.4
3092,2025-04-17,Customer 059,West,Technology,Monitor 27in,6,329.0,0.0,1974.0
3093,2025-04-17,Customer 032,East,Technology,Laptop,6,1299.0,0.05,7404.3
3094,2025-04-17,Customer 043,West,Furniture,Standing Desk,2,599.0,0.15,1018.3
3095,2025-04-17,Customer 005,East,Office Supplies,Notebook Pack,2,24.5,0.15,41.65
3096,2025-04-17,Customer 041,West,Furniture,Bookshelf,2,189.0,0.05,359.1
3097,2025-04-17,Customer 007,East,Technology,Wireless Mouse,1,49.0,0.05,46.55
3098,2025-04-17,Customer 009,South,Furniture,Ergonomic Chair,1,349.0,0.0,349.0
3099,2025-04-17,Customer 010,South,Furniture,Standing Desk,2,599.0,0.05,1138.1
3100,2025-04-18,Customer 013,West,Furniture,Filing Cabinet,2,229.0,0.0,458.0
3101,2025-04-18,Customer 005,South,Technology,Monitor 27in,1,329.0,0.05,312.55
3102,2025-04-18,Customer 027,East,Technology,Monitor 27in,1,329.0,0.0,329.0
3103,2025-04-18,Customer 023,South,Technology,Keyboard,2,89.0,0.15,151.3
3104,2025-04-18,Customer 015,East,Technology,Monitor 27in,2,329.0,0.2,526.4
3105,2025-04-18,Customer 041,South,Technology,Keyboard,6,89.0,0.2,427.2
3106,2025-04-18,Customer 007,Central,Technology,Wireless Mouse,6,49.0,0.0,294.0
3107,2025-04-19,Customer 016,South,Office Supplies,Printer Paper,6,32.0,0.0,192.0
3108,2025-04-19,Customer 043,West,Furniture,Standing Desk,6,599.0,0.0,3594.0
3109,2025-04-19,Customer 057,South,Office Supplies,Printer Paper,1,32.0,0.2,25.6
3110,2025-04-19,Customer 019,East,Office Supplies,Printer Paper,2,32.0,0.0,64.0
3111,2025-04-19,Customer 036,East,Technology,Monitor 27in,4,329.0,0.0,1316.0
3112,2025-04-20,Customer 052,South,Office Supplies,Desk Organizer,4,42.0,0.05,159.6
3113,2025-04-20,Customer 018,South,Office Supplies,Printer Paper,2,32.0,0.0,64.0
3114,2025-04-20,Customer 053,West,Technology,Monitor 27in,3,329.0,0.15,838.95
3115,2025-04-20,Customer 037,Central,Office Supplies,Printer Paper,4,32.0,0.0,128.0
3116,2025-04-21,Customer 035,West,Furniture,Bookshelf,1,189.0,0.1,170.1
3117,2025-04-21,Customer 050,East,Technology,Laptop,4,1299.0,0.0,5196.0
3118,2025-04-21,Customer 014,East,Office Supplies,Notebook Pack,1,24.5,0.1,22.05
3119,2025-04-21,Customer 035,South,Technology,Monitor 27in,1,329.0,0.2,263.2
3120,2025-04-22,Customer 011,East,Technology,Monitor 27in,2,329.0,0.2,526.4
3121,2025-04-22,Customer 047,Central,Office Supplies,Printer Paper,2,32.0,0.1,57.6
3122,2025-04-22,Customer 034,West,Furniture,Ergonomic Chair,1,349.0,0.2,279.2
3123,2025-04-22,Customer 011,East,Technology,Keyboard,6,89.0,0.0,534.0
3124,2025-04-22,Customer 050,Central,Office Supplies,Notebook Pack,2,24.5,0.15,41.65
3125,2025-04-22,Customer 051,South,Furniture,Bookshelf,1,189.0,0.2,151.2
3126,2025-04-23,Customer 005,South,Technology,Wireless Mouse,1,49.0,0.0,49.0
3127,2025-04-23,Customer 048,South,Furniture,Ergonomic Chair,1,349.0,0.0,349.0
3128,2025-04-23,Customer 033,West,Furniture,Bookshelf,3,189.0,0.05,538.65
3129,2025-04-23,Customer 007,East,Office Supplies,Desk Organizer,6,42.0,0.0,252.0
3130,2025-04-23,Customer 028,West,Technology,Keyboard,4,89.0,0.0,356.0
3131,2025-04-23,Customer 019,Central,Furniture,Filing Cabinet,2,229.0,0.05,435.1
3132,2025-04-24,Customer 026,East,Office Supplies,Notebook Pack,6,24.5,0.15,124.95
3133,2025-04-24,Customer 037,West,Technology,Laptop,6,1299.0,0.0,7794.0
3134,2025-04-24,Customer 031,West,Office Supplies,Pen Set,6,18.0,0.0,108.0
3135,2025-04-24,Customer 052,West,Technology,Wireless Mouse,3,49.0,0.0,147.0
3136,2025-04-24,Customer 032,Central,Furniture,Standing Desk,2,599.0,0.2,958.4
3137,2025-04-24,Customer 054,South,Furniture,Standing Desk,4,599.0,0.1,2156.4
3138,2025-04-25,Customer 027,East,Furniture,Ergonomic Chair,6,349.0,0.0,2094.0
3139,2025-04-25,Customer 021,South,Technology,Wireless Mouse,1,49.0,0.0,49.0
3140,2025-04-25,Customer 036,South,Furniture,Bookshelf,2,189.0,0.2,302.4
3141,2025-04-25,Customer 016,East,Technology,Keyboard,3,89.0,0.15,226.95
3142,2025-04-26,Customer 028,West,Office Supplies,Printer Paper,1,32.0,0.0,32.0
3143,2025-04-26,Customer 034,West,Office Supplies,Pen Set,1,18.0,0.0,18.0
3144,2025-04-27,Customer 011,South,Furniture,Ergonomic Chair,4,349.0,0.05,1326.2
3145,2025-04-27,Customer 019,West,Furniture,Filing Cabinet,4,229.0,0.0,916.0
3146,2025-04-27,Customer 021,East,Office Supplies,Desk Organizer,2,42.0,0.1,75.6
3147,2025-04-28,Customer 034,Central,Technology,Monitor 27in,1,329.0,0.0,329.0
3148,2025-04-28,Customer 030,Central,Technology,Wireless Mouse,2,49.0,0.05,93.1
3149,2025-04-28,Customer 046,South,Office Supplies,Pen Set,1,18.0,0.1,16.2
3150,2025-04-28,Customer 010,South,Furniture,Bookshelf,4,189.0,0.0,756.0
3151,2025-04-28,Customer 013,Central,Furniture,Ergonomic Chair,2,349.0,0.15,593.3
3152,2025-04-28,Customer 007,West,Technology,Laptop,6,1299.0,0.0,7794.0
3153,2025-04-28,Customer 023,Central,Technology,Keyboard,1,89.0,0.0,89.0
3154,2025-04-28,Customer 019,South,Office Supplies,Notebook Pack,2,24.5,0.0,49.0
3155,2025-04-29,Customer 035,Central,Technology,Keyboard,2,89.0,0.1,160.2
3156,2025-04-29,Customer 014,East,Furniture,Standing Desk,1,599.0,0.15,509.15
3157,2025-04-29,Customer 052,South,Furniture,Bookshelf,1,189.0,0.0,189.0
3158,2025-04-29,Customer 011,West,Office Supplies,Desk Organizer,6,42.0,0.0,252.0
3159,2025-04-29,Customer 040,Central,Furniture,Standing Desk,1,599.0,0.2,479.2
3160,2025-04-30,Customer 001,East,Furniture,Standing Desk,6,599.0,0.2,2875.2
3161,2025-04-30,Customer 052,South,Furniture,Ergonomic Chair,1,349.0,0.1,314.1
3162,2025-04-30,Customer 033,West,Office Supplies,Printer Paper,3,32.0,0.0,96.0
3163,2025-04-30,Customer 025,South,Furniture,Filing Cabinet,4,229.0,0.2,732.8
3164,2025-04-30,Customer 006,Central,Office Supplies,Desk Organizer,3,42.0,0.1,113.4
3165,2025-04-30,Customer 028,South,Furniture,Bookshelf,1,189.0,0.2,151.2
3166,2025-05-01,Customer 023,Central,Technology,Laptop,4,1299.0,0.15,4416.6
3167,2025-05-01,Customer 043,East,Furniture,Bookshelf,6,189.0,0.2,907.2
3168,2025-05-01,Customer 036,Central,Technology,Keyboard,2,89.0,0.1,160.2
3169,2025-05-01,Customer 001,Central,Office Supplies,Desk Organizer,1,42.0,0.15,35.7
3170,2025-05-02,Customer 038,East,Office Supplies,Desk Organizer,2,42.0,0.0,84.0
3171,2025-05-02,Customer 033,West,Office Supplies,Notebook Pack,3,24.5,0.0,73.5
3172,2025-05-02,Customer 018,South,Technology,Wireless Mouse,1,49.0,0.15,41.65
3173,2025-05-02,Customer 041,West,Office Supplies,Notebook Pack,2,24.5,0.0,49.0
3174,2025-05-02,Customer 041,South,Technology,Laptop,6,1299.0,0.1,7014.6
3175,2025-05-02,Customer 056,West,Office Supplies,Pen Set,6,18.0,0.15,91.8
3176,2025-05-02,Customer 058,Central,Furniture,Bookshelf,1,189.0,0.1,170.1
3177,2025-05-03,Customer 055,West,Furniture,Ergonomic Chair,4,349.0,0.2,1116.8
3178,2025-05-03,Customer 007,East,Furniture,Filing Cabinet,1,229.0,0.0,229.0
3179,2025-05-04,Customer 044,East,Furniture,Ergonomic Chair,3,349.0,0.2,837.6
3180,2025-05-05,Customer 026,South,Technology,Wireless Mouse,1,49.0,0.15,41.65
3181,2025-05-05,Customer 053,Central,Technology,Laptop,1,1299.0,0.0,1299.0
3182,2025-05-05,Customer 029,West,Technology,Wireless Mouse,1,49.0,0.0,49.0
3183,2025-05-05,Customer 041,West,Office Supplies,Pen Set,4,18.0,0.0,72.0
3184,2025-05-05,Customer 022,South,Office Supplies,Desk Organizer,3,42.0,0.0,126.0
3185,2025-05-05,Customer 008,West,Technology,Laptop,6,1299.0,0.0,7794.0
3186,2025-05-05,Customer 038,West,Furniture,Ergonomic Chair,1,349.0,0.0,349.0
3187,2025-05-06,Customer 024,South,Furniture,Ergonomic Chair,2,349.0,0.15,593.3
3188,2025-05-06,Customer 044,Central,Furniture,Standing Desk,2,599.0,0.2,958.4
3189,2025-05-06,Customer 025,East,Technology,Monitor 27in,2,329.0,0.0,658.0
3190,2025-05-06,Customer 021,South,Furniture,Bookshelf,1,189.0,0.1,170.1
3191,2025-05-06,Customer 012,East,Furniture,Standing Desk,2,599.0,0.0,1198.0
3192,2025-05-06,Customer 032,East,Office Supplies,Printer Paper,2,32.0,0.0,64.0
3193,2025-05-07,Customer 054,South,Technology,Keyboard,1,89.0,0.0,89.0
3194,2025-05-07,Customer 042,East,Furniture,Standing Desk,4,599.0,0.0,2396.0
3195,2025-05-07,Customer 033,Central,Furniture,Bookshelf,2,189.0,0.0,378.0
3196,2025-05-07,Customer 003,West,Office Supplies,Pen Set,6,18.0,0.0,108.0
3197,2025-05-07,Customer 030,East,Technology,Monitor 27in,6,329.0,0.0,1974.0
3198,2025-05-08,Customer 045,West,Office Supplies,Printer Paper,1,32.0,0.0,32.0
3199,2025-05-08,Customer 027,South,Technology,Wireless Mouse,1,49.0,0.0,49.0
3200,2025-05-08,Customer 059,East,Office Supplies,Desk Organizer,1,42.0,0.0,42.0
3201,2025-05-08,Customer 012,West,Office Supplies,Pen Set,6,18.0,0.1,97.2
3202,2025-05-08,Customer 026,South,Office Supplies,Printer Paper,4,32.0,0.15,108.8
3203,2025-05-08,Customer 022,South,Furniture,Bookshelf,3,189.0,0.1,510.3
3204,2025-05-09,Customer 050,East,Furniture,Ergonomic Chair,4,349.0,0.05,1326.2
3205,2025-05-09,Customer 033,Central,Technology,Keyboard,1,89.0,0.0,89.0
3206,2025-05-09,Customer 043,East,Office Supplies,Pen Set,1,18.0,0.0,18.0
3207,2025-05-09,Customer 050,Central,Furniture,Ergonomic Chair,2,349.0,0.2,558.4
3208,2025-05-09,Customer 030,West,Office Supplies,Printer Paper,4,32.0,0.0,128.0
3209,2025-05-09,Customer 020,East,Technology,Monitor 27in,2,329.0,0.0,658.0
3210,2025-05-10,Customer 014,South,Furniture,Standing Desk,2,599.0,0.2,958.4
3211,2025-05-11,Customer 011,East,Technology,Wireless Mouse,1,49.0,0.05,46.55
3212,2025-05-11,Customer 014,South,Furniture,Filing Cabinet,4,229.0,0.15,778.6
3213,2025-05-11,Customer 016,West,Technology,Keyboard,6,89.0,0.15,453.9
3214,2025-05-12,Customer 060,Central,Office Supplies,Pen Set,3,18.0,0.2,43.2
3215,2025-05-12,Customer 044,South,Office Supplies,Desk Organizer,2,42.0,0.2,67.2
3216,2025-05-12,Customer 032,West,Technology,Keyboard,1,89.0,0.0,89.0
3217,2025-05-12,Customer 024,East,Furniture,Standing Desk,2,599.0,0.0,1198.0
3218,2025-05-12,Customer 042,Central,Technology,Laptop,4,1299.0,0.0,5196.0
3219,2025-05-12,Customer 014,East,Furniture,Filing Cabinet,2,229.0,0.0,458.0
3220,2025-05-12,Customer 042,Central,Office Supplies,Notebook Pack,3,24.5,0.05,69.83
3221,2025-05-13,Customer 027,Central,Office Supplies,Printer Paper,1,32.0,0.0,32.0
3222,2025-05-13,Customer 052,West,Furniture,Filing Cabinet,1,229.0,0.05,217.55
3223,2025-05-13,Customer 052,West,Office Supplies,Notebook Pack,4,24.5,0.2,78.4
3224,2025-05-13,Customer 033,South,Furniture,Bookshelf,1,189.0,0.1,170.1
3225,2025-05-13,Customer 042,South,Technology,Keyboard,1,89.0,0.05,84.55
3226,2025-05-14,Customer 017,West,Office Supplies,Notebook Pack,2,24.5,0.05,46.55
3227,2025-05-14,Customer 031,East,Technology,Keyboard,3,89.0,0.2,213.6
3228,2025-05-14,Customer 012,South,Technology,Wireless Mouse,1,49.0,0.2,39.2
3229,2025-05-14,Customer 001,East,Technology,Keyboard,1,89.0,0.0,89.0
3230,2025-05-14,Customer 053,South,Technology,Wireless Mouse,2,49.0,0.1,88.2
3231,2025-05-14,Customer 003,West,Office Supplies,Notebook Pack,6,24.5,0.0,147.0
3232,2025-05-14,Customer 057,East,Office Supplies,Printer Paper,3,32.0,0.0,96.0
3233,2025-05-15,Customer 019,East,Office Supplies,Notebook Pack,2,24.5,0.0,49.0
3234,2025-05-15,Customer 020,West,Office Supplies,Notebook Pack,6,24.5,0.0,147.0
3235,2025-05-15,Customer 003,South,Technology,Laptop,3,1299.0,0.15,3312.45
3236,2025-05-15,Customer 007,Central,Furniture,Standing Desk,1,599.0,0.1,539.1
3237,2025-05-15,Customer 058,East,Technology,Monitor 27in,6,329.0,0.05,1875.3
3238,2025-05-15,Customer 058,South,Office Supplies,Printer Paper,2,32.0,0.2,51.2
3239,2025-05-15,Customer 003,Central,Furniture,Ergonomic Chair,3,349.0,0.0,1047.0
3240,2025-05-16,Customer 047,West,Technology,Laptop,4,1299.0,0.1,4676.4
3241,2025-05-16,Customer 002,Central,Office Supplies,Desk Organizer,4,42.0,0.05,159.6
3242,2025-05-16,Customer 059,South,Technology,Wireless Mouse,1,49.0,0.2,39.2
3243,2025-05-16,Customer 040,Central,Furniture,Standing Desk,2,599.0,0.0,1198.0
3244,2025-05-16,Customer 031,Central,Technology,Laptop,3,1299.0,0.1,3507.3
3245,2025-05-16,Customer 033,West,Office Supplies,Desk Organizer,1,42.0,0.0,42.0
3246,2025-05-16,Customer 019,East,Technology,Keyboard,1,89.0,0.15,75.65
3247,2025-05-16,Customer 051,South,Furniture,Filing Cabinet,2,229.0,0.0,458.0
3248,2025-05-17,Customer 015,West,Office Supplies,Desk Organizer,1,42.0,0.0,42.0
3249,2025-05-17,Customer 040,East,Technology,Wireless Mouse,2,49.0,0.0,98.0
3250,2025-05-18,Customer 039,East,Technology,Keyboard,4,89.0,0.15,302.6
3251,2025-05-19,Customer 021,East,Technology,Laptop,3,1299.0,0.0,3897.0
3252,2025-05-19,Customer 048,South,Office Supplies,Pen Set,6,18.0,0.2,86.4
3253,2025-05-19,Customer 026,West,Furniture,Standing Desk,4,599.0,0.0,2396.0
3254,2025-05-19,Customer 023,West,Technology,Laptop,6,1299.0,0.1,7014.6
3255,2025-05-19,Customer 049,East,Furniture,Bookshelf,2,189.0,0.0,378.0
3256,2025-05-20,Customer 040,Central,Office Supplies,Printer Paper,1,32.0,0.0,32.0
3257,2025-05-20,Customer 049,West,Technology,Wireless Mouse,4,49.0,0.05,186.2
3258,2025-05-20,Customer 059,Central,Office Supplies,Printer Paper,2,32.0,0.05,60.8
3259,2025-05-20,Customer 014,Central,Office Supplies,Notebook Pack,1,24.5,0.05,23.27
3260,2025-05-20,Customer 011,South,Furniture,Bookshelf,1,189.0,0.2,151.2
3261,2025-05-20,Customer 014,South,Technology,Keyboard,3,89.0,0.2,213.6
3262,2025-05-21,Customer 035,South,Office Supplies,Notebook Pack,3,24.5,0.1,66.15
3263,2025-05-21,Customer 030,East,Furniture,Filing Cabinet,6,229.0,0.2,1099.2
3264,2025-05-21,Customer 019,West,Office Supplies,Pen Set,1,18.0,0.05,17.1
3265,2025-05-21,Customer 012,West,Technology,Wireless Mouse,6,49.0,0.15,249.9
3266,2025-05-21,Customer 013,West,Office Supplies,Printer Paper,4,32.0,0.05,121.6
3267,2025-05-21,Customer 040,West,Technology,Monitor 27in,1,329.0,0.1,296.1
3268,2025-05-21,Customer 040,Central,Technology,Keyboard,1,89.0,0.0,89.0
3269,2025-05-21,Customer 002,South,Furniture,Filing Cabinet,1,229.0,0.0,229.0
3270,2025-05-22,Customer 024,Central,Technology,Monitor 27in,1,329.0,0.05,312.55
3271,2025-05-22,Customer 009,East,Furniture,Filing Cabinet,2,229.0,0.0,458.0
3272,2025-05-22,Customer 030,South,Furniture,Ergonomic Chair,2,349.0,0.1,628.2
3273,2025-05-22,Customer 012,South,Furniture,Filing Cabinet,2,229.0,0.2,366.4
3274,2025-05-22,Customer 059,Central,Technology,Laptop,3,1299.0,0.2,3117.6
3275,2025-05-22,Customer 048,West,Furniture,Filing Cabinet,1,229.0,0.0,229.0
3276,2025-05-23,Customer 051,South,Technology,Keyboard,4,89.0,0.0,356.0
3277,2025-05-23,Customer 031,West,Office Supplies,Notebook Pack,1,24.5,0.05,23.27
3278,2025-05-23,Customer 026,South,Office Supplies,Printer Paper,1,32.0,0.0,32.0
3279,2025-05-23,Customer 055,East,Office Supplies,Notebook Pack,1,24.5,0.0,24.5
3280,2025-05-23,Customer 027,East,Technology,Laptop,1,1299.0,0.0,1299.0
3281,2025-05-23,Customer 017,West,Furniture,Standing Desk,6,599.0,0.0,3594.0
3282,2025-05-24,Customer 032,Central,Office Supplies,Notebook Pack,6,24.5,0.15,124.95
3283,2025-05-25,Customer 029,East,Technology,Keyboard,3,89.0,0.2,213.6
3284,2025-05-25,Customer 009,Central,Technology,Wireless Mouse,1,49.0,0.2,39.2
3285,2025-05-26,Customer 057,East,Technology,Wireless Mouse,1,49.0,0.0,49.0
3286,2025-05-26,Customer 046,Central,Technology,Wireless Mouse,2,49.0,0.0,98.0
3287,2025-05-26,Customer 029,East,Technology,Wireless Mouse,6,49.0,0.15,249.9
3288,2025-05-26,Customer 019,South,Furniture,Standing Desk,1,599.0,0.1,539.1
3289,2025-05-26,Customer 014,East,Office Supplies,Pen Set,1,18.0,0.2,14.4
3290,2025-05-27,Customer 058,Central,Office Supplies,Printer Paper,6,32.0,0.1,172.8
3291,2025-05-27,Customer 024,South,Office Supplies,Pen Set,3,18.0,0.1,48.6
3292,2025-05-27,Customer 031,South,Office Supplies,Pen Set,6,18.0,0.0,108.0
3293,2025-05-27,Customer 020,Central,Furniture,Ergonomic Chair,3,349.0,0.0,1047.0
3294,2025-05-27,Customer 050,West,Furniture,Standing Desk,2,599.0,0.1,1078.2
3295,2025-05-27,Customer 030,West,Technology,Monitor 27in,3,329.0,0.05,937.65
3296,2025-05-27,Customer 043,West,Technology,Monitor 27in,2,329.0,0.0,658.0
3297,2025-05-28,Customer 005,East,Office Supplies,Notebook Pack,3,24.5,0.1,66.15
3298,2025-05-28,Customer 037,Central,Technology,Laptop,1,1299.0,0.05,1234.05
3299,2025-05-28,Customer 060,Central,Furniture,Bookshelf,1,189.0,0.15,160.65
3300,2025-05-28,Customer 039,East,Furniture,Filing Cabinet,1,229.0,0.0,229.0
3301,2025-05-28,Customer 013,West,Technology,Wireless Mouse,1,49.0,0.15,41.65
3302,2025-05-28,Customer 015,Central,Furniture,Bookshelf,1,189.0,0.0,189.0
3303,2025-05-28,Customer 035,West,Technology,Keyboard,6,89.0,0.0,534.0
3304,2025-05-29,Customer 006,South,Furniture,Filing Cabinet,1,229.0,0.05,217.55
3305,2025-05-29,Customer 032,East,Furniture,Ergonomic Chair,2,349.0,0.1,628.2
3306,2025-05-29,Customer 058,West,Technology,Laptop,4,1299.0,0.2,4156.8
3307,2025-05-29,Customer 052,South,Technology,Keyboard,2,89.0,0.1,160.2
3308,2025-05-29,Customer 018,South,Furniture,Bookshelf,4,189.0,0.1,680.4
3309,2025-05-29,Customer 031,East,Technology,Monitor 27in,3,329.0,0.1,888.3
3310,2025-05-30,Customer 035,Central,Technology,Wireless Mouse,2,49.0,0.2,78.4
3311,2025-05-30,Customer 029,West,Office Supplies,Desk Organizer,2,42.0,0.15,71.4
3312,2025-05-30,Customer 058,South,Furniture,Filing Cabinet,1,229.0,0.0,229.0
3313,2025-05-30,Customer 049,South,Office Supplies,Pen Set,1,18.0,0.0,18.0
3314,2025-05-30,Customer 029,East,Technology,Wireless Mouse,1,49.0,0.2,39.2
3315,2025-05-30,Customer 007,Central,Technology,Monitor 27in,2,329.0,0.2,526.4
3316,2025-05-30,Customer 050,South,Furniture,Bookshelf,2,189.0,0.0,378.0
3317,2025-05-30,Customer 044,Central,Furniture,Bookshelf,2,189.0,0.1,340.2
3318,2025-05-30,Customer 026,Central,Office Supplies,Pen Set,2,18.0,0.2,28.8
3319,2025-05-31,Customer 039,South,Furniture,Bookshelf,6,189.0,0.15,963.9
3320,2025-05-31,Customer 031,East,Technology,Wireless Mouse,2,49.0,0.0,98.0
3321,2025-05-31,Customer 047,East,Office Supplies,Pen Set,2,18.0,0.0,36.0
3322,2025-05-31,Customer 028,South,Technology,Wireless Mouse,6,49.0,0.0,294.0
3323,2025-06-01,Customer 027,East,Office Supplies,Notebook Pack,4,24.5,0.0,98.0
3324,2025-06-02,Customer 046,Central,Office Supplies,Desk Organizer,1,42.0,0.2,33.6
3325,2025-06-02,Customer 024,West,Furniture,Bookshelf,2,189.0,0.2,302.4
3326,2025-06-02,Customer 036,Central,Office Supplies,Printer Paper,4,32.0,0.0,128.0
3327,2025-06-02,Customer 005,Central,Furniture,Filing Cabinet,2,229.0,0.0,458.0
3328,2025-06-02,Customer 038,South,Furniture,Bookshelf,6,189.0,0.15,963.9
3329,2025-06-02,Customer 018,South,Furniture,Filing Cabinet,6,229.0,0.0,1374.0
3330,2025-06-03,Customer 022,East,Furniture,Ergonomic Chair,1,349.0,0.15,296.65
3331,2025-06-03,Customer 008,South,Technology,Wireless Mouse,6,49.0,0.0,294.0
3332,2025-06-03,Customer 047,South,Furniture,Ergonomic Chair,3,349.0,0.2,837.6
3333,2025-06-03,Customer 013,West,Furniture,Standing Desk,2,599.0,0.1,1078.2
3334,2025-06-03,Customer 035,East,Office Supplies,Pen Set,3,18.0,0.1,48.6
3335,2025-06-03,Customer 050,West,Technology,Wireless Mouse,1,49.0,0.0,49.0
3336,2025-06-04,Customer 029,Central,Technology,Wireless Mouse,3,49.0,0.2,117.6
3337,2025-06-04,Customer 030,East,Furniture,Bookshelf,6,189.0,0.0,1134.0
3338,2025-06-04,Customer 039,West,Office Supplies,Pen Set,2,18.0,0.0,36.0
3339,2025-06-04,Customer 026,South,Furniture,Ergonomic Chair,4,349.0,0.05,1326.2
3340,2025-06-04,Customer 037,South,Furniture,Ergonomic Chair,3,349.0,0.0,1047.0
3341,2025-06-04,Customer 037,East,Furniture,Bookshelf,6,189.0,0.0,1134.0
3342,2025-06-04,Customer 006,West,Technology,Laptop,1,1299.0,0.1,1169.1
3343,2025-06-04,Customer 060,South,Technology,Monitor 27in,1,329.0,0.1,296.1
3344,2025-06-05,Customer 044,South,Technology,Monitor 27in,1,329.0,0.2,263.2
3345,2025-06-05,Customer 010,East,Office Supplies,Printer Paper,6,32.0,0.15,163.2
3346,2025-06-05,Customer 034,South,Furniture,Standing Desk,3,599.0,0.05,1707.15
3347,2025-06-05,Customer 040,South,Furniture,Filing Cabinet,2,229.0,0.0,458.0
3348,2025-06-05,Customer 028,Central,Furniture,Ergonomic Chair,2,349.0,0.0,698.0
3349,2025-06-06,Customer 043,Central,Technology,Wireless Mouse,6,49.0,0.15,249.9
3350,2025-06-06,Customer 050,Central,Technology,Wireless Mouse,1,49.0,0.0,49.0
3351,2025-06-06,Customer 002,West,Furniture,Bookshelf,1,189.0,0.0,189.0
3352,2025-06-06,Customer 056,East,Furniture,Bookshelf,1,189.0,0.0,189.0
3353,2025-06-06,Customer 011,South,Furniture,Standing Desk,2,599.0,0.0,1198.0
3354,2025-06-06,Customer 023,West,Office Supplies,Pen Set,2,18.0,0.2,28.8
3355,2025-06-06,Customer 025,West,Furniture,Filing Cabinet,1,229.0,0.2,183.2
3356,2025-06-07,Customer 029,South,Office Supplies,Pen Set,4,18.0,0.0,72.0
3357,2025-06-07,Customer 025,West,Office Supplies,Pen Set,2,18.0,0.2,28.8
3358,2025-06-07,Customer 049,Central,Furniture,Standing Desk,1,599.0,0.0,599.0
3359,2025-06-08,Customer 013,Central,Technology,Wireless Mouse,3,49.0,0.05,139.65
3360,2025-06-08,Customer 033,West,Furniture,Bookshelf,6,189.0,0.0,1134.0
3361,2025-06-08,Customer 052,South,Office Supplies,Notebook Pack,1,24.5,0.05,23.27
3362,2025-06-08,Customer 020,West,Office Supplies,Notebook Pack,3,24.5,0.0,73.5
3363,2025-06-09,Customer 006,South,Office Supplies,Desk Organizer,2,42.0,0.15,71.4
3364,2025-06-09,Customer 042,East,Office Supplies,Notebook Pack,2,24.5,0.15,41.65
3365,2025-06-09,Customer 037,West,Furniture,Standing Desk,2,599.0,0.0,1198.0
3366,2025-06-09,Customer 031,West,Furniture,Standing Desk,1,599.0,0.15,509.15
3367,2025-06-09,Customer 040,South,Furniture,Standing Desk,2,599.0,0.0,1198.0
3368,2025-06-09,Customer 060,Central,Furniture,Filing Cabinet,1,229.0,0.0,229.0
3369,2025-06-09,Customer 051,Central,Technology,Monitor 27in,3,329.0,0.0,987.0
3370,2025-06-09,Customer 026,East,Furniture,Filing Cabinet,2,229.0,0.0,458.0
3371,2025-06-10,Customer 002,South,Office Supplies,Notebook Pack,1,24.5,0.0,24.5
3372,2025-06-10,Customer 035,South,Furniture,Standing Desk,4,599.0,0.0,2396.0
3373,2025-06-10,Customer 001,East,Technology,Monitor 27in,1,329.0,0.0,329.0
3374,2025-06-10,Customer 008,South,Furniture,Ergonomic Chair,4,349.0,0.0,1396.0
3375,2025-06-10,Customer 055,West,Office Supplies,Printer Paper,6,32.0,0.0,192.0
3376,2025-06-10,Customer 009,East,Office Supplies,Printer Paper,6,32.0,0.0,192.0
3377,2025-06-10,Customer 032,Central,Technology,Wireless Mouse,1,49.0,0.05,46.55
3378,2025-06-10,Customer 010,Central,Furniture,Standing Desk,1,599.0,0.2,479.2
3379,2025-06-11,Customer 026,East,Technology,Laptop,1,1299.0,0.15,1104.15
3380,2025-06-11,Customer 017,Central,Technology,Laptop,2,1299.0,0.0,2598.0
3381,2025-06-11,Customer 030,East,Technology,Wireless Mouse,3,49.0,0.15,124.95
3382,2025-06-11,Customer 043,Central,Furniture,Bookshelf,4,189.0,0.0,756.0
3383,2025-06-11,Customer 004,Central,Technology,Laptop,4,1299.0,0.15,4416.6
3384,2025-06-11,Customer 003,Central,Furniture,Ergonomic Chair,1,349.0,0.15,296.65
3385,2025-06-12,Customer 023,Central,Technology,Keyboard,6,89.0,0.2,427.2
3386,2025-06-12,Customer 030,East,Technology,Keyboard,6,89.0,0.0,534.0
3387,2025-06-12,Customer 018,East,Technology,Keyboard,1,89.0,0.15,75.65
3388,2025-06-12,Customer 052,South,Office Supplies,Pen Set,2,18.0,0.0,36.0
3389,2025-06-12,Customer 055,East,Technology,Keyboard,1,89.0,0.15,75.65
3390,2025-06-12,Customer 024,South,Technology,Wireless Mouse,1,49.0,0.2,39.2
3391,2025-06-12,Customer 015,South,Technology,Laptop,1,1299.0,0.0,1299.0
3392,2025-06-13,Customer 056,East,Furniture,Ergonomic Chair,2,349.0,0.0,698.0
3393,2025-06-13,Customer 006,Central,Office Supplies,Printer Paper,4,32.0,0.1,115.2
3394,2025-06-13,Customer 044,Central,Office Supplies,Pen Set,1,18.0,0.2,14.4
3395,2025-06-13,Customer 039,Central,Furniture,Standing Desk,3,599.0,0.1,1617.3
3396,2025-06-13,Customer 015,Central,Technology,Laptop,3,1299.0,0.1,3507.3
3397,2025-06-13,Customer 011,Central,Office Supplies,Pen Set,1,18.0,0.15,15.3
3398,2025-06-13,Customer 013,East,Technology,Monitor 27in,4,329.0,0.2,1052.8
3399,2025-06-13,Customer 058,South,Furniture,Filing Cabinet,2,229.0,0.05,435.1
3400,2025-06-14,Customer 017,East,Furniture,Bookshelf,1,189.0,0.0,189.0
3401,2025-06-14,Customer 027,Central,Furniture,Ergonomic Chair,1,349.0,0.2,279.2
3402,2025-06-14,Customer 052,Central,Furniture,Filing Cabinet,1,229.0,0.2,183.2
3403,2025-06-14,Customer 038,Central,Office Supplies,Pen Set,4,18.0,0.05,68.4
3404,2025-06-15,Customer 018,Central,Furniture,Bookshelf,1,189.0,0.0,189.0
3405,2025-06-16,Customer 010,East,Technology,Monitor 27in,2,329.0,0.05,625.1
3406,2025-06-16,Customer 020,West,Office Supplies,Notebook Pack,1,24.5,0.1,22.05
3407,2025-06-16,Customer 029,East,Technology,Keyboard,2,89.0,0.15,151.3
3408,2025-06-16,Customer 057,East,Furniture,Filing Cabinet,1,229.0,0.0,229.0
3409,2025-06-16,Customer 058,East,Office Supplies,Notebook Pack,4,24.5,0.2,78.4
3410,2025-06-16,Customer 011,South,Furniture,Filing Cabinet,4,229.0,0.1,824.4
3411,2025-06-16,Customer 047,East,Office Supplies,Pen Set,1,18.0,0.0,18.0
3412,2025-06-17,Customer 004,West,Furniture,Filing Cabinet,4,229.0,0.05,870.2
3413,2025-06-17,Customer 033,East,Office Supplies,Desk Organizer,2,42.0,0.15,71.4
3414,2025-06-17,Customer 001,West,Office Supplies,Desk Organizer,3,42.0,0.0,126.0
3415,2025-06-17,Customer 032,Central,Technology,Keyboard,2,89.0,0.1,160.2
3416,2025-06-17,Customer 050,South,Technology,Keyboard,2,89.0,0.0,178.0
3417,2025-06-17,Customer 039,West,Technology,Keyboard,4,89.0,0.0,356.0
3418,2025-06-18,Customer 016,East,Furniture,Ergonomic Chair,1,349.0,0.2,279.2
3419,2025-06-18,Customer 048,West,Technology,Keyboard,4,89.0,0.15,302.6
3420,2025-06-18,Customer 056,West,Office Supplies,Printer Paper,6,32.0,0.1,172.8
3421,2025-06-18,Customer 037,Central,Office Supplies,Printer Paper,1,32.0,0.0,32.0
3422,2025-06-19,Customer 059,South,Furniture,Bookshelf,1,189.0,0.0,189.0
3423,2025-06-19,Customer 053,East,Furniture,Filing Cabinet,2,229.0,0.0,458.0
3424,2025-06-19,Customer 051,West,Office Supplies,Pen Set,2,18.0,0.05,34.2
3425,2025-06-19,Customer 051,Central,Office Supplies,Printer Paper,2,32.0,0.2,51.2
3426,2025-06-19,Customer 023,Central,Furniture,Bookshelf,4,189.0,0.2,604.8
3427,2025-06-20,Customer 054,East,Office Supplies,Desk Organizer,2,42.0,0.0,84.0
3428,2025-06-20,Customer 040,South,Furniture,Ergonomic Chair,4,349.0,0.0,1396.0
3429,2025-06-20,Customer 017,South,Technology,Monitor 27in,4,329.0,0.0,1316.0
3430,2025-06-20,Customer 049,Central,Office Supplies,Desk Organizer,6,42.0,0.0,252.0
3431,2025-06-20,Customer 013,East,Furniture,Bookshelf,1,189.0,0.0,189.0
3432,2025-06-20,Customer 040,West,Technology,Wireless Mouse,1,49.0,0.05,46.55
3433,2025-06-20,Customer 039,South,Furniture,Ergonomic Chair,1,349.0,0.15,296.65
3434,2025-06-20,Customer 023,South,Office Supplies,Pen Set,3,18.0,0.1,48.6
3435,2025-06-21,Customer 048,East,Furniture,Filing Cabinet,1,229.0,0.2,183.2
3436,2025-06-22,Customer 003,Central,Office Supplies,Pen Set,6,18.0,0.2,86.4
3437,2025-06-23,Customer 032,Central,Technology,Monitor 27in,2,329.0,0.0,658.0
3438,2025-06-23,Customer 029,Central,Technology,Monitor 27in,2,329.0,0.0,658.0
3439,2025-06-23,Customer 002,South,Furniture,Ergonomic Chair,2,349.0,0.0,698.0
3440,2025-06-23,Customer 012,South,Office Supplies,Printer Paper,2,32.0,0.05,60.8
3441,2025-06-24,Customer 052,East,Office Supplies,Desk Organizer,3,42.0,0.2,100.8
3442,2025-06-24,Customer 021,East,Office Supplies,Desk Organizer,3,42.0,0.0,126.0
3443,2025-06-24,Customer 053,Central,Furniture,Standing Desk,3,599.0,0.2,1437.6
3444,2025-06-24,Customer 033,South,Technology,Monitor 27in,1,329.0,0.2,263.2
3445,2025-06-24,Customer 053,Central,Technology,Wireless Mouse,1,49.0,0.2,39.2
3446,2025-06-25,Customer 018,West,Technology,Wireless Mouse,2,49.0,0.05,93.1
3447,2025-06-25,Customer 028,West,Office Supplies,Printer Paper,6,32.0,0.1,172.8
3448,2025-06-25,Customer 042,West,Furniture,Ergonomic Chair,6,349.0,0.1,1884.6
3449,2025-06-25,Customer 044,East,Office Supplies,Printer Paper,1,32.0,0.0,32.0
3450,2025-06-26,Customer 039,South,Technology,Wireless Mouse,1,49.0,0.15,41.65
3451,2025-06-26,Customer 043,South,Office Supplies,Pen Set,4,18.0,0.0,72.0
3452,2025-06-26,Customer 037,South,Office Supplies,Desk Organizer,3,42.0,0.0,126.0
3453,2025-06-26,Customer 004,East,Furniture,Bookshelf,1,189.0,0.1,170.1
3454,2025-06-26,Customer 005,South,Technology,Laptop,1,1299.0,0.1,1169.1
3455,2025-06-26,Customer 039,Central,Technology,Monitor 27in,2,329.0,0.0,658.0
3456,2025-06-26,Customer 008,East,Furniture,Ergonomic Chair,6,349.0,0.15,1779.9
3457,2025-06-26,Customer 045,South,Furniture,Ergonomic Chair,4,349.0,0.1,1256.4
3458,2025-06-26,Customer 055,East,Office Supplies,Printer Paper,6,32.0,0.0,192.0
3459,2025-06-27,Customer 012,South,Furniture,Ergonomic Chair,2,349.0,0.0,698.0
3460,2025-06-27,Customer 017,South,Office Supplies,Printer Paper,1,32.0,0.0,32.0
3461,2025-06-27,Customer 041,West,Furniture,Standing Desk,3,599.0,0.15,1527.45
3462,2025-06-27,Customer 017,West,Office Supplies,Printer Paper,1,32.0,0.1,28.8
3463,2025-06-27,Customer 024,West,Technology,Laptop,1,1299.0,0.15,1104.15
3464,2025-06-27,Customer 021,South,Furniture,Ergonomic Chair,1,349.0,0.0,349.0
3465,2025-06-27,Customer 005,Central,Office Supplies,Notebook Pack,3,24.5,0.2,58.8
3466,2025-06-27,Customer 014,East,Furniture,Filing Cabinet,1,229.0,0.1,206.1
3467,2025-06-28,Customer 046,Central,Furniture,Bookshelf,1,189.0,0.05,179.55
3468,2025-06-28,Customer 040,West,Technology,Monitor 27in,6,329.0,0.0,1974.0
3469,2025-06-28,Customer 007,East,Technology,Laptop,2,1299.0,0.0,2598.0
3470,2025-06-28,Customer 032,Central,Technology,Monitor 27in,1,329.0,0.0,329.0
3471,2025-06-29,Customer 060,South,Technology,Monitor 27in,3,329.0,0.05,937.65
3472,2025-06-29,Customer 016,East,Office Supplies,Notebook Pack,1,24.5,0.0,24.5
3473,2025-06-29,Customer 051,South,Furniture,Standing Desk,6,599.0,0.0,3594.0
3474,2025-06-29,Customer 052,West,Furniture,Bookshelf,1,189.0,0.05,179.55
3475,2025-06-30,Customer 035,Central,Technology,Wireless Mouse,4,49.0,0.2,156.8
3476,2025-06-30,Customer 049,Central,Office Supplies,Desk Organizer,1,42.0,0.05,39.9
3477,2025-06-30,Customer 025,West,Office Supplies,Printer Paper,4,32.0,0.05,121.6
3478,2025-06-30,Customer 021,South,Office Supplies,Notebook Pack,6,24.5,0.0,147.0
3479,2025-06-30,Customer 051,East,Technology,Keyboard,2,89.0,0.05,169.1
3480,2025-06-30,Customer 006,East,Technology,Laptop,1,1299.0,0.0,1299.0
3481,2025-06-30,Customer 004,West,Technology,Monitor 27in,3,329.0,0.15,838.95
3482,2025-07-01,Customer 023,West,Furniture,Bookshelf,4,189.0,0.0,756.0
3483,2025-07-01,Customer 024,West,Technology,Keyboard,1,89.0,0.1,80.1
3484,2025-07-01,Customer 058,Central,Furniture,Ergonomic Chair,6,349.0,0.0,2094.0
3485,2025-07-01,Customer 014,South,Technology,Wireless Mouse,1,49.0,0.15,41.65
3486,2025-07-01,Customer 014,West,Furniture,Ergonomic Chair,1,349.0,0.05,331.55
3487,2025-07-01,Customer 053,East,Office Supplies,Notebook Pack,2,24.5,0.15,41.65
3488,2025-07-02,Customer 010,Central,Furniture,Bookshelf,4,189.0,0.0,756.0
3489,2025-07-02,Customer 044,East,Technology,Monitor 27in,2,329.0,0.05,625.1
3490,2025-07-02,Customer 001,South,Furniture,Bookshelf,4,189.0,0.15,642.6
3491,2025-07-02,Customer 058,Central,Office Supplies,Printer Paper,2,32.0,0.2,51.2
3492,2025-07-02,Customer 045,South,Office Supplies,Desk Organizer,1,42.0,0.15,35.7
3493,2025-07-02,Customer 045,Central,Furniture,Filing Cabinet,1,229.0,0.15,194.65
3494,2025-07-02,Customer 058,South,Furniture,Ergonomic Chair,1,349.0,0.0,349.0
3495,2025-07-02,Customer 048,East,Furniture,Standing Desk,3,599.0,0.0,1797.0
3496,2025-07-02,Customer 019,East,Technology,Keyboard,2,89.0,0.1,160.2
3497,2025-07-02,Customer 008,South,Technology,Wireless Mouse,1,49.0,0.2,39.2
3498,2025-07-02,Customer 009,West,Furniture,Ergonomic Chair,6,349.0,0.0,2094.0
3499,2025-07-03,Customer 015,West,Office Supplies,Printer Paper,1,32.0,0.0,32.0
3500,2025-07-03,Customer 045,West,Office Supplies,Pen Set,1,18.0,0.2,14.4
3501,2025-07-03,Customer 048,Central,Furniture,Filing Cabinet,3,229.0,0.05,652.65
3502,2025-07-03,Customer 014,East,Office Supplies,Notebook Pack,2,24.5,0.2,39.2
3503,2025-07-03,Customer 056,East,Furniture,Ergonomic Chair,1,349.0,0.0,349.0
3504,2025-07-03,Customer 058,West,Furniture,Bookshelf,6,189.0,0.0,1134.0
3505,2025-07-04,Customer 041,Central,Office Supplies,Notebook Pack,2,24.5,0.0,49.0
3506,2025-07-04,Customer 029,West,Office Supplies,Printer Paper,1,32.0,0.2,25.6
3507,2025-07-04,Customer 036,East,Furniture,Bookshelf,1,189.0,0.0,189.0
3508,2025-07-04,Customer 034,West,Furniture,Ergonomic Chair,1,349.0,0.05,331.55
3509,2025-07-04,Customer 003,Central,Technology,Monitor 27in,3,329.0,0.0,987.0
3510,2025-07-04,Customer 001,West,Furniture,Standing Desk,1,599.0,0.05,569.05
3511,2025-07-05,Customer 041,West,Office Supplies,Notebook Pack,2,24.5,0.2,39.2
3512,2025-07-05,Customer 053,South,Technology,Laptop,1,1299.0,0.15,1104.15
3513,2025-07-05,Customer 040,South,Technology,Keyboard,2,89.0,0.15,151.3
3514,2025-07-06,Customer 041,South,Technology,Keyboard,2,89.0,0.0,178.0
3515,2025-07-07,Customer 057,East,Office Supplies,Pen Set,6,18.0,0.1,97.2
3516,2025-07-07,Customer 047,Central,Furniture,Standing Desk,2,599.0,0.15,1018.3
3517,2025-07-07,Customer 048,West,Office Supplies,Desk Organizer,1,42.0,0.0,42.0
3518,2025-07-07,Customer 030,South,Office Supplies,Desk Organizer,1,42.0,0.0,42.0
3519,2025-07-07,Customer 054,East,Technology,Monitor 27in,4,329.0,0.0,1316.0
3520,2025-07-07,Customer 030,South,Furniture,Filing Cabinet,4,229.0,0.05,870.2
3521,2025-07-07,Customer 022,East,Office Supplies,Printer Paper,6,32.0,0.0,192.0
3522,2025-07-07,Customer 034,Central,Technology,Keyboard,1,89.0,0.15,75.65
3523,2025-07-08,Customer 036,South,Technology,Monitor 27in,3,329.0,0.05,937.65
3524,2025-07-08,Customer 010,South,Office Supplies,Desk Organizer,2,42.0,0.05,79.8
3525,2025-07-08,Customer 050,South,Furniture,Filing Cabinet,2,229.0,0.2,366.4
3526,2025-07-08,Customer 036,Central,Furniture,Standing Desk,2,599.0,0.0,1198.0
3527,2025-07-08,Customer 029,West,Technology,Keyboard,4,89.0,0.0,356.0
3528,2025-07-08,Customer 043,Central,Technology,Monitor 27in,4,329.0,0.1,1184.4
3529,2025-07-08,Customer 051,Central,Office Supplies,Pen Set,4,18.0,0.1,64.8
3530,2025-07-09,Customer 016,Central,Furniture,Filing Cabinet,3,229.0,0.05,652.65
3531,2025-07-09,Customer 007,West,Office Supplies,Desk Organizer,1,42.0,0.15,35.7
3532,2025-07-09,Customer 056,West,Furniture,Ergonomic Chair,1,349.0,0.2,279.2
3533,2025-07-09,Customer 013,Central,Office Supplies,Notebook Pack,3,24.5,0.0,73.5
3534,2025-07-09,Customer 040,East,Furniture,Bookshelf,1,189.0,0.0,189.0
3535,2025-07-09,Customer 046,Central,Technology,Keyboard,6,89.0,0.0,534.0
3536,2025-07-09,Customer 036,Central,Office Supplies,Desk Organizer,1,42.0,0.2,33.6
3537,2025-07-09,Customer 035,South,Furniture,Standing Desk,4,599.0,0.0,2396.0
3538,2025-07-09,Customer 055,Central,Furniture,Filing Cabinet,2,229.0,0.15,389.3
3539,2025-07-10,Customer 003,Central,Furniture,Filing Cabinet,1,229.0,0.2,183.2
3540,2025-07-10,Customer 011,West,Office Supplies,Printer Paper,4,32.0,0.05,121.6
3541,2025-07-10,Customer 037,Central,Technology,Wireless Mouse,6,49.0,0.1,264.6
3542,2025-07-10,Customer 037,East,Office Supplies,Notebook Pack,6,24.5,0.15,124.95
3543,2025-07-10,Customer 012,Central,Office Supplies,Notebook Pack,3,24.5,0.0,73.5
3544,2025-07-10,Customer 008,Central,Technology,Wireless Mouse,4,49.0,0.0,196.0
3545,2025-07-10,Customer 051,West,Technology,Wireless Mouse,2,49.0,0.15,83.3
3546,2025-07-10,Customer 058,South,Office Supplies,Printer Paper,1,32.0,0.1,28.8
3547,2025-07-10,Customer 033,East,Furniture,Bookshelf,2,189.0,0.0,378.0
3548,2025-07-11,Customer 058,Central,Technology,Laptop,6,1299.0,0.0,7794.0
3549,2025-07-11,Customer 029,South,Furniture,Standing Desk,2,599.0,0.0,1198.0
3550,2025-07-11,Customer 049,South,Office Supplies,Notebook Pack,2,24.5,0.15,41.65
3551,2025-07-11,Customer 003,Central,Technology,Laptop,3,1299.0,0.1,3507.3
3552,2025-07-11,Customer 025,Central,Technology,Laptop,1,1299.0,0.0,1299.0
3553,2025-07-11,Customer 045,East,Office Supplies,Printer Paper,4,32.0,0.0,128.0
3554,2025-07-12,Customer 022,Central,Technology,Keyboard,4,89.0,0.15,302.6
3555,2025-07-12,Customer 019,East,Office Supplies,Desk Organizer,2,42.0,0.05,79.8
3556,2025-07-13,Customer 043,East,Furniture,Filing Cabinet,1,229.0,0.2,183.2
3557,2025-07-14,Customer 005,Central,Furniture,Standing Desk,1,599.0,0.0,599.0
3558,2025-07-14,Customer 052,Central,Office Supplies,Notebook Pack,1,24.5,0.1,22.05
3559,2025-07-14,Customer 001,East,Furniture,Ergonomic Chair,1,349.0,0.15,296.65
3560,2025-07-14,Customer 041,South,Technology,Laptop,1,1299.0,0.1,1169.1
3561,2025-07-14,Customer 008,West,Technology,Wireless Mouse,1,49.0,0.1,44.1
3562,2025-07-14,Customer 060,West,Technology,Monitor 27in,2,329.0,0.15,559.3
3563,2025-07-14,Customer 028,Central,Furniture,Ergonomic Chair,1,349.0,0.0,349.0
3564,2025-07-14,Customer 021,Central,Furniture,Ergonomic Chair,1,349.0,0.05,331.55
3565,2025-07-14,Customer 046,Central,Office Supplies,Pen Set,6,18.0,0.1,97.2
3566,2025-07-15,Customer 012,West,Office Supplies,Desk Organizer,1,42.0,0.05,39.9
3567,2025-07-15,Customer 010,Central,Furniture,Standing Desk,2,599.0,0.0,1198.0
3568,2025-07-15,Customer 012,East,Technology,Laptop,1,1299.0,0.0,1299.0
3569,2025-07-15,Customer 054,East,Furniture,Standing Desk,4,599.0,0.15,2036.6
3570,2025-07-16,Customer 053,East,Office Supplies,Pen Set,4,18.0,0.0,72.0
3571,2025-07-16,Customer 057,East,Technology,Monitor 27in,1,329.0,0.15,279.65
3572,2025-07-16,Customer 005,South,Office Supplies,Pen Set,1,18.0,0.0,18.0
3573,2025-07-16,Customer 044,South,Office Supplies,Notebook Pack,4,24.5,0.0,98.0
3574,2025-07-16,Customer 050,East,Furniture,Ergonomic Chair,3,349.0,0.1,942.3
3575,2025-07-17,Customer 054,East,Technology,Laptop,2,1299.0,0.15,2208.3
3576,2025-07-17,Customer 032,East,Office Supplies,Desk Organizer,6,42.0,0.0,252.0
3577,2025-07-17,Customer 038,Central,Office Supplies,Desk Organizer,2,42.0,0.0,84.0
3578,2025-07-17,Customer 057,South,Furniture,Bookshelf,4,189.0,0.05,718.2
3579,2025-07-17,Customer 058,South,Office Supplies,Printer Paper,6,32.0,0.2,153.6
3580,2025-07-17,Customer 049,South,Office Supplies,Pen Set,1,18.0,0.15,15.3
3581,2025-07-18,Customer 041,Central,Furniture,Bookshelf,4,189.0,0.2,604.8
3582,2025-07-18,Customer 051,Central,Office Supplies,Desk Organizer,1,42.0,0.05,39.9
3583,2025-07-18,Customer 002,South,Furniture,Standing Desk,2,599.0,0.0,1198.0
3584,2025-07-18,Customer 013,West,Office Supplies,Pen Set,2,18.0,0.0,36.0
3585,2025-07-18,Customer 054,East,Office Supplies,Printer Paper,1,32.0,0.0,32.0
3586,2025-07-18,Customer 047,South,Furniture,Standing Desk,6,599.0,0.1,3234.6
3587,2025-07-18,Customer 043,West,Office Supplies,Printer Paper,1,32.0,0.05,30.4
3588,2025-07-19,Customer 046,South,Office Supplies,Notebook Pack,1,24.5,0.0,24.5
3589,2025-07-19,Customer 034,South,Technology,Wireless Mouse,1,49.0,0.0,49.0
3590,2025-07-19,Customer 020,Central,Furniture,Filing Cabinet,6,229.0,0.0,1374.0
3591,2025-07-20,Customer 009,East,Technology,Keyboard,1,89.0,0.1,80.1
3592,2025-07-20,Customer 037,South,Office Supplies,Desk Organizer,1,42.0,0.0,42.0
3593,2025-07-21,Customer 027,Central,Furniture,Ergonomic Chair,6,349.0,0.0,2094.0
3594,2025-07-21,Customer 058,East,Furniture,Bookshelf,2,189.0,0.2,302.4
3595,2025-07-21,Customer 022,East,Technology,Keyboard,2,89.0,0.1,160.2
3596,2025-07-21,Customer 051,Central,Technology,Monitor 27in,1,329.0,0.0,329.0
3597,2025-07-21,Customer 037,South,Technology,Monitor 27in,2,329.0,0.05,625.1
3598,2025-07-21,Customer 049,Central,Furniture,Bookshelf,1,189.0,0.05,179.55
3599,2025-07-21,Customer 032,South,Technology,Wireless Mouse,1,49.0,0.1,44.1
3600,2025-07-21,Customer 025,Central,Technology,Wireless Mouse,1,49.0,0.05,46.55
3601,2025-07-22,Customer 016,Central,Furniture,Bookshelf,1,189.0,0.05,179.55
3602,2025-07-22,Customer 053,South,Technology,Laptop,3,1299.0,0.0,3897.0
3603,2025-07-22,Customer 032,East,Technology,Monitor 27in,2,329.0,0.0,658.0
3604,2025-07-22,Customer 039,West,Technology,Monitor 27in,2,329.0,0.1,592.2
3605,2025-07-22,Customer 052,East,Office Supplies,Notebook Pack,2,24.5,0.1,44.1
3606,2025-07-22,Customer 053,West,Furniture,Filing Cabinet,4,229.0,0.15,778.6
3607,2025-07-22,Customer 019,West,Office Supplies,Desk Organizer,2,42.0,0.0,84.0
3608,2025-07-23,Customer 030,Central,Furniture,Filing Cabinet,1,229.0,0.0,229.0
3609,2025-07-23,Customer 029,East,Office Supplies,Printer Paper,1,32.0,0.1,28.8
3610,2025-07-23,Customer 013,South,Furniture,Bookshelf,6,189.0,0.0,1134.0
3611,2025-07-23,Customer 002,West,Office Supplies,Pen Set,1,18.0,0.0,18.0
3612,2025-07-23,Customer 010,East,Furniture,Bookshelf,6,189.0,0.0,1134.0
3613,2025-07-23,Customer 028,East,Technology,Keyboard,1,89.0,0.15,75.65
3614,2025-07-24,Customer 049,West,Furniture,Bookshelf,3,189.0,0.1,510.3
3615,2025-07-24,Customer 005,West,Technology,Laptop,1,1299.0,0.05,1234.05
3616,2025-07-24,Customer 011,Central,Furniture,Standing Desk,1,599.0,0.1,539.1
3617,2025-07-24,Customer 006,South,Furniture,Bookshelf,3,189.0,0.0,567.0
3618,2025-07-24,Customer 035,West,Office Supplies,Notebook Pack,6,24.5,0.05,139.65
3619,2025-07-24,Customer 010,West,Technology,Keyboard,4,89.0,0.15,302.6
3620,2025-07-25,Customer 049,East,Furniture,Filing Cabinet,1,229.0,0.0,229.0
3621,2025-07-25,Customer 044,West,Furniture,Standing Desk,1,599.0,0.15,509.15
3622,2025-07-25,Customer 003,Central,Furniture,Standing Desk,6,599.0,0.0,3594.0
3623,2025-07-25,Customer 021,East,Furniture,Standing Desk,1,599.0,0.1,539.1
3624,2025-07-25,Customer 049,East,Office Supplies,Printer Paper,1,32.0,0.1,28.8
3625,2025-07-25,Customer 005,West,Office Supplies,Notebook Pack,4,24.5,0.1,88.2
3626,2025-07-25,Customer 038,South,Furniture,Ergonomic Chair,2,349.0,0.0,698.0
3627,2025-07-25,Customer 057,East,Furniture,Bookshelf,1,189.0,0.1,170.1
3628,2025-07-26,Customer 001,East,Office Supplies,Pen Set,1,18.0,0.1,16.2
3629,2025-07-27,Customer 054,Central,Office Supplies,Desk Organizer,4,42.0,0.0,168.0
3630,2025-07-27,Customer 021,East,Technology,Wireless Mouse,3,49.0,0.0,147.0
3631,2025-07-28,Customer 042,South,Office Supplies,Notebook Pack,6,24.5,0.1,132.3
3632,2025-07-28,Customer 025,West,Furniture,Standing Desk,1,599.0,0.0,599.0
3633,2025-07-28,Customer 037,East,Technology,Monitor 27in,2,329.0,0.2,526.4
3634,2025-07-28,Customer 030,West,Technology,Monitor 27in,2,329.0,0.0,658.0
3635,2025-07-28,Customer 033,West,Technology,Monitor 27in,2,329.0,0.0,658.0
3636,2025-07-29,Customer 012,East,Office Supplies,Notebook Pack,2,24.5,0.2,39.2
3637,2025-07-29,Customer 021,South,Furniture,Filing Cabinet,4,229.0,0.15,778.6
3638,2025-07-29,Customer 036,East,Office Supplies,Pen Set,6,18.0,0.05,102.6
3639,2025-07-29,Customer 007,West,Technology,Monitor 27in,1,329.0,0.1,296.1
3640,2025-07-29,Customer 060,West,Furniture,Ergonomic Chair,1,349.0,0.0,349.0
3641,2025-07-29,Customer 037,Central,Office Supplies,Printer Paper,4,32.0,0.15,108.8
3642,2025-07-29,Customer 042,Central,Furniture,Ergonomic Chair,3,349.0,0.0,1047.0
3643,2025-07-29,Customer 027,West,Office Supplies,Desk Organizer,1,42.0,0.0,42.0
3644,2025-07-30,Customer 030,Central,Furniture,Bookshelf,1,189.0,0.0,189.0
3645,2025-07-30,Customer 001,West,Furniture,Ergonomic Chair,6,349.0,0.0,2094.0
3646,2025-07-30,Customer 057,East,Furniture,Standing Desk,6,599.0,0.2,2875.2
3647,2025-07-30,Customer 047,Central,Office Supplies,Notebook Pack,6,24.5,0.0,147.0
3648,2025-07-30,Customer 025,West,Furniture,Ergonomic Chair,4,349.0,0.15,1186.6
3649,2025-07-30,Customer 030,South,Furniture,Filing Cabinet,4,229.0,0.2,732.8
3650,2025-07-30,Customer 005,East,Furniture,Ergonomic Chair,1,349.0,0.15,296.65
3651,2025-07-31,Customer 052,East,Technology,Wireless Mouse,6,49.0,0.0,294.0
3652,2025-07-31,Customer 045,South,Furniture,Bookshelf,2,189.0,0.0,378.0
3653,2025-07-31,Customer 045,South,Furniture,Ergonomic Chair,4,349.0,0.1,1256.4
3654,2025-07-31,Customer 006,East,Furniture,Ergonomic Chair,2,349.0,0.0,698.0
3655,2025-07-31,Customer 043,East,Office Supplies,Printer Paper,1,32.0,0.0,32.0
3656,2025-07-31,Customer 041,East,Technology,Monitor 27in,3,329.0,0.15,838.95
3657,2025-07-31,Customer 030,East,Office Supplies,Pen Set,4,18.0,0.0,72.0
3658,2025-08-01,Customer 028,West,Technology,Keyboard,4,89.0,0.0,356.0
3659,2025-08-01,Customer 060,East,Technology,Wireless Mouse,1,49.0,0.0,49.0
3660,2025-08-01,Customer 035,Central,Technology,Keyboard,6,89.0,0.2,427.2
3661,2025-08-01,Customer 022,Central,Furniture,Bookshelf,1,189.0,0.1,170.1
3662,2025-08-01,Customer 045,South,Technology,Monitor 27in,2,329.0,0.2,526.4
3663,2025-08-01,Customer 035,West,Furniture,Filing Cabinet,1,229.0,0.1,206.1
3664,2025-08-01,Customer 060,Central,Technology,Laptop,1,1299.0,0.0,1299.0
3665,2025-08-02,Customer 008,East,Technology,Monitor 27in,3,329.0,0.05,937.65
3666,2025-08-02,Customer 043,South,Technology,Wireless Mouse,4,49.0,0.1,176.4
3667,2025-08-03,Customer 042,South,Office Supplies,Notebook Pack,2,24.5,0.15,41.65
3668,2025-08-03,Customer 033,West,Furniture,Standing Desk,1,599.0,0.2,479.2
3669,2025-08-03,Customer 020,Central,Office Supplies,Pen Set,1,18.0,0.15,15.3
3670,2025-08-04,Customer 041,West,Office Supplies,Desk Organizer,2,42.0,0.1,75.6
3671,2025-08-04,Customer 019,West,Furniture,Ergonomic Chair,1,349.0,0.0,349.0
3672,2025-08-04,Customer 017,South,Furniture,Standing Desk,1,599.0,0.0,599.0
3673,2025-08-04,Customer 026,West,Furniture,Filing Cabinet,3,229.0,0.15,583.95
3674,2025-08-04,Customer 024,Central,Technology,Wireless Mouse,3,49.0,0.05,139.65
3675,2025-08-04,Customer 040,West,Office Supplies,Printer Paper,6,32.0,0.15,163.2
3676,2025-08-04,Customer 021,East,Technology,Keyboard,1,89.0,0.05,84.55
3677,2025-08-04,Customer 052,South,Furniture,Bookshelf,6,189.0,0.2,907.2
3678,2025-08-05,Customer 025,West,Office Supplies,Desk Organizer,6,42.0,0.0,252.0
3679,2025-08-05,Customer 035,West,Office Supplies,Notebook Pack,6,24.5,0.0,147.0
3680,2025-08-05,Customer 025,East,Furniture,Standing Desk,1,599.0,0.05,569.05
3681,2025-08-05,Customer 020,South,Furniture,Filing Cabinet,1,229.0,0.0,229.0
3682,2025-08-05,Customer 044,Central,Furniture,Filing Cabinet,1,229.0,0.0,229.0
3683,2025-08-05,Customer 033,Central,Technology,Laptop,6,1299.0,0.0,7794.0
3684,2025-08-05,Customer 060,West,Office Supplies,Desk Organizer,4,42.0,0.2,134.4
3685,2025-08-06,Customer 058,South,Office Supplies,Notebook Pack,6,24.5,0.0,147.0
3686,2025-08-06,Customer 039,East,Office Supplies,Pen Set,1,18.0,0.0,18.0
3687,2025-08-06,Customer 005,Central,Office Supplies,Notebook Pack,1,24.5,0.2,19.6
3688,2025-08-06,Customer 025,Central,Office Supplies,Printer Paper,2,32.0,0.0,64.0
3689,2025-08-07,Customer 044,South,Furniture,Standing Desk,3,599.0,0.2,1437.6
3690,2025-08-07,Customer 011,Central,Furniture,Filing Cabinet,1,229.0,0.0,229.0
3691,2025-08-07,Customer 024,South,Furniture,Ergonomic Chair,6,349.0,0.05,1989.3
3692,2025-08-07,Customer 031,West,Furniture,Bookshelf,1,189.0,0.05,179.55
3693,2025-08-07,Customer 005,West,Office Supplies,Printer Paper,4,32.0,0.0,128.0
3694,2025-08-07,Customer 033,Central,Office Supplies,Desk Organizer,6,42.0,0.05,239.4
3695,2025-08-07,Customer 006,Central,Furniture,Ergonomic Chair,1,349.0,0.0,349.0
3696,2025-08-08,Customer 035,East,Technology,Monitor 27in,6,329.0,0.15,1677.9
3697,2025-08-08,Customer 051,Central,Technology,Wireless Mouse,6,49.0,0.0,294.0
3698,2025-08-08,Customer 003,Central,Technology,Keyboard,1,89.0,0.1,80.1
3699,2025-08-08,Customer 048,South,Furniture,Standing Desk,2,599.0,0.0,1198.0
3700,2025-08-08,Customer 051,West,Furniture,Bookshelf,1,189.0,0.1,170.1
3701,2025-08-08,Customer 057,Central,Furniture,Bookshelf,1,189.0,0.0,189.0
3702,2025-08-09,Customer 031,South,Office Supplies,Pen Set,2,18.0,0.15,30.6
3703,2025-08-09,Customer 025,West,Office Supplies,Pen Set,1,18.0,0.0,18.0
3704,2025-08-10,Customer 049,West,Furniture,Standing Desk,1,599.0,0.2,479.2
3705,2025-08-10,Customer 041,South,Office Supplies,Notebook Pack,1,24.5,0.0,24.5
3706,2025-08-10,Customer 017,South,Technology,Wireless Mouse,2,49.0,0.2,78.4
3707,2025-08-11,Customer 043,East,Office Supplies,Printer Paper,1,32.0,0.0,32.0
3708,2025-08-11,Customer 059,Central,Office Supplies,Printer Paper,2,32.0,0.15,54.4
3709,2025-08-11,Customer 039,East,Office Supplies,Printer Paper,1,32.0,0.0,32.0
3710,2025-08-11,Customer 002,South,Office Supplies,Notebook Pack,4,24.5,0.1,88.2
3711,2025-08-11,Customer 042,West,Furniture,Ergonomic Chair,1,349.0,0.2,279.2
3712,2025-08-11,Customer 030,East,Office Supplies,Desk Organizer,4,42.0,0.0,168.0
3713,2025-08-11,Customer 031,South,Office Supplies,Desk Organizer,2,42.0,0.2,67.2
3714,2025-08-11,Customer 006,South,Office Supplies,Pen Set,6,18.0,0.0,108.0
3715,2025-08-12,Customer 018,East,Office Supplies,Notebook Pack,2,24.5,0.15,41.65
3716,2025-08-12,Customer 059,Central,Office Supplies,Pen Set,3,18.0,0.0,54.0
3717,2025-08-12,Customer 013,East,Technology,Monitor 27in,3,329.0,0.0,987.0
3718,2025-08-12,Customer 039,South,Technology,Keyboard,2,89.0,0.0,178.0
3719,2025-08-12,Customer 050,East,Technology,Monitor 27in,1,329.0,0.2,263.2
3720,2025-08-12,Customer 052,South,Furniture,Bookshelf,3,189.0,0.0,567.0
3721,2025-08-12,Customer 047,East,Technology,Monitor 27in,1,329.0,0.15,279.65
3722,2025-08-12,Customer 051,East,Technology,Monitor 27in,2,329.0,0.1,592.2
3723,2025-08-13,Customer 031,East,Office Supplies,Desk Organizer,2,42.0,0.05,79.8
3724,2025-08-13,Customer 017,West,Technology,Keyboard,3,89.0,0.0,267.0
3725,2025-08-13,Customer 036,South,Office Supplies,Notebook Pack,4,24.5,0.2,78.4
3726,2025-08-13,Customer 060,East,Furniture,Ergonomic Chair,2,349.0,0.2,558.4
3727,2025-08-13,Customer 037,South,Office Supplies,Printer Paper,2,32.0,0.1,57.6
3728,2025-08-13,Customer 041,South,Furniture,Bookshelf,1,189.0,0.05,179.55
3729,2025-08-13,Customer 025,East,Technology,Laptop,6,1299.0,0.05,7404.3
3730,2025-08-13,Customer 024,West,Furniture,Standing Desk,1,599.0,0.0,599.0
3731,2025-08-14,Customer 036,East,Furniture,Ergonomic Chair,2,349.0,0.0,698.0
3732,2025-08-14,Customer 003,West,Furniture,Ergonomic Chair,4,349.0,0.0,1396.0
3733,2025-08-14,Customer 047,East,Furniture,Ergonomic Chair,3,349.0,0.1,942.3
3734,2025-08-14,Customer 015,East,Office Supplies,Printer Paper,2,32.0,0.0,64.0
3735,2025-08-14,Customer 002,East,Technology,Wireless Mouse,2,49.0,0.0,98.0
3736,2025-08-14,Customer 035,West,Furniture,Standing Desk,4,599.0,0.0,2396.0
3737,2025-08-14,Customer 032,West,Furniture,Ergonomic Chair,2,349.0,0.2,558.4
3738,2025-08-14,Customer 016,South,Furniture,Standing Desk,4,599.0,0.0,2396.0
3739,2025-08-14,Customer 018,West,Technology,Monitor 27in,1,329.0,0.0,329.0
3740,2025-08-15,Customer 015,West,Office Supplies,Printer Paper,6,32.0,0.0,192.0
3741,2025-08-15,Customer 010,South,Furniture,Filing Cabinet,6,229.0,0.05,1305.3
3742,2025-08-15,Customer 049,East,Technology,Keyboard,1,89.0,0.1,80.1
3743,2025-08-15,Customer 057,East,Furniture,Filing Cabinet,4,229.0,0.2,732.8
3744,2025-08-15,Customer 040,South,Office Supplies,Notebook Pack,6,24.5,0.1,132.3
3745,2025-08-15,Customer 046,West,Office Supplies,Pen Set,3,18.0,0.0,54.0
3746,2025-08-15,Customer 026,Central,Technology,Keyboard,1,89.0,0.2,71.2
3747,2025-08-15,Customer 018,Central,Furniture,Bookshelf,3,189.0,0.05,538.65
3748,2025-08-15,Customer 039,South,Technology,Wireless Mouse,2,49.0,0.05,93.1
3749,2025-08-16,Customer 046,West,Furniture,Standing Desk,1,599.0,0.05,569.05
3750,2025-08-16,Customer 002,South,Office Supplies,Desk Organizer,3,42.0,0.05,119.7
3751,2025-08-16,Customer 028,East,Office Supplies,Printer Paper,4,32.0,0.0,128.0
3752,2025-08-17,Customer 015,Central,Office Supplies,Printer Paper,1,32.0,0.0,32.0
3753,2025-08-17,Customer 049,Central,Furniture,Filing Cabinet,3,229.0,0.0,687.0
3754,2025-08-18,Customer 045,West,Furniture,Standing Desk,1,599.0,0.1,539.1
3755,2025-08-18,Customer 010,East,Office Supplies,Notebook Pack,2,24.5,0.05,46.55
3756,2025-08-18,Customer 059,Central,Furniture,Filing Cabinet,2,229.0,0.2,366.4
3757,2025-08-18,Customer 034,West,Furniture,Filing Cabinet,2,229.0,0.0,458.0
3758,2025-08-18,Customer 042,Central,Furniture,Ergonomic Chair,1,349.0,0.1,314.1
3759,2025-08-18,Customer 016,West,Office Supplies,Printer Paper,4,32.0,0.0,128.0
3760,2025-08-18,Customer 007,East,Furniture,Ergonomic Chair,1,349.0,0.2,279.2
3761,2025-08-18,Customer 049,East,Furniture,Ergonomic Chair,6,349.0,0.1,1884.6
3762,2025-08-19,Customer 055,Central,Furniture,Standing Desk,1,599.0,0.0,599.0
3763,2025-08-19,Customer 009,Central,Office Supplies,Notebook Pack,1,24.5,0.05,23.27
3764,2025-08-19,Customer 009,Central,Furniture,Filing Cabinet,1,229.0,0.2,183.2
3765,2025-08-19,Customer 016,South,Technology,Wireless Mouse,2,49.0,0.05,93.1
3766,2025-08-19,Customer 041,West,Furniture,Ergonomic Chair,2,349.0,0.0,698.0
3767,2025-08-19,Customer 019,South,Furniture,Filing Cabinet,1,229.0,0.0,229.0
3768,2025-08-19,Customer 035,South,Technology,Keyboard,4,89.0,0.1,320.4
3769,2025-08-20,Customer 039,South,Technology,Keyboard,3,89.0,0.2,213.6
3770,2025-08-20,Customer 055,South,Office Supplies,Printer Paper,1,32.0,0.1,28.8
3771,2025-08-20,Customer 039,East,Furniture,Ergonomic Chair,2,349.0,0.0,698.0
3772,2025-08-20,Customer 025,East,Office Supplies,Notebook Pack,4,24.5,0.05,93.1
3773,2025-08-20,Customer 013,West,Office Supplies,Notebook Pack,3,24.5,0.05,69.83
3774,2025-08-20,Customer 056,Central,Furniture,Filing Cabinet,1,229.0,0.05,217.55
3775,2025-08-21,Customer 058,South,Furniture,Standing Desk,1,599.0,0.0,599.0
3776,2025-08-21,Customer 046,South,Office Supplies,Printer Paper,4,32.0,0.05,121.6
3777,2025-08-21,Customer 027,West,Office Supplies,Pen Set,6,18.0,0.0,108.0
3778,2025-08-21,Customer 024,West,Furniture,Standing Desk,1,599.0,0.0,599.0
3779,2025-08-21,Customer 056,South,Office Supplies,Printer Paper,4,32.0,0.15,108.8
3780,2025-08-21,Customer 033,South,Furniture,Bookshelf,3,189.0,0.2,453.6
3781,2025-08-22,Customer 022,Central,Furniture,Filing Cabinet,1,229.0,0.0,229.0
3782,2025-08-22,Customer 010,East,Office Supplies,Pen Set,1,18.0,0.0,18.0
3783,2025-08-22,Customer 034,East,Furniture,Ergonomic Chair,2,349.0,0.15,593.3
3784,2025-08-22,Customer 052,South,Furniture,Filing Cabinet,4,229.0,0.0,916.0
3785,2025-08-22,Customer 004,West,Office Supplies,Desk Organizer,2,42.0,0.0,84.0
3786,2025-08-22,Customer 033,West,Office Supplies,Printer Paper,4,32.0,0.2,102.4
3787,2025-08-23,Customer 025,East,Technology,Laptop,1,1299.0,0.2,1039.2
3788,2025-08-23,Customer 010,Central,Technology,Keyboard,2,89.0,0.0,178.0
3789,2025-08-24,Customer 015,West,Furniture,Filing Cabinet,2,229.0,0.05,435.1
3790,2025-08-25,Customer 013,South,Furniture,Standing Desk,4,599.0,0.1,2156.4
3791,2025-08-25,Customer 001,West,Furniture,Filing Cabinet,2,229.0,0.0,458.0
3792,2025-08-25,Customer 031,West,Furniture,Ergonomic Chair,2,349.0,0.15,593.3
3793,2025-08-25,Customer 032,West,Furniture,Filing Cabinet,1,229.0,0.15,194.65
3794,2025-08-25,Customer 047,East,Furniture,Filing Cabinet,3,229.0,0.1,618.3
3795,2025-08-25,Customer 043,East,Office Supplies,Desk Organizer,3,42.0,0.15,107.1
3796,2025-08-25,Customer 039,Central,Technology,Monitor 27in,2,329.0,0.2,526.4
3797,2025-08-26,Customer 018,East,Furniture,Ergonomic Chair,4,349.0,0.05,1326.2
3798,2025-08-26,Customer 026,West,Technology,Wireless Mouse,6,49.0,0.15,249.9
3799,2025-08-26,Customer 053,Central,Technology,Wireless Mouse,2,49.0,0.0,98.0
3800,2025-08-26,Customer 030,Central,Technology,Monitor 27in,2,329.0,0.0,658.0
3801,2025-08-26,Customer 026,South,Furniture,Bookshelf,4,189.0,0.15,642.6
3802,2025-08-26,Customer 016,Central,Technology,Wireless Mouse,2,49.0,0.0,98.0
3803,2025-08-26,Customer 021,West,Technology,Keyboard,1,89.0,0.2,71.2
3804,2025-08-27,Customer 022,East,Furniture,Filing Cabinet,6,229.0,0.0,1374.0
3805,2025-08-27,Customer 057,South,Furniture,Bookshelf,2,189.0,0.05,359.1
3806,2025-08-27,Customer 055,Central,Office Supplies,Pen Set,4,18.0,0.05,68.4
3807,2025-08-27,Customer 011,East,Office Supplies,Pen Set,1,18.0,0.0,18.0
3808,2025-08-28,Customer 006,West,Technology,Keyboard,1,89.0,0.0,89.0
3809,2025-08-28,Customer 028,South,Technology,Laptop,1,1299.0,0.1,1169.1
3810,2025-08-28,Customer 031,Central,Furniture,Standing Desk,1,599.0,0.0,599.0
3811,2025-08-28,Customer 024,East,Furniture,Standing Desk,2,599.0,0.2,958.4
3812,2025-08-28,Customer 058,East,Technology,Laptop,1,1299.0,0.0,1299.0
3813,2025-08-28,Customer 006,West,Office Supplies,Notebook Pack,1,24.5,0.1,22.05
3814,2025-08-28,Customer 011,South,Technology,Laptop,2,1299.0,0.2,2078.4
3815,2025-08-28,Customer 019,West,Office Supplies,Notebook Pack,2,24.5,0.1,44.1
3816,2025-08-29,Customer 042,West,Furniture,Filing Cabinet,2,229.0,0.0,458.0
3817,2025-08-29,Customer 026,East,Office Supplies,Pen Set,2,18.0,0.0,36.0
3818,2025-08-29,Customer 029,East,Technology,Monitor 27in,6,329.0,0.2,1579.2
3819,2025-08-29,Customer 046,South,Technology,Wireless Mouse,2,49.0,0.15,83.3
3820,2025-08-29,Customer 021,Central,Office Supplies,Pen Set,2,18.0,0.15,30.6
3821,2025-08-29,Customer 010,West,Furniture,Filing Cabinet,1,229.0,0.15,194.65
3822,2025-08-29,Customer 007,South,Furniture,Ergonomic Chair,1,349.0,0.0,349.0
3823,2025-08-29,Customer 050,East,Furniture,Standing Desk,1,599.0,0.0,599.0
3824,2025-08-30,Customer 031,South,Technology,Wireless Mouse,2,49.0,0.15,83.3
3825,2025-08-31,Customer 042,West,Technology,Wireless Mouse,2,49.0,0.05,93.1
3826,2025-09-01,Customer 023,West,Office Supplies,Pen Set,4,18.0,0.0,72.0
3827,2025-09-01,Customer 012,South,Furniture,Ergonomic Chair,2,349.0,0.05,663.1
3828,2025-09-01,Customer 009,East,Office Supplies,Printer Paper,3,32.0,0.05,91.2
3829,2025-09-01,Customer 037,Central,Technology,Keyboard,3,89.0,0.2,213.6
3830,2025-09-01,Customer 006,South,Furniture,Standing Desk,2,599.0,0.05,1138.1
3831,2025-09-01,Customer 016,South,Office Supplies,Pen Set,1,18.0,0.0,18.0
3832,2025-09-01,Customer 003,West,Office Supplies,Pen Set,1,18.0,0.05,17.1
3833,2025-09-01,Customer 040,East,Technology,Wireless Mouse,3,49.0,0.2,117.6
3834,2025-09-01,Customer 050,Central,Office Supplies,Notebook Pack,1,24.5,0.05,23.27
3835,2025-09-02,Customer 038,Central,Technology,Wireless Mouse,4,49.0,0.1,176.4
3836,2025-09-02,Customer 038,East,Office Supplies,Notebook Pack,6,24.5,0.15,124.95
3837,2025-09-02,Customer 022,West,Technology,Keyboard,1,89.0,0.0,89.0
3838,2025-09-02,Customer 057,South,Office Supplies,Notebook Pack,6,24.5,0.2,117.6
3839,2025-09-02,Customer 038,Central,Office Supplies,Pen Set,3,18.0,0.2,43.2
3840,2025-09-02,Customer 055,West,Office Supplies,Desk Organizer,2,42.0,0.15,71.4
3841,2025-09-02,Customer 001,Central,Furniture,Bookshelf,4,189.0,0.0,756.0
3842,2025-09-03,Customer 026,West,Furniture,Standing Desk,6,599.0,0.0,3594.0
3843,2025-09-03,Customer 052,East,Office Supplies,Notebook Pack,1,24.5,0.2,19.6
3844,2025-09-03,Customer 056,East,Technology,Keyboard,1,89.0,0.1,80.1
3845,2025-09-03,Customer 014,East,Technology,Laptop,6,1299.0,0.1,7014.6
3846,2025-09-03,Customer 047,East,Furniture,Standing Desk,4,599.0,0.1,2156.4
3847,2025-09-03,Customer 028,West,Furniture,Standing Desk,1,599.0,0.15,509.15
3848,2025-09-03,Customer 007,Central,Office Supplies,Pen Set,6,18.0,0.0,108.0
3849,2025-09-03,Customer 019,East,Technology,Wireless Mouse,1,49.0,0.15,41.65
3850,2025-09-04,Customer 049,East,Furniture,Standing Desk,3,599.0,0.0,1797.0
3851,2025-09-04,Customer 056,West,Office Supplies,Notebook Pack,1,24.5,0.0,24.5
3852,2025-09-04,Customer 050,East,Furniture,Standing Desk,1,599.0,0.2,479.2
3853,2025-09-04,Customer 008,South,Furniture,Ergonomic Chair,6,349.0,0.0,2094.0
3854,2025-09-05,Customer 040,East,Technology,Laptop,6,1299.0,0.15,6624.9
3855,2025-09-05,Customer 012,South,Furniture,Bookshelf,1,189.0,0.0,189.0
3856,2025-09-05,Customer 052,West,Furniture,Bookshelf,1,189.0,0.1,170.1
3857,2025-09-05,Customer 011,Central,Furniture,Standing Desk,1,599.0,0.0,599.0
3858,2025-09-05,Customer 055,South,Office Supplies,Desk Organizer,1,42.0,0.0,42.0
3859,2025-09-05,Customer 011,Central,Office Supplies,Notebook Pack,4,24.5,0.0,98.0
3860,2025-09-05,Customer 015,South,Technology,Keyboard,1,89.0,0.15,75.65
3861,2025-09-05,Customer 042,East,Technology,Keyboard,4,89.0,0.0,356.0
3862,2025-09-05,Customer 013,West,Furniture,Ergonomic Chair,1,349.0,0.05,331.55
3863,2025-09-06,Customer 048,West,Technology,Wireless Mouse,3,49.0,0.05,139.65
3864,2025-09-06,Customer 054,West,Office Supplies,Printer Paper,1,32.0,0.0,32.0
3865,2025-09-07,Customer 032,East,Technology,Laptop,1,1299.0,0.05,1234.05
3866,2025-09-07,Customer 020,South,Furniture,Ergonomic Chair,3,349.0,0.0,1047.0
3867,2025-09-08,Customer 017,South,Furniture,Bookshelf,1,189.0,0.15,160.65
3868,2025-09-08,Customer 027,West,Furniture,Bookshelf,3,189.0,0.2,453.6
3869,2025-09-08,Customer 020,East,Technology,Wireless Mouse,1,49.0,0.05,46.55
3870,2025-09-08,Customer 021,Central,Office Supplies,Notebook Pack,1,24.5,0.0,24.5
3871,2025-09-08,Customer 039,West,Technology,Laptop,1,1299.0,0.1,1169.1
3872,2025-09-08,Customer 050,East,Office Supplies,Notebook Pack,1,24.5,0.0,24.5
3873,2025-09-09,Customer 014,West,Office Supplies,Notebook Pack,1,24.5,0.1,22.05
3874,2025-09-09,Customer 054,West,Furniture,Ergonomic Chair,2,349.0,0.0,698.0
3875,2025-09-09,Customer 058,South,Technology,Wireless Mouse,2,49.0,0.0,98.0
3876,2025-09-09,Customer 043,East,Furniture,Bookshelf,4,189.0,0.0,756.0
3877,2025-09-09,Customer 007,West,Office Supplies,Notebook Pack,1,24.5,0.0,24.5
3878,2025-09-09,Customer 052,East,Furniture,Filing Cabinet,1,229.0,0.05,217.55
3879,2025-09-09,Customer 038,Central,Office Supplies,Notebook Pack,2,24.5,0.0,49.0
3880,2025-09-09,Customer 042,West,Furniture,Bookshelf,1,189.0,0.0,189.0
3881,2025-09-09,Customer 047,Central,Technology,Laptop,6,1299.0,0.0,7794.0
3882,2025-09-09,Customer 044,East,Furniture,Standing Desk,4,599.0,0.0,2396.0
3883,2025-09-10,Customer 028,Central,Furniture,Filing Cabinet,2,229.0,0.0,458.0
3884,2025-09-10,Customer 034,East,Technology,Keyboard,2,89.0,0.2,142.4
3885,2025-09-10,Customer 027,East,Office Supplies,Pen Set,4,18.0,0.1,64.8
3886,2025-09-10,Customer 027,East,Office Supplies,Pen Set,1,18.0,0.15,15.3
3887,2025-09-10,Customer 026,Central,Technology,Keyboard,1,89.0,0.0,89.0
3888,2025-09-11,Customer 012,West,Technology,Wireless Mouse,1,49.0,0.1,44.1
3889,2025-09-11,Customer 003,Central,Technology,Monitor 27in,1,329.0,0.15,279.65
3890,2025-09-11,Customer 026,Central,Furniture,Ergonomic Chair,1,349.0,0.15,296.65
3891,2025-09-11,Customer 001,Central,Furniture,Bookshelf,1,189.0,0.1,170.1
3892,2025-09-11,Customer 007,East,Technology,Laptop,1,1299.0,0.05,1234.05
3893,2025-09-11,Customer 047,West,Furniture,Filing Cabinet,1,229.0,0.0,229.0
3894,2025-09-12,Customer 043,Central,Office Supplies,Printer Paper,2,32.0,0.05,60.8
3895,2025-09-12,Customer 023,Central,Technology,Monitor 27in,2,329.0,0.05,625.1
3896,2025-09-12,Customer 018,South,Technology,Monitor 27in,6,329.0,0.05,1875.3
3897,2025-09-12,Customer 030,Central,Furniture,Bookshelf,1,189.0,0.05,179.55
3898,2025-09-12,Customer 019,Central,Furniture,Ergonomic Chair,6,349.0,0.1,1884.6
3899,2025-09-12,Customer 019,East,Office Supplies,Notebook Pack,2,24.5,0.0,49.0
3900,2025-09-12,Customer 051,West,Furniture,Filing Cabinet,1,229.0,0.05,217.55
3901,2025-09-12,Customer 042,Central,Technology,Keyboard,3,89.0,0.0,267.0
3902,2025-09-13,Customer 031,South,Office Supplies,Pen Set,2,18.0,0.2,28.8
3903,2025-09-13,Customer 029,Central,Office Supplies,Pen Set,6,18.0,0.0,108.0
3904,2025-09-14,Customer 033,Central,Office Supplies,Printer Paper,2,32.0,0.1,57.6
3905,2025-09-14,Customer 017,West,Furniture,Bookshelf,3,189.0,0.1,510.3
3906,2025-09-14,Customer 005,West,Office Supplies,Desk Organizer,4,42.0,0.0,168.0
3907,2025-09-14,Customer 016,Central,Furniture,Bookshelf,2,189.0,0.2,302.4
3908,2025-09-15,Customer 002,East,Technology,Keyboard,1,89.0,0.0,89.0
3909,2025-09-15,Customer 031,Central,Technology,Keyboard,3,89.0,0.0,267.0
3910,2025-09-15,Customer 049,South,Furniture,Ergonomic Chair,2,349.0,0.15,593.3
3911,2025-09-15,Customer 026,East,Office Supplies,Desk Organizer,2,42.0,0.15,71.4
3912,2025-09-15,Customer 013,Central,Furniture,Filing Cabinet,6,229.0,0.1,1236.6
3913,2025-09-15,Customer 031,Central,Office Supplies,Notebook Pack,3,24.5,0.0,73.5
3914,2025-09-15,Customer 028,West,Technology,Wireless Mouse,6,49.0,0.0,294.0
3915,2025-09-16,Customer 003,Central,Furniture,Standing Desk,4,599.0,0.2,1916.8
3916,2025-09-16,Customer 044,South,Office Supplies,Printer Paper,1,32.0,0.0,32.0
3917,2025-09-16,Customer 014,Central,Technology,Monitor 27in,2,329.0,0.15,559.3
3918,2025-09-16,Customer 001,South,Office Supplies,Notebook Pack,1,24.5,0.0,24.5
3919,2025-09-16,Customer 006,East,Furniture,Bookshelf,6,189.0,0.0,1134.0
3920,2025-09-16,Customer 017,Central,Furniture,Ergonomic Chair,1,349.0,0.2,279.2
3921,2025-09-16,Customer 011,West,Furniture,Filing Cabinet,2,229.0,0.1,412.2
3922,2025-09-17,Customer 007,West,Office Supplies,Pen Set,4,18.0,0.0,72.0
3923,2025-09-17,Customer 028,East,Technology,Monitor 27in,2,329.0,0.0,658.0
3924,2025-09-17,Customer 048,West,Office Supplies,Printer Paper,1,32.0,0.0,32.0
3925,2025-09-17,Customer 012,Central,Technology,Laptop,2,1299.0,0.0,2598.0
3926,2025-09-17,Customer 053,Central,Furniture,Ergonomic Chair,1,349.0,0.0,349.0
3927,2025-09-17,Customer 004,South,Furniture,Standing Desk,2,599.0,0.05,1138.1
3928,2025-09-18,Customer 049,East,Furniture,Standing Desk,3,599.0,0.15,1527.45
3929,2025-09-18,Customer 005,Central,Technology,Keyboard,1,89.0,0.15,75.65
3930,2025-09-18,Customer 024,West,Office Supplies,Printer Paper,1,32.0,0.0,32.0
3931,2025-09-18,Customer 006,Central,Technology,Monitor 27in,4,329.0,0.0,1316.0
3932,2025-09-18,Customer 007,South,Furniture,Ergonomic Chair,1,349.0,0.05,331.55
3933,2025-09-18,Customer 034,East,Furniture,Standing Desk,2,599.0,0.15,1018.3
3934,2025-09-18,Customer 028,Central,Office Supplies,Pen Set,2,18.0,0.05,34.2
3935,2025-09-19,Customer 017,Central,Technology,Keyboard,2,89.0,0.0,178.0
3936,2025-09-19,Customer 019,South,Technology,Laptop,2,1299.0,0.05,2468.1
3937,2025-09-19,Customer 038,West,Technology,Keyboard,1,89.0,0.2,71.2
3938,2025-09-19,Customer 048,West,Technology,Monitor 27in,1,329.0,0.0,329.0
3939,2025-09-19,Customer 038,Central,Technology,Keyboard,4,89.0,0.15,302.6
3940,2025-09-19,Customer 009,Central,Furniture,Standing Desk,2,599.0,0.2,958.4
3941,2025-09-19,Customer 036,West,Furniture,Ergonomic Chair,2,349.0,0.1,628.2
3942,2025-09-19,Customer 022,Central,Office Supplies,Notebook Pack,2,24.5,0.0,49.0
3943,2025-09-20,Customer 051,Central,Office Supplies,Pen Set,1,18.0,0.2,14.4
3944,2025-09-20,Customer 029,West,Technology,Laptop,1,1299.0,0.1,1169.1
3945,2025-09-20,Customer 011,East,Office Supplies,Notebook Pack,3,24.5,0.05,69.83
3946,2025-09-21,Customer 001,West,Office Supplies,Notebook Pack,1,24.5,0.2,19.6
3947,2025-09-21,Customer 021,Central,Technology,Laptop,1,1299.0,0.0,1299.0
3948,2025-09-22,Customer 013,South,Technology,Laptop,1,1299.0,0.15,1104.15
3949,2025-09-22,Customer 051,West,Furniture,Filing Cabinet,3,229.0,0.0,687.0
3950,2025-09-22,Customer 025,West,Technology,Monitor 27in,3,329.0,0.0,987.0
3951,2025-09-22,Customer 011,West,Technology,Wireless Mouse,2,49.0,0.0,98.0
3952,2025-09-22,Customer 032,West,Technology,Monitor 27in,6,329.0,0.0,1974.0
3953,2025-09-22,Customer 040,West,Furniture,Standing Desk,2,599.0,0.1,1078.2
3954,2025-09-22,Customer 033,South,Office Supplies,Printer Paper,6,32.0,0.0,192.0
3955,2025-09-23,Customer 004,West,Office Supplies,Notebook Pack,1,24.5,0.1,22.05
3956,2025-09-23,Customer 023,East,Technology,Wireless Mouse,2,49.0,0.05,93.1
3957,2025-09-23,Customer 010,South,Furniture,Bookshelf,2,189.0,0.1,340.2
3958,2025-09-23,Customer 010,East,Office Supplies,Notebook Pack,2,24.5,0.05,46.55
3959,2025-09-24,Customer 053,Central,Office Supplies,Notebook Pack,3,24.5,0.0,73.5
3960,2025-09-24,Customer 046,West,Technology,Keyboard,1,89.0,0.1,80.1
3961,2025-09-24,Customer 014,Central,Technology,Keyboard,1,89.0,0.05,84.55
3962,2025-09-25,Customer 002,Central,Office Supplies,Printer Paper,3,32.0,0.2,76.8
3963,2025-09-25,Customer 052,West,Furniture,Ergonomic Chair,1,349.0,0.0,349.0
3964,2025-09-25,Customer 034,West,Furniture,Filing Cabinet,2,229.0,0.2,366.4
3965,2025-09-25,Customer 047,East,Technology,Laptop,2,1299.0,0.15,2208.3
3966,2025-09-25,Customer 057,Central,Technology,Monitor 27in,6,329.0,0.05,1875.3
3967,2025-09-25,Customer 049,Central,Technology,Monitor 27in,4,329.0,0.15,1118.6
3968,2025-09-25,Customer 016,Central,Technology,Laptop,4,1299.0,0.0,5196.0
3969,2025-09-26,Customer 037,East,Office Supplies,Desk Organizer,1,42.0,0.1,37.8
3970,2025-09-26,Customer 016,South,Office Supplies,Desk Organizer,1,42.0,0.0,42.0
3971,2025-09-26,Customer 047,South,Technology,Monitor 27in,3,329.0,0.15,838.95
3972,2025-09-26,Customer 017,West,Furniture,Ergonomic Chair,2,349.0,0.2,558.4
3973,2025-09-26,Customer 041,South,Office Supplies,Notebook Pack,4,24.5,0.0,98.0
3974,2025-09-26,Customer 019,West,Furniture,Bookshelf,3,189.0,0.2,453.6
3975,2025-09-26,Customer 044,East,Furniture,Filing Cabinet,2,229.0,0.15,389.3
3976,2025-09-27,Customer 056,West,Office Supplies,Pen Set,2,18.0,0.0,36.0
3977,2025-09-27,Customer 020,South,Technology,Laptop,6,1299.0,0.05,7404.3
3978,2025-09-28,Customer 007,East,Technology,Laptop,2,1299.0,0.15,2208.3
3979,2025-09-28,Customer 047,Central,Furniture,Standing Desk,2,599.0,0.0,1198.0
3980,2025-09-28,Customer 019,West,Office Supplies,Notebook Pack,3,24.5,0.0,73.5
3981,2025-09-29,Customer 014,East,Office Supplies,Pen Set,2,18.0,0.0,36.0
3982,2025-09-29,Customer 008,South,Furniture,Bookshelf,3,189.0,0.15,481.95
3983,2025-09-29,Customer 007,West,Technology,Monitor 27in,1,329.0,0.2,263.2
3984,2025-09-29,Customer 057,West,Furniture,Filing Cabinet,6,229.0,0.15,1167.9
3985,2025-09-30,Customer 044,Central,Furniture,Standing Desk,1,599.0,0.15,509.15
3986,2025-09-30,Customer 042,East,Office Supplies,Pen Set,1,18.0,0.05,17.1
3987,2025-09-30,Customer 003,West,Furniture,Ergonomic Chair,4,349.0,0.2,1116.8
3988,2025-09-30,Customer 007,South,Furniture,Filing Cabinet,3,229.0,0.05,652.65
3989,2025-09-30,Customer 059,Central,Technology,Keyboard,1,89.0,0.0,89.0
3990,2025-10-01,Customer 007,East,Furniture,Ergonomic Chair,1,349.0,0.1,314.1
3991,2025-10-01,Customer 039,West,Office Supplies,Notebook Pack,1,24.5,0.2,19.6
3992,2025-10-01,Customer 041,South,Furniture,Filing Cabinet,3,229.0,0.05,652.65
3993,2025-10-01,Customer 059,South,Office Supplies,Desk Organizer,1,42.0,0.15,35.7
3994,2025-10-01,Customer 040,East,Furniture,Standing Desk,4,599.0,0.0,2396.0
3995,2025-10-01,Customer 039,West,Furniture,Ergonomic Chair,1,349.0,0.0,349.0
3996,2025-10-01,Customer 019,Central,Furniture,Bookshelf,1,189.0,0.1,170.1
3997,2025-10-02,Customer 027,Central,Office Supplies,Notebook Pack,1,24.5,0.2,19.6
3998,2025-10-02,Customer 039,Central,Furniture,Standing Desk,2,599.0,0.1,1078.2
3999,2025-10-02,Customer 022,East,Furniture,Standing Desk,6,599.0,0.0,3594.0
4000,2025-10-02,Customer 060,West,Office Supplies,Notebook Pack,1,24.5,0.0,24.5
4001,2025-10-02,Customer 035,South,Technology,Wireless Mouse,1,49.0,0.1,44.1
4002,2025-10-02,Customer 002,East,Technology,Laptop,3,1299.0,0.15,3312.45
4003,2025-10-02,Customer 028,West,Furniture,Filing Cabinet,4,229.0,0.05,870.2
4004,2025-10-03,Customer 009,South,Technology,Laptop,1,1299.0,0.15,1104.15
4005,2025-10-03,Customer 004,Central,Furniture,Ergonomic Chair,2,349.0,0.2,558.4
4006,2025-10-03,Customer 006,West,Office Supplies,Printer Paper,4,32.0,0.1,115.2
4007,2025-10-03,Customer 021,Central,Office Supplies,Pen Set,6,18.0,0.0,108.0
4008,2025-10-03,Customer 058,East,Furniture,Standing Desk,2,599.0,0.0,1198.0
4009,2025-10-03,Customer 036,Central,Office Supplies,Notebook Pack,4,24.5,0.1,88.2
4010,2025-10-03,Customer 055,South,Office Supplies,Notebook Pack,6,24.5,0.15,124.95
4011,2025-10-03,Customer 054,East,Office Supplies,Pen Set,2,18.0,0.1,32.4
4012,2025-10-03,Customer 020,West,Office Supplies,Notebook Pack,1,24.5,0.0,24.5
4013,2025-10-04,Customer 031,Central,Furniture,Bookshelf,2,189.0,0.0,378.0
4014,2025-10-04,Customer 042,East,Office Supplies,Notebook Pack,2,24.5,0.0,49.0
4015,2025-10-04,Customer 043,East,Technology,Laptop,1,1299.0,0.0,1299.0
4016,2025-10-04,Customer 024,West,Office Supplies,Notebook Pack,1,24.5,0.1,22.05
4017,2025-10-05,Customer 046,South,Office Supplies,Desk Organizer,1,42.0,0.0,42.0
4018,2025-10-06,Customer 040,South,Furniture,Filing Cabinet,4,229.0,0.2,732.8
4019,2025-10-06,Customer 057,East,Technology,Wireless Mouse,6,49.0,0.0,294.0
4020,2025-10-06,Customer 037,Central,Furniture,Bookshelf,4,189.0,0.15,642.6
4021,2025-10-06,Customer 002,East,Furniture,Bookshelf,1,189.0,0.0,189.0
4022,2025-10-06,Customer 007,Central,Technology,Monitor 27in,1,329.0,0.0,329.0
4023,2025-10-06,Customer 028,South,Furniture,Bookshelf,1,189.0,0.2,151.2
4024,2025-10-06,Customer 045,West,Technology,Laptop,4,1299.0,0.1,4676.4
4025,2025-10-06,Customer 041,West,Technology,Keyboard,1,89.0,0.05,84.55
4026,2025-10-06,Customer 029,Central,Office Supplies,Printer Paper,1,32.0,0.15,27.2
4027,2025-10-07,Customer 047,Central,Technology,Monitor 27in,2,329.0,0.1,592.2
4028,2025-10-07,Customer 043,East,Technology,Monitor 27in,3,329.0,0.15,838.95
4029,2025-10-07,Customer 058,West,Technology,Monitor 27in,1,329.0,0.15,279.65
4030,2025-10-07,Customer 057,West,Office Supplies,Notebook Pack,3,24.5,0.05,69.83
4031,2025-10-07,Customer 036,Central,Furniture,Filing Cabinet,3,229.0,0.0,687.0
4032,2025-10-07,Customer 043,East,Office Supplies,Desk Organizer,1,42.0,0.05,39.9
4033,2025-10-07,Customer 027,West,Furniture,Filing Cabinet,4,229.0,0.0,916.0
4034,2025-10-08,Customer 044,Central,Technology,Keyboard,4,89.0,0.0,356.0
4035,2025-10-08,Customer 008,East,Furniture,Bookshelf,3,189.0,0.2,453.6
4036,2025-10-08,Customer 010,Central,Furniture,Bookshelf,4,189.0,0.1,680.4
4037,2025-10-08,Customer 058,West,Technology,Wireless Mouse,2,49.0,0.15,83.3
4038,2025-10-08,Customer 015,West,Furniture,Standing Desk,6,599.0,0.2,2875.2
4039,2025-10-08,Customer 005,West,Furniture,Filing Cabinet,4,229.0,0.05,870.2
4040,2025-10-08,Customer 006,Central,Furniture,Filing Cabinet,2,229.0,0.0,458.0
4041,2025-10-08,Customer 005,South,Technology,Wireless Mouse,1,49.0,0.0,49.0
4042,2025-10-09,Customer 019,West,Technology,Laptop,2,1299.0,0.0,2598.0
4043,2025-10-09,Customer 027,Central,Technology,Wireless Mouse,1,49.0,0.05,46.55
4044,2025-10-09,Customer 027,Central,Technology,Monitor 27in,6,329.0,0.15,1677.9
4045,2025-10-09,Customer 018,East,Furniture,Bookshelf,2,189.0,0.15,321.3
4046,2025-10-09,Customer 039,East,Furniture,Filing Cabinet,6,229.0,0.05,1305.3
4047,2025-10-09,Customer 029,Central,Office Supplies,Pen Set,1,18.0,0.15,15.3
4048,2025-10-09,Customer 009,Central,Technology,Keyboard,4,89.0,0.15,302.6
4049,2025-10-10,Customer 060,West,Furniture,Filing Cabinet,6,229.0,0.05,1305.3
4050,2025-10-10,Customer 026,East,Furniture,Ergonomic Chair,2,349.0,0.0,698.0
4051,2025-10-10,Customer 030,Central,Furniture,Standing Desk,2,599.0,0.0,1198.0
4052,2025-10-10,Customer 046,Central,Furniture,Standing Desk,3,599.0,0.0,1797.0
4053,2025-10-10,Customer 030,West,Furniture,Bookshelf,4,189.0,0.0,756.0
4054,2025-10-10,Customer 058,Central,Office Supplies,Notebook Pack,2,24.5,0.2,39.2
4055,2025-10-11,Customer 011,West,Technology,Laptop,1,1299.0,0.1,1169.1
4056,2025-10-11,Customer 028,Central,Office Supplies,Notebook Pack,2,24.5,0.2,39.2
4057,2025-10-11,Customer 032,East,Technology,Wireless Mouse,1,49.0,0.05,46.55
4058,2025-10-11,Customer 029,West,Office Supplies,Notebook Pack,2,24.5,0.0,49.0
4059,2025-10-12,Customer 011,East,Office Supplies,Desk Organizer,1,42.0,0.15,35.7
4060,2025-10-12,Customer 033,West,Furniture,Standing Desk,4,599.0,0.0,2396.0
4061,2025-10-12,Customer 004,Central,Furniture,Filing Cabinet,2,229.0,0.0,458.0
4062,2025-10-12,Customer 007,South,Office Supplies,Pen Set,2,18.0,0.2,28.8
4063,2025-10-13,Customer 048,South,Office Supplies,Notebook Pack,1,24.5,0.05,23.27
4064,2025-10-13,Customer 001,Central,Technology,Monitor 27in,1,329.0,0.0,329.0
4065,2025-10-13,Customer 038,Central,Technology,Laptop,6,1299.0,0.2,6235.2
4066,2025-10-13,Customer 060,South,Furniture,Standing Desk,2,599.0,0.1,1078.2
4067,2025-10-13,Customer 047,South,Furniture,Bookshelf,6,189.0,0.2,907.2
4068,2025-10-13,Customer 053,Central,Furniture,Filing Cabinet,2,229.0,0.2,366.4
4069,2025-10-14,Customer 022,Central,Furniture,Bookshelf,4,189.0,0.0,756.0
4070,2025-10-14,Customer 051,South,Technology,Keyboard,1,89.0,0.05,84.55
4071,2025-10-14,Customer 045,West,Office Supplies,Notebook Pack,6,24.5,0.05,139.65
4072,2025-10-14,Customer 034,Central,Office Supplies,Printer Paper,2,32.0,0.05,60.8
4073,2025-10-14,Customer 035,Central,Furniture,Bookshelf,1,189.0,0.05,179.55
4074,2025-10-14,Customer 041,East,Furniture,Standing Desk,1,599.0,0.0,599.0
4075,2025-10-14,Customer 044,East,Office Supplies,Pen Set,1,18.0,0.05,17.1
4076,2025-10-14,Customer 044,East,Furniture,Bookshelf,6,189.0,0.0,1134.0
4077,2025-10-14,Customer 042,Central,Office Supplies,Pen Set,1,18.0,0.1,16.2
4078,2025-10-15,Customer 026,South,Furniture,Standing Desk,3,599.0,0.1,1617.3
4079,2025-10-15,Customer 028,East,Technology,Laptop,2,1299.0,0.0,2598.0
4080,2025-10-15,Customer 058,West,Technology,Laptop,1,1299.0,0.0,1299.0
4081,2025-10-15,Customer 054,South,Office Supplies,Notebook Pack,2,24.5,0.15,41.65
4082,2025-10-15,Customer 009,East,Technology,Wireless Mouse,2,49.0,0.15,83.3
4083,2025-10-16,Customer 023,South,Technology,Laptop,1,1299.0,0.0,1299.0
4084,2025-10-16,Customer 042,South,Technology,Keyboard,1,89.0,0.15,75.65
4085,2025-10-16,Customer 058,South,Furniture,Bookshelf,1,189.0,0.0,189.0
4086,2025-10-16,Customer 035,Central,Office Supplies,Printer Paper,6,32.0,0.0,192.0
4087,2025-10-16,Customer 050,West,Furniture,Filing Cabinet,2,229.0,0.05,435.1
4088,2025-10-16,Customer 040,South,Technology,Laptop,6,1299.0,0.05,7404.3
4089,2025-10-16,Customer 032,Central,Office Supplies,Pen Set,4,18.0,0.1,64.8
4090,2025-10-16,Customer 048,West,Furniture,Bookshelf,2,189.0,0.05,359.1
4091,2025-10-17,Customer 042,Central,Technology,Wireless Mouse,1,49.0,0.05,46.55
4092,2025-10-17,Customer 045,East,Technology,Monitor 27in,3,329.0,0.0,987.0
4093,2025-10-17,Customer 047,East,Furniture,Bookshelf,4,189.0,0.05,718.2
4094,2025-10-17,Customer 044,West,Technology,Keyboard,1,89.0,0.0,89.0
4095,2025-10-17,Customer 048,East,Furniture,Bookshelf,1,189.0,0.2,151.2
4096,2025-10-17,Customer 060,South,Office Supplies,Desk Organizer,2,42.0,0.0,84.0
4097,2025-10-18,Customer 041,Central,Furniture,Bookshelf,2,189.0,0.0,378.0
4098,2025-10-19,Customer 026,Central,Technology,Monitor 27in,2,329.0,0.2,526.4
4099,2025-10-19,Customer 011,East,Furniture,Ergonomic Chair,3,349.0,0.05,994.65
4100,2025-10-19,Customer 049,East,Furniture,Bookshelf,1,189.0,0.1,170.1
4101,2025-10-20,Customer 037,Central,Furniture,Bookshelf,4,189.0,0.0,756.0
4102,2025-10-20,Customer 034,East,Office Supplies,Pen Set,2,18.0,0.0,36.0
4103,2025-10-20,Customer 046,South,Furniture,Standing Desk,1,599.0,0.1,539.1
4104,2025-10-20,Customer 032,East,Office Supplies,Desk Organizer,1,42.0,0.15,35.7
4105,2025-10-20,Customer 021,South,Office Supplies,Desk Organizer,1,42.0,0.1,37.8
4106,2025-10-20,Customer 001,Central,Technology,Wireless Mouse,2,49.0,0.0,98.0
4107,2025-10-20,Customer 008,South,Office Supplies,Notebook Pack,1,24.5,0.2,19.6
4108,2025-10-21,Customer 013,East,Technology,Keyboard,1,89.0,0.0,89.0
4109,2025-10-21,Customer 003,West,Technology,Monitor 27in,2,329.0,0.2,526.4
4110,2025-10-21,Customer 006,East,Office Supplies,Pen Set,4,18.0,0.0,72.0
4111,2025-10-21,Customer 053,East,Office Supplies,Printer Paper,1,32.0,0.0,32.0
4112,2025-10-22,Customer 027,South,Furniture,Bookshelf,2,189.0,0.2,302.4
4113,2025-10-22,Customer 028,South,Technology,Laptop,2,1299.0,0.2,2078.4
4114,2025-10-22,Customer 018,Central,Office Supplies,Notebook Pack,1,24.5,0.1,22.05
4115,2025-10-22,Customer 051,West,Technology,Laptop,2,1299.0,0.2,2078.4
4116,2025-10-22,Customer 025,West,Furniture,Bookshelf,1,189.0,0.05,179.55
4117,2025-10-22,Customer 047,Central,Technology,Keyboard,1,89.0,0.1,80.1
4118,2025-10-22,Customer 009,Central,Office Supplies,Notebook Pack,2,24.5,0.0,49.0
4119,2025-10-22,Customer 057,Central,Technology,Wireless Mouse,4,49.0,0.0,196.0
4120,2025-10-23,Customer 021,South,Office Supplies,Printer Paper,4,32.0,0.0,128.0
4121,2025-10-23,Customer 056,Central,Office Supplies,Printer Paper,2,32.0,0.0,64.0
4122,2025-10-23,Customer 022,East,Furniture,Filing Cabinet,3,229.0,0.1,618.3
4123,2025-10-23,Customer 051,East,Technology,Wireless Mouse,4,49.0,0.0,196.0
4124,2025-10-23,Customer 009,East,Technology,Wireless Mouse,1,49.0,0.1,44.1
4125,2025-10-23,Customer 045,South,Technology,Laptop,1,1299.0,0.2,1039.2
4126,2025-10-23,Customer 001,West,Office Supplies,Notebook Pack,1,24.5,0.2,19.6
4127,2025-10-23,Customer 041,Central,Furniture,Standing Desk,2,599.0,0.0,1198.0
4128,2025-10-24,Customer 057,West,Furniture,Standing Desk,1,599.0,0.15,509.15
4129,2025-10-24,Customer 001,East,Office Supplies,Desk Organizer,1,42.0,0.0,42.0
4130,2025-10-24,Customer 014,South,Office Supplies,Printer Paper,1,32.0,0.1,28.8
4131,2025-10-24,Customer 020,East,Technology,Monitor 27in,1,329.0,0.0,329.0
4132,2025-10-24,Customer 040,South,Technology,Keyboard,4,89.0,0.1,320.4
4133,2025-10-25,Customer 029,South,Furniture,Filing Cabinet,2,229.0,0.05,435.1
4134,2025-10-26,Customer 024,Central,Office Supplies,Pen Set,1,18.0,0.0,18.0
4135,2025-10-26,Customer 034,Central,Office Supplies,Desk Organizer,2,42.0,0.0,84.0
4136,2025-10-27,Customer 054,West,Furniture,Ergonomic Chair,1,349.0,0.0,349.0
4137,2025-10-27,Customer 042,West,Furniture,Standing Desk,1,599.0,0.2,479.2
4138,2025-10-27,Customer 025,West,Technology,Wireless Mouse,1,49.0,0.0,49.0
4139,2025-10-27,Customer 032,Central,Furniture,Standing Desk,4,599.0,0.0,2396.0
4140,2025-10-27,Customer 035,Central,Furniture,Filing Cabinet,3,229.0,0.0,687.0
4141,2025-10-27,Customer 030,Central,Office Supplies,Printer Paper,1,32.0,0.15,27.2
4142,2025-10-28,Customer 048,East,Office Supplies,Printer Paper,3,32.0,0.0,96.0
4143,2025-10-28,Customer 025,Central,Technology,Wireless Mouse,6,49.0,0.0,294.0
4144,2025-10-28,Customer 040,West,Technology,Laptop,3,1299.0,0.0,3897.0
4145,2025-10-28,Customer 036,Central,Technology,Keyboard,4,89.0,0.15,302.6
4146,2025-10-28,Customer 036,Central,Technology,Laptop,4,1299.0,0.0,5196.0
4147,2025-10-28,Customer 031,Central,Technology,Keyboard,1,89.0,0.15,75.65
4148,2025-10-28,Customer 029,Central,Furniture,Filing Cabinet,2,229.0,0.0,458.0
4149,2025-10-28,Customer 012,Central,Technology,Monitor 27in,1,329.0,0.0,329.0
4150,2025-10-29,Customer 007,South,Furniture,Standing Desk,4,599.0,0.0,2396.0
4151,2025-10-29,Customer 036,Central,Office Supplies,Notebook Pack,2,24.5,0.0,49.0
4152,2025-10-29,Customer 024,Central,Furniture,Standing Desk,3,599.0,0.15,1527.45
4153,2025-10-29,Customer 020,East,Technology,Monitor 27in,3,329.0,0.1,888.3
4154,2025-10-30,Customer 011,South,Technology,Keyboard,6,89.0,0.0,534.0
4155,2025-10-30,Customer 022,East,Office Supplies,Pen Set,1,18.0,0.1,16.2
4156,2025-10-30,Customer 058,South,Office Supplies,Printer Paper,1,32.0,0.0,32.0
4157,2025-10-30,Customer 037,Central,Technology,Keyboard,1,89.0,0.0,89.0
4158,2025-10-30,Customer 022,Central,Office Supplies,Notebook Pack,1,24.5,0.0,24.5
4159,2025-10-30,Customer 008,Central,Technology,Keyboard,6,89.0,0.15,453.9
4160,2025-10-31,Customer 036,Central,Office Supplies,Desk Organizer,1,42.0,0.1,37.8
4161,2025-10-31,Customer 044,West,Furniture,Standing Desk,1,599.0,0.2,479.2
4162,2025-10-31,Customer 051,West,Furniture,Bookshelf,4,189.0,0.15,642.6
4163,2025-10-31,Customer 057,West,Technology,Monitor 27in,1,329.0,0.0,329.0
4164,2025-10-31,Customer 033,South,Office Supplies,Printer Paper,6,32.0,0.1,172.8
4165,2025-10-31,Customer 033,East,Office Supplies,Pen Set,3,18.0,0.15,45.9
4166,2025-10-31,Customer 052,West,Furniture,Standing Desk,4,599.0,0.0,2396.0
4167,2025-10-31,Customer 016,South,Furniture,Ergonomic Chair,2,349.0,0.0,698.0
4168,2025-11-01,Customer 005,East,Technology,Wireless Mouse,1,49.0,0.05,46.55
4169,2025-11-02,Customer 050,Central,Furniture,Standing Desk,1,599.0,0.0,599.0
4170,2025-11-03,Customer 020,Central,Technology,Wireless Mouse,1,49.0,0.0,49.0
4171,2025-11-03,Customer 040,Central,Office Supplies,Desk Organizer,2,42.0,0.0,84.0
4172,2025-11-03,Customer 014,South,Furniture,Filing Cabinet,6,229.0,0.0,1374.0
4173,2025-11-03,Customer 004,Central,Furniture,Ergonomic Chair,1,349.0,0.05,331.55
4174,2025-11-03,Customer 011,West,Technology,Monitor 27in,1,329.0,0.0,329.0
4175,2025-11-03,Customer 049,Central,Technology,Keyboard,4,89.0,0.05,338.2
4176,2025-11-03,Customer 008,South,Furniture,Ergonomic Chair,1,349.0,0.0,349.0
4177,2025-11-04,Customer 003,West,Office Supplies,Notebook Pack,1,24.5,0.0,24.5
4178,2025-11-04,Customer 047,East,Technology,Laptop,6,1299.0,0.0,7794.0
4179,2025-11-04,Customer 060,Central,Technology,Keyboard,2,89.0,0.0,178.0
4180,2025-11-04,Customer 025,East,Furniture,Bookshelf,2,189.0,0.05,359.1
4181,2025-11-04,Customer 042,East,Furniture,Ergonomic Chair,1,349.0,0.05,331.55
4182,2025-11-04,Customer 051,East,Technology,Laptop,1,1299.0,0.2,1039.2
4183,2025-11-04,Customer 002,South,Furniture,Ergonomic Chair,1,349.0,0.0,349.0
4184,2025-11-05,Customer 010,East,Office Supplies,Notebook Pack,3,24.5,0.0,73.5
4185,2025-11-05,Customer 053,Central,Office Supplies,Pen Set,1,18.0,0.2,14.4
4186,2025-11-05,Customer 025,West,Technology,Wireless Mouse,3,49.0,0.15,124.95
4187,2025-11-05,Customer 043,East,Technology,Laptop,2,1299.0,0.15,2208.3
4188,2025-11-05,Customer 007,Central,Furniture,Filing Cabinet,1,229.0,0.2,183.2
4189,2025-11-05,Customer 013,South,Office Supplies,Notebook Pack,1,24.5,0.0,24.5
4190,2025-11-05,Customer 020,Central,Office Supplies,Desk Organizer,3,42.0,0.05,119.7
4191,2025-11-06,Customer 057,Central,Furniture,Ergonomic Chair,2,349.0,0.0,698.0
4192,2025-11-06,Customer 028,West,Furniture,Standing Desk,6,599.0,0.0,3594.0
4193,2025-11-06,Customer 036,South,Office Supplies,Pen Set,6,18.0,0.0,108.0
4194,2025-11-06,Customer 040,West,Office Supplies,Notebook Pack,1,24.5,0.1,22.05
4195,2025-11-06,Customer 056,West,Office Supplies,Notebook Pack,4,24.5,0.05,93.1
4196,2025-11-06,Customer 056,East,Office Supplies,Pen Set,1,18.0,0.0,18.0
4197,2025-11-06,Customer 017,Central,Technology,Laptop,3,1299.0,0.0,3897.0
4198,2025-11-07,Customer 046,East,Technology,Laptop,2,1299.0,0.15,2208.3
4199,2025-11-07,Customer 002,East,Furniture,Standing Desk,1,599.0,0.0,599.0
4200,2025-11-07,Customer 028,East,Office Supplies,Printer Paper,6,32.0,0.0,192.0
4201,2025-11-07,Customer 038,East,Technology,Laptop,3,1299.0,0.05,3702.15
4202,2025-11-07,Customer 012,Central,Office Supplies,Desk Organizer,4,42.0,0.2,134.4
4203,2025-11-07,Customer 054,East,Office Supplies,Printer Paper,1,32.0,0.0,32.0
4204,2025-11-07,Customer 003,West,Office Supplies,Printer Paper,1,32.0,0.0,32.0
4205,2025-11-07,Customer 002,South,Furniture,Ergonomic Chair,1,349.0,0.0,349.0
4206,2025-11-08,Customer 026,East,Technology,Monitor 27in,1,329.0,0.05,312.55
4207,2025-11-09,Customer 001,West,Furniture,Filing Cabinet,1,229.0,0.1,206.1
4208,2025-11-09,Customer 010,West,Technology,Wireless Mouse,6,49.0,0.0,294.0
4209,2025-11-09,Customer 004,South,Technology,Laptop,3,1299.0,0.15,3312.45
4210,2025-11-10,Customer 029,West,Furniture,Standing Desk,1,599.0,0.05,569.05
4211,2025-11-10,Customer 015,East,Furniture,Ergonomic Chair,6,349.0,0.15,1779.9
4212,2025-11-10,Customer 034,East,Furniture,Ergonomic Chair,2,349.0,0.0,698.0
4213,2025-11-10,Customer 026,Central,Office Supplies,Desk Organizer,2,42.0,0.2,67.2
4214,2025-11-10,Customer 037,South,Furniture,Standing Desk,1,599.0,0.0,599.0
4215,2025-11-10,Customer 028,South,Furniture,Bookshelf,3,189.0,0.05,538.65
4216,2025-11-10,Customer 014,West,Technology,Wireless Mouse,6,49.0,0.0,294.0
4217,2025-11-11,Customer 053,South,Technology,Monitor 27in,4,329.0,0.0,1316.0
4218,2025-11-11,Customer 053,Central,Office Supplies,Printer Paper,4,32.0,0.05,121.6
4219,2025-11-11,Customer 016,Central,Furniture,Bookshelf,1,189.0,0.1,170.1
4220,2025-11-11,Customer 004,East,Technology,Keyboard,1,89.0,0.0,89.0
4221,2025-11-11,Customer 020,East,Office Supplies,Printer Paper,4,32.0,0.0,128.0
4222,2025-11-11,Customer 008,West,Technology,Laptop,1,1299.0,0.2,1039.2
4223,2025-11-12,Customer 059,East,Office Supplies,Printer Paper,6,32.0,0.0,192.0
4224,2025-11-12,Customer 016,West,Furniture,Ergonomic Chair,2,349.0,0.1,628.2
4225,2025-11-12,Customer 016,West,Technology,Wireless Mouse,1,49.0,0.0,49.0
4226,2025-11-12,Customer 040,West,Office Supplies,Pen Set,1,18.0,0.0,18.0
4227,2025-11-12,Customer 051,South,Technology,Wireless Mouse,6,49.0,0.05,279.3
4228,2025-11-12,Customer 030,South,Technology,Monitor 27in,1,329.0,0.0,329.0
4229,2025-11-12,Customer 039,East,Technology,Laptop,4,1299.0,0.05,4936.2
4230,2025-11-13,Customer 019,West,Furniture,Standing Desk,2,599.0,0.05,1138.1
4231,2025-11-13,Customer 015,Central,Office Supplies,Printer Paper,2,32.0,0.0,64.0
4232,2025-11-13,Customer 048,East,Office Supplies,Printer Paper,1,32.0,0.0,32.0
4233,2025-11-13,Customer 001,West,Technology,Laptop,6,1299.0,0.2,6235.2
4234,2025-11-13,Customer 055,Central,Technology,Wireless Mouse,1,49.0,0.05,46.55
4235,2025-11-13,Customer 033,South,Furniture,Standing Desk,6,599.0,0.0,3594.0
4236,2025-11-13,Customer 027,West,Technology,Monitor 27in,1,329.0,0.0,329.0
4237,2025-11-13,Customer 055,West,Furniture,Ergonomic Chair,2,349.0,0.0,698.0
4238,2025-11-13,Customer 058,West,Furniture,Bookshelf,6,189.0,0.0,1134.0
4239,2025-11-13,Customer 054,East,Furniture,Filing Cabinet,1,229.0,0.15,194.65
4240,2025-11-14,Customer 060,South,Technology,Laptop,1,1299.0,0.1,1169.1
4241,2025-11-14,Customer 049,West,Office Supplies,Desk Organizer,1,42.0,0.0,42.0
4242,2025-11-14,Customer 029,East,Office Supplies,Desk Organizer,2,42.0,0.1,75.6
4243,2025-11-14,Customer 052,West,Office Supplies,Notebook Pack,1,24.5,0.0,24.5
4244,2025-11-14,Customer 021,South,Office Supplies,Notebook Pack,4,24.5,0.05,93.1
4245,2025-11-14,Customer 013,South,Technology,Laptop,1,1299.0,0.2,1039.2
4246,2025-11-14,Customer 026,West,Technology,Laptop,2,1299.0,0.1,2338.2
4247,2025-11-14,Customer 058,South,Technology,Laptop,1,1299.0,0.1,1169.1
4248,2025-11-14,Customer 043,South,Technology,Wireless Mouse,1,49.0,0.1,44.1
4249,2025-11-15,Customer 041,West,Office Supplies,Printer Paper,6,32.0,0.15,163.2
4250,2025-11-16,Customer 046,West,Office Supplies,Notebook Pack,3,24.5,0.0,73.5
4251,2025-11-16,Customer 023,South,Office Supplies,Notebook Pack,4,24.5,0.0,98.0
4252,2025-11-17,Customer 019,Central,Technology,Monitor 27in,1,329.0,0.05,312.55
4253,2025-11-17,Customer 050,South,Office Supplies,Printer Paper,3,32.0,0.0,96.0
4254,2025-11-17,Customer 041,West,Technology,Keyboard,1,89.0,0.0,89.0
4255,2025-11-17,Customer 040,South,Technology,Keyboard,2,89.0,0.2,142.4
4256,2025-11-17,Customer 028,West,Office Supplies,Pen Set,2,18.0,0.1,32.4
4257,2025-11-17,Customer 005,South,Office Supplies,Printer Paper,2,32.0,0.0,64.0
4258,2025-11-17,Customer 025,Central,Furniture,Standing Desk,3,599.0,0.0,1797.0
4259,2025-11-17,Customer 041,South,Furniture,Bookshelf,2,189.0,0.2,302.4
4260,2025-11-17,Customer 037,Central,Office Supplies,Pen Set,1,18.0,0.1,16.2
4261,2025-11-17,Customer 003,South,Office Supplies,Printer Paper,2,32.0,0.1,57.6
4262,2025-11-18,Customer 010,South,Furniture,Bookshelf,4,189.0,0.05,718.2
4263,2025-11-18,Customer 040,West,Technology,Laptop,4,1299.0,0.0,5196.0
4264,2025-11-18,Customer 054,West,Furniture,Bookshelf,1,189.0,0.0,189.0
4265,2025-11-18,Customer 049,Central,Technology,Monitor 27in,3,329.0,0.15,838.95
4266,2025-11-18,Customer 014,South,Furniture,Filing Cabinet,1,229.0,0.0,229.0
4267,2025-11-18,Customer 012,Central,Technology,Keyboard,1,89.0,0.0,89.0
4268,2025-11-18,Customer 033,West,Furniture,Bookshelf,3,189.0,0.1,510.3
4269,2025-11-18,Customer 024,East,Office Supplies,Desk Organizer,1,42.0,0.0,42.0
4270,2025-11-19,Customer 021,West,Office Supplies,Notebook Pack,1,24.5,0.05,23.27
4271,2025-11-19,Customer 051,South,Furniture,Bookshelf,2,189.0,0.0,378.0
4272,2025-11-19,Customer 048,South,Office Supplies,Notebook Pack,6,24.5,0.2,117.6
4273,2025-11-19,Customer 017,West,Technology,Laptop,1,1299.0,0.15,1104.15
4274,2025-11-19,Customer 054,Central,Technology,Laptop,4,1299.0,0.05,4936.2
4275,2025-11-19,Customer 018,South,Furniture,Bookshelf,1,189.0,0.05,179.55
4276,2025-11-19,Customer 021,Central,Technology,Laptop,2,1299.0,0.2,2078.4
4277,2025-11-20,Customer 028,Central,Office Supplies,Printer Paper,2,32.0,0.1,57.6
4278,2025-11-20,Customer 060,South,Technology,Keyboard,6,89.0,0.0,534.0
4279,2025-11-20,Customer 022,East,Technology,Wireless Mouse,1,49.0,0.0,49.0
4280,2025-11-20,Customer 040,Central,Office Supplies,Notebook Pack,1,24.5,0.0,24.5
4281,2025-11-20,Customer 044,South,Technology,Monitor 27in,1,329.0,0.2,263.2
4282,2025-11-20,Customer 003,East,Office Supplies,Pen Set,4,18.0,0.15,61.2
4283,2025-11-21,Customer 039,South,Office Supplies,Notebook Pack,2,24.5,0.2,39.2
4284,2025-11-21,Customer 027,Central,Furniture,Filing Cabinet,3,229.0,0.0,687.0
4285,2025-11-21,Customer 039,West,Furniture,Bookshelf,3,189.0,0.0,567.0
4286,2025-11-21,Customer 002,East,Office Supplies,Printer Paper,1,32.0,0.0,32.0
4287,2025-11-21,Customer 004,East,Furniture,Bookshelf,2,189.0,0.0,378.0
4288,2025-11-21,Customer 058,South,Office Supplies,Printer Paper,2,32.0,0.2,51.2
4289,2025-11-21,Customer 021,South,Office Supplies,Printer Paper,4,32.0,0.0,128.0
4290,2025-11-21,Customer 051,East,Office Supplies,Pen Set,1,18.0,0.2,14.4
4291,2025-11-21,Customer 049,South,Office Supplies,Printer Paper,3,32.0,0.05,91.2
4292,2025-11-22,Customer 020,East,Office Supplies,Notebook Pack,6,24.5,0.2,117.6
4293,2025-11-22,Customer 009,Central,Furniture,Standing Desk,1,599.0,0.05,569.05
4294,2025-11-22,Customer 051,Central,Office Supplies,Desk Organizer,4,42.0,0.05,159.6
4295,2025-11-22,Customer 045,East,Technology,Monitor 27in,4,329.0,0.0,1316.0
4296,2025-11-23,Customer 001,South,Office Supplies,Desk Organizer,2,42.0,0.0,84.0
4297,2025-11-23,Customer 010,East,Furniture,Standing Desk,1,599.0,0.0,599.0
4298,2025-11-23,Customer 045,South,Furniture,Filing Cabinet,4,229.0,0.05,870.2
4299,2025-11-23,Customer 021,West,Office Supplies,Printer Paper,1,32.0,0.2,25.6
4300,2025-11-24,Customer 012,East,Office Supplies,Notebook Pack,1,24.5,0.0,24.5
4301,2025-11-24,Customer 059,East,Technology,Laptop,1,1299.0,0.0,1299.0
4302,2025-11-24,Customer 049,West,Technology,Keyboard,1,89.0,0.0,89.0
4303,2025-11-24,Customer 046,South,Furniture,Filing Cabinet,4,229.0,0.05,870.2
4304,2025-11-24,Customer 006,Central,Technology,Monitor 27in,2,329.0,0.2,526.4
4305,2025-11-24,Customer 058,West,Technology,Wireless Mouse,6,49.0,0.2,235.2
4306,2025-11-24,Customer 027,East,Office Supplies,Printer Paper,1,32.0,0.15,27.2
4307,2025-11-24,Customer 047,West,Furniture,Filing Cabinet,1,229.0,0.0,229.0
4308,2025-11-25,Customer 049,South,Technology,Wireless Mouse,2,49.0,0.15,83.3
4309,2025-11-25,Customer 045,South,Office Supplies,Pen Set,4,18.0,0.0,72.0
4310,2025-11-25,Customer 023,Central,Technology,Laptop,6,1299.0,0.1,7014.6
4311,2025-11-25,Customer 009,West,Office Supplies,Desk Organizer,1,42.0,0.0,42.0
4312,2025-11-25,Customer 024,East,Technology,Monitor 27in,3,329.0,0.0,987.0
4313,2025-11-25,Customer 020,East,Furniture,Ergonomic Chair,4,349.0,0.0,1396.0
4314,2025-11-25,Customer 010,Central,Office Supplies,Printer Paper,3,32.0,0.15,81.6
4315,2025-11-25,Customer 010,South,Furniture,Ergonomic Chair,1,349.0,0.0,349.0
4316,2025-11-26,Customer 029,South,Office Supplies,Printer Paper,1,32.0,0.05,30.4
4317,2025-11-26,Customer 042,Central,Furniture,Standing Desk,2,599.0,0.15,1018.3
4318,2025-11-26,Customer 056,South,Office Supplies,Pen Set,1,18.0,0.0,18.0
4319,2025-11-26,Customer 023,West,Technology,Monitor 27in,1,329.0,0.05,312.55
4320,2025-11-26,Customer 051,South,Technology,Laptop,1,1299.0,0.1,1169.1
4321,2025-11-26,Customer 046,Central,Furniture,Ergonomic Chair,2,349.0,0.0,698.0
4322,2025-11-26,Customer 047,Central,Furniture,Filing Cabinet,2,229.0,0.0,458.0
4323,2025-11-27,Customer 003,West,Office Supplies,Pen Set,2,18.0,0.0,36.0
4324,2025-11-27,Customer 031,East,Technology,Laptop,4,1299.0,0.05,4936.2
4325,2025-11-27,Customer 012,East,Technology,Laptop,4,1299.0,0.0,5196.0
4326,2025-11-27,Customer 017,South,Office Supplies,Desk Organizer,3,42.0,0.0,126.0
4327,2025-11-27,Customer 005,South,Furniture,Standing Desk,3,599.0,0.15,1527.45
4328,2025-11-27,Customer 051,West,Technology,Monitor 27in,6,329.0,0.15,1677.9
4329,2025-11-27,Customer 039,West,Furniture,Bookshelf,2,189.0,0.15,321.3
4330,2025-11-28,Customer 035,South,Furniture,Filing Cabinet,2,229.0,0.2,366.4
4331,2025-11-28,Customer 045,West,Technology,Keyboard,1,89.0,0.2,71.2
4332,2025-11-28,Customer 045,Central,Office Supplies,Desk Organizer,6,42.0,0.1,226.8
4333,2025-11-28,Customer 029,Central,Office Supplies,Notebook Pack,2,24.5,0.2,39.2
4334,2025-11-28,Customer 052,West,Office Supplies,Printer Paper,2,32.0,0.0,64.0
4335,2025-11-28,Customer 018,Central,Technology,Keyboard,2,89.0,0.0,178.0
4336,2025-11-28,Customer 034,Central,Furniture,Standing Desk,6,599.0,0.0,3594.0
4337,2025-11-28,Customer 042,South,Furniture,Ergonomic Chair,1,349.0,0.0,349.0
4338,2025-11-28,Customer 014,Central,Furniture,Filing Cabinet,1,229.0,0.1,206.1
4339,2025-11-28,Customer 010,West,Technology,Laptop,2,1299.0,0.0,2598.0
4340,2025-11-28,Customer 015,Central,Furniture,Ergonomic Chair,1,349.0,0.0,349.0
4341,2025-11-29,Customer 025,West,Technology,Keyboard,6,89.0,0.05,507.3
4342,2025-11-29,Customer 025,West,Furniture,Ergonomic Chair,6,349.0,0.15,1779.9
4343,2025-11-29,Customer 024,South,Furniture,Ergonomic Chair,2,349.0,0.0,698.0
4344,2025-11-30,Customer 016,East,Furniture,Bookshelf,1,189.0,0.15,160.65
4345,2025-11-30,Customer 033,West,Office Supplies,Pen Set,1,18.0,0.1,16.2
4346,2025-12-01,Customer 020,South,Technology,Monitor 27in,2,329.0,0.0,658.0
4347,2025-12-01,Customer 001,Central,Technology,Wireless Mouse,1,49.0,0.0,49.0
4348,2025-12-01,Customer 049,South,Technology,Laptop,6,1299.0,0.2,6235.2
4349,2025-12-01,Customer 053,East,Furniture,Ergonomic Chair,3,349.0,0.2,837.6
4350,2025-12-01,Customer 005,East,Office Supplies,Printer Paper,6,32.0,0.2,153.6
4351,2025-12-01,Customer 058,South,Furniture,Ergonomic Chair,4,349.0,0.05,1326.2
4352,2025-12-01,Customer 001,South,Office Supplies,Desk Organizer,1,42.0,0.0,42.0
4353,2025-12-01,Customer 006,Central,Office Supplies,Desk Organizer,1,42.0,0.15,35.7
4354,2025-12-02,Customer 021,West,Office Supplies,Notebook Pack,6,24.5,0.1,132.3
4355,2025-12-02,Customer 034,West,Office Supplies,Desk Organizer,6,42.0,0.0,252.0
4356,2025-12-02,Customer 036,Central,Office Supplies,Pen Set,4,18.0,0.05,68.4
4357,2025-12-02,Customer 047,South,Office Supplies,Pen Set,4,18.0,0.1,64.8
4358,2025-12-02,Customer 001,Central,Furniture,Filing Cabinet,6,229.0,0.2,1099.2
4359,2025-12-02,Customer 034,South,Technology,Keyboard,1,89.0,0.05,84.55
4360,2025-12-03,Customer 024,South,Furniture,Bookshelf,4,189.0,0.0,756.0
4361,2025-12-03,Customer 045,Central,Furniture,Filing Cabinet,4,229.0,0.0,916.0
4362,2025-12-03,Customer 028,East,Furniture,Ergonomic Chair,1,349.0,0.0,349.0
4363,2025-12-03,Customer 020,West,Office Supplies,Pen Set,4,18.0,0.0,72.0
4364,2025-12-03,Customer 005,South,Technology,Laptop,3,1299.0,0.0,3897.0
4365,2025-12-03,Customer 030,South,Office Supplies,Desk Organizer,3,42.0,0.0,126.0
4366,2025-12-03,Customer 048,Central,Office Supplies,Desk Organizer,1,42.0,0.15,35.7
4367,2025-12-04,Customer 012,West,Office Supplies,Desk Organizer,4,42.0,0.1,151.2
4368,2025-12-04,Customer 039,South,Furniture,Standing Desk,2,599.0,0.0,1198.0
4369,2025-12-04,Customer 011,Central,Furniture,Filing Cabinet,2,229.0,0.0,458.0
4370,2025-12-04,Customer 038,West,Technology,Keyboard,3,89.0,0.1,240.3
4371,2025-12-04,Customer 047,East,Office Supplies,Notebook Pack,2,24.5,0.15,41.65
4372,2025-12-04,Customer 036,East,Office Supplies,Pen Set,1,18.0,0.2,14.4
4373,2025-12-04,Customer 054,West,Technology,Wireless Mouse,3,49.0,0.05,139.65
4374,2025-12-05,Customer 055,East,Furniture,Ergonomic Chair,1,349.0,0.0,349.0
4375,2025-12-05,Customer 004,West,Office Supplies,Notebook Pack,1,24.5,0.15,20.82
4376,2025-12-05,Customer 058,East,Technology,Keyboard,2,89.0,0.15,151.3
4377,2025-12-05,Customer 011,Central,Office Supplies,Desk Organizer,1,42.0,0.05,39.9
4378,2025-12-05,Customer 033,Central,Furniture,Bookshelf,6,189.0,0.0,1134.0
4379,2025-12-05,Customer 004,West,Technology,Wireless Mouse,2,49.0,0.0,98.0
4380,2025-12-06,Customer 017,South,Office Supplies,Pen Set,1,18.0,0.15,15.3
4381,2025-12-06,Customer 005,South,Furniture,Ergonomic Chair,1,349.0,0.05,331.55
4382,2025-12-06,Customer 005,West,Technology,Wireless Mouse,1,49.0,0.05,46.55
4383,2025-12-06,Customer 037,East,Office Supplies,Notebook Pack,1,24.5,0.0,24.5
4384,2025-12-06,Customer 007,West,Furniture,Standing Desk,6,599.0,0.2,2875.2
4385,2025-12-07,Customer 053,South,Technology,Laptop,3,1299.0,0.0,3897.0
4386,2025-12-07,Customer 003,South,Furniture,Standing Desk,2,599.0,0.0,1198.0
4387,2025-12-08,Customer 001,West,Furniture,Filing Cabinet,3,229.0,0.15,583.95
4388,2025-12-08,Customer 037,East,Office Supplies,Desk Organizer,1,42.0,0.1,37.8
4389,2025-12-08,Customer 052,Central,Technology,Wireless Mouse,2,49.0,0.0,98.0
4390,2025-12-08,Customer 036,Central,Technology,Keyboard,4,89.0,0.1,320.4
4391,2025-12-08,Customer 017,East,Office Supplies,Desk Organizer,1,42.0,0.1,37.8
4392,2025-12-08,Customer 047,West,Office Supplies,Notebook Pack,4,24.5,0.2,78.4
4393,2025-12-08,Customer 052,East,Technology,Monitor 27in,6,329.0,0.0,1974.0
4394,2025-12-08,Customer 047,West,Technology,Laptop,2,1299.0,0.2,2078.4
4395,2025-12-08,Customer 010,East,Furniture,Bookshelf,3,189.0,0.0,567.0
4396,2025-12-09,Customer 030,East,Office Supplies,Pen Set,1,18.0,0.0,18.0
4397,2025-12-09,Customer 034,Central,Furniture,Bookshelf,6,189.0,0.0,1134.0
4398,2025-12-09,Customer 004,South,Office Supplies,Pen Set,4,18.0,0.1,64.8
4399,2025-12-09,Customer 028,South,Office Supplies,Printer Paper,1,32.0,0.15,27.2
4400,2025-12-09,Customer 060,Central,Furniture,Standing Desk,2,599.0,0.0,1198.0
4401,2025-12-09,Customer 052,Central,Technology,Wireless Mouse,1,49.0,0.0,49.0
4402,2025-12-09,Customer 035,West,Office Supplies,Desk Organizer,4,42.0,0.0,168.0
4403,2025-12-09,Customer 053,South,Office Supplies,Desk Organizer,1,42.0,0.05,39.9
4404,2025-12-10,Customer 029,East,Office Supplies,Notebook Pack,4,24.5,0.0,98.0
4405,2025-12-10,Customer 011,Central,Office Supplies,Notebook Pack,3,24.5,0.05,69.83
4406,2025-12-10,Customer 003,East,Technology,Monitor 27in,1,329.0,0.1,296.1
4407,2025-12-10,Customer 041,East,Office Supplies,Notebook Pack,1,24.5,0.05,23.27
4408,2025-12-10,Customer 007,West,Technology,Laptop,1,1299.0,0.0,1299.0
4409,2025-12-11,Customer 044,West,Technology,Keyboard,1,89.0,0.1,80.1
4410,2025-12-11,Customer 029,South,Furniture,Bookshelf,2,189.0,0.15,321.3
4411,2025-12-11,Customer 002,South,Furniture,Standing Desk,1,599.0,0.15,509.15
4412,2025-12-11,Customer 053,East,Technology,Wireless Mouse,2,49.0,0.0,98.0
4413,2025-12-11,Customer 058,West,Technology,Laptop,1,1299.0,0.0,1299.0
4414,2025-12-11,Customer 058,East,Technology,Monitor 27in,1,329.0,0.05,312.55
4415,2025-12-11,Customer 011,South,Technology,Wireless Mouse,1,49.0,0.0,49.0
4416,2025-12-11,Customer 008,East,Technology,Laptop,1,1299.0,0.0,1299.0
4417,2025-12-11,Customer 042,East,Furniture,Standing Desk,3,599.0,0.2,1437.6
4418,2025-12-12,Customer 019,West,Office Supplies,Desk Organizer,1,42.0,0.05,39.9
4419,2025-12-12,Customer 013,Central,Office Supplies,Notebook Pack,6,24.5,0.15,124.95
4420,2025-12-12,Customer 048,East,Office Supplies,Notebook Pack,3,24.5,0.15,62.48
4421,2025-12-12,Customer 049,West,Technology,Laptop,2,1299.0,0.15,2208.3
4422,2025-12-12,Customer 044,Central,Furniture,Ergonomic Chair,4,349.0,0.0,1396.0
4423,2025-12-12,Customer 058,West,Office Supplies,Notebook Pack,2,24.5,0.15,41.65
4424,2025-12-12,Customer 003,Central,Furniture,Bookshelf,3,189.0,0.0,567.0
4425,2025-12-13,Customer 035,East,Technology,Wireless Mouse,1,49.0,0.0,49.0
4426,2025-12-14,Customer 022,Central,Technology,Laptop,2,1299.0,0.15,2208.3
4427,2025-12-14,Customer 049,Central,Technology,Wireless Mouse,3,49.0,0.2,117.6
4428,2025-12-14,Customer 024,South,Office Supplies,Desk Organizer,1,42.0,0.0,42.0
4429,2025-12-15,Customer 037,South,Office Supplies,Notebook Pack,1,24.5,0.05,23.27
4430,2025-12-15,Customer 025,South,Technology,Laptop,1,1299.0,0.1,1169.1
4431,2025-12-15,Customer 045,Central,Office Supplies,Desk Organizer,1,42.0,0.2,33.6
4432,2025-12-15,Customer 057,Central,Office Supplies,Desk Organizer,1,42.0,0.15,35.7
4433,2025-12-15,Customer 038,East,Technology,Monitor 27in,2,329.0,0.0,658.0
4434,2025-12-15,Customer 032,South,Furniture,Ergonomic Chair,1,349.0,0.05,331.55
4435,2025-12-15,Customer 001,Central,Office Supplies,Pen Set,3,18.0,0.0,54.0
4436,2025-12-15,Customer 032,Central,Furniture,Bookshelf,1,189.0,0.0,189.0
4437,2025-12-16,Customer 058,South,Office Supplies,Desk Organizer,2,42.0,0.0,84.0
4438,2025-12-16,Customer 035,East,Furniture,Bookshelf,1,189.0,0.05,179.55
4439,2025-12-16,Customer 037,Central,Furniture,Ergonomic Chair,1,349.0,0.15,296.65
4440,2025-12-16,Customer 055,West,Furniture,Standing Desk,2,599.0,0.0,1198.0
4441,2025-12-16,Customer 003,South,Furniture,Ergonomic Chair,1,349.0,0.1,314.1
4442,2025-12-16,Customer 001,South,Technology,Laptop,3,1299.0,0.0,3897.0
4443,2025-12-16,Customer 010,West,Technology,Wireless Mouse,2,49.0,0.0,98.0
4444,2025-12-16,Customer 015,Central,Furniture,Filing Cabinet,4,229.0,0.05,870.2
4445,2025-12-17,Customer 049,South,Technology,Wireless Mouse,6,49.0,0.0,294.0
4446,2025-12-17,Customer 038,South,Office Supplies,Pen Set,1,18.0,0.0,18.0
4447,2025-12-17,Customer 015,Central,Office Supplies,Pen Set,4,18.0,0.0,72.0
4448,2025-12-17,Customer 010,South,Office Supplies,Pen Set,1,18.0,0.15,15.3
4449,2025-12-17,Customer 017,South,Office Supplies,Desk Organizer,1,42.0,0.0,42.0
4450,2025-12-17,Customer 059,South,Office Supplies,Notebook Pack,1,24.5,0.0,24.5
4451,2025-12-17,Customer 011,Central,Furniture,Ergonomic Chair,3,349.0,0.2,837.6
4452,2025-12-18,Customer 028,Central,Technology,Laptop,1,1299.0,0.0,1299.0
4453,2025-12-18,Customer 059,West,Furniture,Standing Desk,1,599.0,0.0,599.0
4454,2025-12-18,Customer 024,West,Technology,Keyboard,1,89.0,0.15,75.65
4455,2025-12-18,Customer 028,Central,Office Supplies,Notebook Pack,1,24.5,0.1,22.05
4456,2025-12-18,Customer 036,West,Technology,Wireless Mouse,3,49.0,0.1,132.3
4457,2025-12-18,Customer 031,Central,Technology,Wireless Mouse,6,49.0,0.15,249.9
4458,2025-12-18,Customer 034,West,Technology,Laptop,4,1299.0,0.1,4676.4
4459,2025-12-19,Customer 049,Central,Office Supplies,Pen Set,6,18.0,0.1,97.2
4460,2025-12-19,Customer 059,South,Furniture,Filing Cabinet,1,229.0,0.1,206.1
4461,2025-12-19,Customer 056,West,Furniture,Bookshelf,3,189.0,0.0,567.0
4462,2025-12-19,Customer 047,South,Technology,Laptop,1,1299.0,0.0,1299.0
4463,2025-12-19,Customer 036,Central,Furniture,Ergonomic Chair,1,349.0,0.0,349.0
4464,2025-12-19,Customer 060,Central,Technology,Wireless Mouse,1,49.0,0.15,41.65
4465,2025-12-19,Customer 006,East,Furniture,Standing Desk,1,599.0,0.0,599.0
4466,2025-12-20,Customer 014,Central,Office Supplies,Printer Paper,2,32.0,0.15,54.4
4467,2025-12-21,Customer 024,Central,Technology,Laptop,1,1299.0,0.05,1234.05
4468,2025-12-21,Customer 041,West,Technology,Laptop,1,1299.0,0.15,1104.15
4469,2025-12-21,Customer 018,Central,Furniture,Ergonomic Chair,2,349.0,0.0,698.0
4470,2025-12-21,Customer 029,South,Furniture,Standing Desk,1,599.0,0.15,509.15
4471,2025-12-21,Customer 024,Central,Office Supplies,Pen Set,1,18.0,0.0,18.0
4472,2025-12-22,Customer 022,West,Furniture,Standing Desk,1,599.0,0.05,569.05
4473,2025-12-22,Customer 001,West,Office Supplies,Desk Organizer,4,42.0,0.0,168.0
4474,2025-12-22,Customer 030,East,Office Supplies,Pen Set,6,18.0,0.05,102.6
4475,2025-12-22,Customer 050,West,Office Supplies,Notebook Pack,2,24.5,0.0,49.0
4476,2025-12-22,Customer 006,South,Technology,Laptop,1,1299.0,0.1,1169.1
4477,2025-12-22,Customer 025,West,Technology,Laptop,6,1299.0,0.0,7794.0
4478,2025-12-23,Customer 002,East,Technology,Monitor 27in,1,329.0,0.2,263.2
4479,2025-12-23,Customer 025,South,Furniture,Bookshelf,1,189.0,0.1,170.1
4480,2025-12-23,Customer 056,Central,Furniture,Standing Desk,1,599.0,0.2,479.2
4481,2025-12-23,Customer 033,West,Furniture,Filing Cabinet,6,229.0,0.0,1374.0
4482,2025-12-23,Customer 027,South,Office Supplies,Printer Paper,3,32.0,0.2,76.8
4483,2025-12-23,Customer 045,South,Office Supplies,Notebook Pack,4,24.5,0.0,98.0
4484,2025-12-23,Customer 024,West,Furniture,Ergonomic Chair,4,349.0,0.0,1396.0
4485,2025-12-23,Customer 042,West,Office Supplies,Desk Organizer,2,42.0,0.0,84.0
4486,2025-12-24,Customer 044,East,Office Supplies,Printer Paper,4,32.0,0.0,128.0
4487,2025-12-24,Customer 027,East,Technology,Monitor 27in,2,329.0,0.1,592.2
4488,2025-12-24,Customer 030,Central,Furniture,Bookshelf,4,189.0,0.0,756.0
4489,2025-12-24,Customer 028,West,Furniture,Standing Desk,4,599.0,0.0,2396.0
4490,2025-12-24,Customer 014,South,Furniture,Bookshelf,1,189.0,0.0,189.0
4491,2025-12-24,Customer 036,East,Technology,Monitor 27in,3,329.0,0.15,838.95
4492,2025-12-24,Customer 033,West,Office Supplies,Pen Set,1,18.0,0.15,15.3
4493,2025-12-25,Customer 041,Central,Technology,Laptop,4,1299.0,0.0,5196.0
4494,2025-12-25,Customer 039,South,Technology,Wireless Mouse,1,49.0,0.15,41.65
4495,2025-12-25,Customer 022,Central,Office Supplies,Pen Set,2,18.0,0.1,32.4
4496,2025-12-25,Customer 057,East,Furniture,Bookshelf,6,189.0,0.0,1134.0
4497,2025-12-25,Customer 016,Central,Technology,Laptop,3,1299.0,0.1,3507.3
4498,2025-12-25,Customer 003,Central,Furniture,Bookshelf,2,189.0,0.2,302.4
4499,2025-12-26,Customer 043,South,Furniture,Ergonomic Chair,3,349.0,0.2,837.6
4500,2025-12-26,Customer 018,East,Office Supplies,Notebook Pack,3,24.5,0.15,62.48
4501,2025-12-26,Customer 022,South,Office Supplies,Printer Paper,2,32.0,0.05,60.8
4502,2025-12-26,Customer 024,Central,Office Supplies,Desk Organizer,3,42.0,0.0,126.0
4503,2025-12-26,Customer 018,South,Office Supplies,Desk Organizer,6,42.0,0.2,201.6
4504,2025-12-26,Customer 014,East,Office Supplies,Printer Paper,1,32.0,0.05,30.4
4505,2025-12-26,Customer 019,East,Furniture,Ergonomic Chair,1,349.0,0.0,349.0
4506,2025-12-27,Customer 006,East,Furniture,Bookshelf,2,189.0,0.1,340.2
4507,2025-12-27,Customer 051,East,Furniture,Filing Cabinet,1,229.0,0.0,229.0
4508,2025-12-27,Customer 055,South,Technology,Keyboard,4,89.0,0.0,356.0
4509,2025-12-27,Customer 030,East,Furniture,Ergonomic Chair,2,349.0,0.0,698.0
4510,2025-12-27,Customer 046,West,Furniture,Standing Desk,3,599.0,0.2,1437.6
4511,2025-12-28,Customer 060,East,Office Supplies,Pen Set,4,18.0,0.0,72.0
4512,2025-12-28,Customer 051,Central,Furniture,Bookshelf,2,189.0,0.0,378.0
4513,2025-12-28,Customer 021,East,Office Supplies,Notebook Pack,2,24.5,0.2,39.2
4514,2025-12-29,Customer 050,South,Office Supplies,Printer Paper,2,32.0,0.15,54.4
4515,2025-12-29,Customer 035,West,Furniture,Ergonomic Chair,1,349.0,0.0,349.0
4516,2025-12-29,Customer 060,West,Office Supplies,Desk Organizer,1,42.0,0.0,42.0
4517,2025-12-29,Customer 059,East,Furniture,Bookshelf,6,189.0,0.0,1134.0
4518,2025-12-29,Customer 053,East,Office Supplies,Pen Set,2,18.0,0.0,36.0
4519,2025-12-29,Customer 052,South,Technology,Monitor 27in,4,329.0,0.1,1184.4
4520,2025-12-29,Customer 008,South,Office Supplies,Desk Organizer,6,42.0,0.0,252.0
4521,2025-12-29,Customer 034,South,Furniture,Standing Desk,1,599.0,0.15,509.15
4522,2025-12-30,Customer 030,South,Office Supplies,Pen Set,2,18.0,0.05,34.2
4523,2025-12-30,Customer 021,South,Furniture,Filing Cabinet,4,229.0,0.15,778.6
4524,2025-12-30,Customer 008,East,Furniture,Standing Desk,6,599.0,0.0,3594.0
4525,2025-12-30,Customer 010,South,Furniture,Ergonomic Chair,3,349.0,0.2,837.6
4526,2025-12-30,Customer 021,West,Technology,Laptop,1,1299.0,0.0,1299.0
4527,2025-12-30,Customer 055,Central,Furniture,Ergonomic Chair,1,349.0,0.05,331.55
4528,2025-12-30,Customer 012,East,Technology,Monitor 27in,1,329.0,0.0,329.0
4529,2025-12-30,Customer 002,East,Office Supplies,Pen Set,1,18.0,0.05,17.1
4530,2025-12-30,Customer 026,West,Furniture,Ergonomic Chair,2,349.0,0.2,558.4
4531,2025-12-30,Customer 008,Central,Office Supplies,Pen Set,1,18.0,0.0,18.0
