order_id,order_date,promised_date,shipped_date,delivered_date,warehouse,carrier,product_category,ordered_qty,forecast_qty,shipped_qty,delivered_qty,lead_time_days,line_value
10377,2024-01-01,2024-01-08,2024-01-04,2024-01-07,Ontario CA,UPS,Home Goods,118,95,118,118,3,5664.0
10700,2024-01-01,2024-01-08,2024-01-04,2024-01-05,Dallas TX,XPO,Electronics,71,82,71,71,1,6035.0
10924,2024-01-01,2024-01-07,2024-01-02,2024-01-04,Chicago IL,XPO,Home Goods,43,40,43,43,2,2064.0
11544,2024-01-01,2024-01-09,2024-01-03,2024-01-05,Ontario CA,FedEx,Electronics,69,80,69,69,2,5865.0
12007,2024-01-01,2024-01-07,2024-01-03,2024-01-05,Chicago IL,XPO,Apparel,77,78,77,77,2,2464.0
11207,2024-01-02,2024-01-08,2024-01-05,2024-01-08,Ontario CA,UPS,Industrial,100,90,100,100,3,12000.0
11925,2024-01-02,2024-01-07,2024-01-03,2024-01-04,Dallas TX,UPS,Electronics,75,68,75,75,1,6375.0
12672,2024-01-02,2024-01-10,2024-01-05,2024-01-08,Dallas TX,UPS,Electronics,117,124,117,117,3,9945.0
12983,2024-01-02,2024-01-10,2024-01-06,2024-01-07,Ontario CA,FedEx,Apparel,53,58,53,53,1,1696.0
10227,2024-01-03,2024-01-09,2024-01-04,2024-01-05,Dallas TX,FedEx,Electronics,65,61,65,65,1,5525.0
11791,2024-01-03,2024-01-10,2024-01-04,2024-01-06,Dallas TX,FedEx,Apparel,54,45,54,52,2,1664.0
12375,2024-01-03,2024-01-11,2024-01-05,2024-01-06,Dallas TX,UPS,Industrial,93,94,71,71,1,8520.0
12464,2024-01-03,2024-01-10,2024-01-05,2024-01-07,Dallas TX,FedEx,Apparel,58,49,58,58,2,1856.0
12645,2024-01-03,2024-01-09,2024-01-05,2024-01-06,Atlanta GA,FedEx,Apparel,103,123,103,103,1,3296.0
12945,2024-01-03,2024-01-09,2024-01-06,2024-01-11,Atlanta GA,UPS,Apparel,41,47,41,41,5,1312.0
13358,2024-01-03,2024-01-09,2024-01-04,2024-01-06,Chicago IL,XPO,Apparel,111,129,111,111,2,3552.0
13600,2024-01-03,2024-01-10,2024-01-04,2024-01-07,Atlanta GA,UPS,Industrial,61,51,61,61,3,7320.0
10680,2024-01-04,2024-01-11,2024-01-07,2024-01-10,Atlanta GA,FedEx,Industrial,51,59,51,51,3,6120.0
11252,2024-01-04,2024-01-10,2024-01-05,2024-01-08,Chicago IL,FedEx,Industrial,83,93,83,83,3,9960.0
11550,2024-01-04,2024-01-10,2024-01-07,2024-01-09,Dallas TX,FedEx,Apparel,27,25,27,27,2,864.0
10279,2024-01-05,2024-01-11,2024-01-06,2024-01-09,Chicago IL,UPS,Electronics,6,7,6,6,3,510.0
10514,2024-01-05,2024-01-13,2024-01-07,2024-01-08,Dallas TX,XPO,Industrial,69,79,69,69,1,8280.0
11449,2024-01-05,2024-01-13,2024-01-06,2024-01-08,Dallas TX,UPS,Home Goods,103,87,103,103,2,4944.0
11981,2024-01-05,2024-01-13,2024-01-06,2024-01-07,Ontario CA,XPO,Industrial,5,5,5,5,1,600.0
12020,2024-01-05,2024-01-13,2024-01-08,2024-01-11,Atlanta GA,FedEx,Industrial,103,119,103,103,3,12360.0
12090,2024-01-05,2024-01-13,2024-01-06,2024-01-08,Atlanta GA,FedEx,Electronics,75,75,75,75,2,6375.0
12757,2024-01-05,2024-01-12,2024-01-06,2024-01-07,Chicago IL,FedEx,Apparel,63,56,63,63,1,2016.0
13569,2024-01-05,2024-01-12,2024-01-06,2024-01-07,Dallas TX,UPS,Industrial,41,37,36,36,1,4320.0
10341,2024-01-06,2024-01-11,2024-01-08,2024-01-09,Chicago IL,UPS,Industrial,81,79,81,81,1,9720.0
10414,2024-01-06,2024-01-14,2024-01-08,2024-01-11,Ontario CA,FedEx,Home Goods,80,85,80,80,3,3840.0
13091,2024-01-06,2024-01-12,2024-01-09,2024-01-10,Chicago IL,UPS,Home Goods,75,83,75,75,1,3600.0
13533,2024-01-06,2024-01-12,2024-01-07,2024-01-10,Ontario CA,FedEx,Electronics,115,116,115,115,3,9775.0
10422,2024-01-07,2024-01-12,2024-01-08,2024-01-10,Atlanta GA,FedEx,Electronics,97,100,97,97,2,8245.0
10826,2024-01-07,2024-01-12,2024-01-10,2024-01-11,Chicago IL,FedEx,Industrial,5,4,4,4,1,480.0
11448,2024-01-07,2024-01-13,2024-01-08,2024-01-11,Ontario CA,UPS,Electronics,26,22,26,26,3,2210.0
11962,2024-01-07,2024-01-13,2024-01-09,2024-01-12,Atlanta GA,XPO,Electronics,97,100,97,97,3,8245.0
12784,2024-01-07,2024-01-14,2024-01-09,2024-01-11,Atlanta GA,XPO,Electronics,38,44,38,38,2,3230.0
10717,2024-01-08,2024-01-15,2024-01-10,2024-01-13,Atlanta GA,FedEx,Electronics,55,52,55,55,3,4675.0
11225,2024-01-08,2024-01-16,2024-01-09,2024-01-10,Dallas TX,UPS,Electronics,92,105,92,92,1,7820.0
11667,2024-01-08,2024-01-15,2024-01-10,2024-01-15,Atlanta GA,UPS,Electronics,91,99,91,91,5,7735.0
12853,2024-01-08,2024-01-16,2024-01-09,2024-01-10,Chicago IL,UPS,Electronics,63,67,63,63,1,5355.0
13179,2024-01-08,2024-01-13,2024-01-11,2024-01-12,Dallas TX,XPO,Industrial,56,65,36,36,1,4320.0
13413,2024-01-08,2024-01-16,2024-01-11,2024-01-12,Chicago IL,UPS,Electronics,18,15,18,18,1,1530.0
10573,2024-01-09,2024-01-16,2024-01-10,2024-01-12,Ontario CA,XPO,Electronics,113,113,113,113,2,9605.0
10817,2024-01-09,2024-01-16,2024-01-12,2024-01-13,Chicago IL,UPS,Apparel,24,24,24,24,1,768.0
10879,2024-01-09,2024-01-16,2024-01-11,2024-01-12,Ontario CA,XPO,Electronics,33,35,33,33,1,2805.0
11250,2024-01-09,2024-01-14,2024-01-12,2024-01-14,Chicago IL,FedEx,Electronics,8,10,8,8,2,680.0
12151,2024-01-09,2024-01-15,2024-01-10,2024-01-12,Dallas TX,UPS,Industrial,31,29,31,31,2,3720.0
12390,2024-01-09,2024-01-17,2024-01-12,2024-01-15,Atlanta GA,FedEx,Apparel,110,95,110,110,3,3520.0
12666,2024-01-09,2024-01-16,2024-01-12,2024-01-14,Atlanta GA,UPS,Home Goods,108,123,108,108,2,5184.0
10026,2024-01-10,2024-01-16,2024-01-12,2024-01-14,Chicago IL,UPS,Electronics,111,105,111,111,2,9435.0
10231,2024-01-10,2024-01-17,2024-01-11,2024-01-12,Dallas TX,UPS,Industrial,53,60,53,53,1,6360.0
10269,2024-01-10,2024-01-16,2024-01-12,2024-01-14,Chicago IL,UPS,Apparel,81,91,81,81,2,2592.0
10740,2024-01-10,2024-01-15,2024-01-11,2024-01-14,Dallas TX,UPS,Industrial,109,102,109,109,3,13080.0
12844,2024-01-10,2024-01-15,2024-01-11,2024-01-12,Chicago IL,FedEx,Industrial,96,99,96,94,1,11280.0
12326,2024-01-11,2024-01-17,2024-01-12,2024-01-13,Chicago IL,FedEx,Industrial,46,38,46,46,1,5520.0
12646,2024-01-11,2024-01-18,2024-01-14,2024-01-17,Atlanta GA,UPS,Industrial,19,21,19,19,3,2280.0
13244,2024-01-11,2024-01-17,2024-01-13,2024-01-15,Chicago IL,UPS,Home Goods,98,97,98,98,2,4704.0
10753,2024-01-12,2024-01-19,2024-01-15,2024-01-18,Ontario CA,UPS,Apparel,117,115,117,117,3,3744.0
12210,2024-01-12,2024-01-20,2024-01-13,2024-01-14,Ontario CA,UPS,Industrial,98,102,98,98,1,11760.0
12585,2024-01-12,2024-01-20,2024-01-15,2024-01-16,Dallas TX,UPS,Apparel,85,95,85,85,1,2720.0
13385,2024-01-12,2024-01-19,2024-01-15,2024-01-17,Ontario CA,UPS,Electronics,92,95,57,57,2,4845.0
10499,2024-01-13,2024-01-18,2024-01-14,2024-01-16,Atlanta GA,FedEx,Electronics,62,71,62,62,2,5270.0
10930,2024-01-13,2024-01-18,2024-01-15,2024-01-18,Chicago IL,UPS,Electronics,54,58,54,54,3,4590.0
11078,2024-01-13,2024-01-20,2024-01-16,2024-01-19,Dallas TX,FedEx,Industrial,103,120,103,103,3,12360.0
11535,2024-01-13,2024-01-21,2024-01-16,2024-01-17,Dallas TX,XPO,Electronics,6,7,6,6,1,510.0
11781,2024-01-13,2024-01-18,2024-01-14,2024-01-17,Atlanta GA,XPO,Home Goods,20,20,20,20,3,960.0
11799,2024-01-13,2024-01-20,2024-01-16,2024-01-22,Ontario CA,FedEx,Electronics,58,66,58,58,6,4930.0
12850,2024-01-13,2024-01-18,2024-01-14,2024-01-15,Chicago IL,FedEx,Apparel,71,65,71,69,1,2208.0
13030,2024-01-13,2024-01-20,2024-01-15,2024-01-16,Dallas TX,FedEx,Apparel,71,58,71,71,1,2272.0
13548,2024-01-13,2024-01-21,2024-01-15,2024-01-18,Dallas TX,XPO,Apparel,73,70,73,73,3,2336.0
11012,2024-01-14,2024-01-22,2024-01-17,2024-01-20,Ontario CA,FedEx,Electronics,68,60,68,68,3,5780.0
11251,2024-01-14,2024-01-21,2024-01-17,2024-01-20,Ontario CA,FedEx,Electronics,86,93,86,86,3,7310.0
11718,2024-01-14,2024-01-19,2024-01-16,2024-01-17,Chicago IL,UPS,Electronics,36,42,36,36,1,3060.0
11948,2024-01-14,2024-01-19,2024-01-15,2024-01-17,Dallas TX,UPS,Home Goods,101,95,101,101,2,4848.0
12067,2024-01-14,2024-01-20,2024-01-15,2024-01-18,Ontario CA,XPO,Apparel,49,43,49,49,3,1568.0
12110,2024-01-14,2024-01-19,2024-01-15,2024-01-16,Dallas TX,FedEx,Industrial,8,9,8,8,1,960.0
13545,2024-01-14,2024-01-21,2024-01-20,2024-01-23,Ontario CA,XPO,Apparel,15,13,15,15,3,480.0
10901,2024-01-15,2024-01-22,2024-01-17,2024-01-19,Atlanta GA,FedEx,Industrial,116,113,116,116,2,13920.0
12987,2024-01-15,2024-01-21,2024-01-18,2024-01-19,Dallas TX,UPS,Apparel,6,6,6,4,1,128.0
13071,2024-01-15,2024-01-22,2024-01-18,2024-01-19,Dallas TX,FedEx,Home Goods,38,40,38,38,1,1824.0
10818,2024-01-16,2024-01-24,2024-01-21,2024-01-24,Chicago IL,FedEx,Apparel,80,68,80,80,3,2560.0
11706,2024-01-16,2024-01-24,2024-01-18,2024-01-19,Atlanta GA,UPS,Apparel,77,68,77,77,1,2464.0
12600,2024-01-16,2024-01-21,2024-01-19,2024-01-24,Atlanta GA,UPS,Industrial,41,42,41,41,5,4920.0
13440,2024-01-16,2024-01-23,2024-01-19,2024-01-20,Chicago IL,UPS,Industrial,20,16,20,20,1,2400.0
10990,2024-01-17,2024-01-23,2024-01-18,2024-01-19,Atlanta GA,UPS,Industrial,119,111,119,119,1,14280.0
11301,2024-01-17,2024-01-23,2024-01-18,2024-01-21,Ontario CA,UPS,Home Goods,41,46,41,41,3,1968.0
11525,2024-01-17,2024-01-24,2024-01-18,2024-01-19,Chicago IL,XPO,Electronics,89,100,89,89,1,7565.0
11641,2024-01-17,2024-01-23,2024-01-20,2024-01-22,Dallas TX,UPS,Industrial,24,28,24,24,2,2880.0
11732,2024-01-17,2024-01-22,2024-01-19,2024-01-20,Dallas TX,UPS,Industrial,33,33,33,33,1,3960.0
11759,2024-01-17,2024-01-23,2024-01-18,2024-01-21,Ontario CA,XPO,Industrial,39,44,39,39,3,4680.0
12084,2024-01-17,2024-01-23,2024-01-23,2024-01-26,Chicago IL,UPS,Industrial,44,37,44,44,3,5280.0
12752,2024-01-17,2024-01-23,2024-01-18,2024-01-21,Chicago IL,UPS,Apparel,107,91,107,107,3,3424.0
12829,2024-01-17,2024-01-25,2024-01-18,2024-01-19,Atlanta GA,UPS,Apparel,47,52,47,47,1,1504.0
10505,2024-01-18,2024-01-24,2024-01-20,2024-01-22,Chicago IL,UPS,Industrial,23,21,23,23,2,2760.0
10911,2024-01-18,2024-01-25,2024-01-25,2024-01-27,Atlanta GA,XPO,Apparel,26,30,26,26,2,832.0
11337,2024-01-18,2024-01-24,2024-01-20,2024-01-23,Chicago IL,XPO,Home Goods,20,17,20,20,3,960.0
11655,2024-01-18,2024-01-23,2024-01-19,2024-01-22,Atlanta GA,XPO,Industrial,87,98,87,87,3,10440.0
11754,2024-01-18,2024-01-24,2024-01-20,2024-01-22,Dallas TX,UPS,Electronics,86,95,86,86,2,7310.0
11768,2024-01-18,2024-01-26,2024-01-23,2024-01-26,Ontario CA,FedEx,Electronics,120,127,120,120,3,10200.0
11832,2024-01-18,2024-01-23,2024-01-21,2024-01-22,Chicago IL,XPO,Apparel,110,109,110,110,1,3520.0
11995,2024-01-18,2024-01-24,2024-01-20,2024-01-22,Dallas TX,UPS,Apparel,48,44,48,48,2,1536.0
10295,2024-01-19,2024-01-24,2024-01-22,2024-01-25,Ontario CA,FedEx,Electronics,75,60,75,75,3,6375.0
10399,2024-01-19,2024-01-26,2024-01-20,2024-01-22,Atlanta GA,FedEx,Apparel,43,38,43,40,2,1280.0
10569,2024-01-19,2024-01-27,2024-01-22,2024-01-25,Dallas TX,FedEx,Electronics,88,87,88,88,3,7480.0
10652,2024-01-19,2024-01-25,2024-01-20,2024-01-21,Chicago IL,FedEx,Home Goods,73,80,73,73,1,3504.0
11261,2024-01-19,2024-01-24,2024-01-21,2024-01-22,Dallas TX,UPS,Home Goods,77,79,77,77,1,3696.0
11474,2024-01-19,2024-01-25,2024-01-20,2024-01-21,Dallas TX,UPS,Electronics,72,81,72,72,1,6120.0
11788,2024-01-19,2024-01-26,2024-01-21,2024-01-23,Ontario CA,UPS,Apparel,65,64,65,65,2,2080.0
12225,2024-01-19,2024-01-27,2024-01-21,2024-01-22,Atlanta GA,FedEx,Home Goods,92,99,92,92,1,4416.0
12331,2024-01-19,2024-01-25,2024-01-20,2024-01-21,Ontario CA,UPS,Home Goods,95,92,95,95,1,4560.0
13235,2024-01-19,2024-01-27,2024-01-21,2024-01-24,Ontario CA,UPS,Home Goods,66,63,66,66,3,3168.0
13241,2024-01-19,2024-01-26,2024-01-20,2024-01-23,Atlanta GA,FedEx,Home Goods,41,37,41,41,3,1968.0
13432,2024-01-19,2024-01-27,2024-01-21,2024-01-23,Atlanta GA,FedEx,Industrial,30,36,30,30,2,3600.0
12329,2024-01-20,2024-01-25,2024-01-23,2024-01-25,Ontario CA,FedEx,Apparel,79,78,79,77,2,2464.0
12834,2024-01-20,2024-01-27,2024-01-22,2024-01-23,Atlanta GA,FedEx,Home Goods,59,62,59,59,1,2832.0
13423,2024-01-20,2024-01-26,2024-01-23,2024-01-28,Dallas TX,UPS,Home Goods,43,36,43,43,5,2064.0
11323,2024-01-21,2024-01-29,2024-01-24,2024-01-25,Atlanta GA,XPO,Apparel,78,88,78,78,1,2496.0
12159,2024-01-21,2024-01-26,2024-01-22,2024-01-24,Ontario CA,FedEx,Home Goods,45,46,45,45,2,2160.0
12335,2024-01-21,2024-01-26,2024-01-24,2024-01-26,Atlanta GA,XPO,Electronics,73,84,73,73,2,6205.0
10562,2024-01-22,2024-01-28,2024-01-23,2024-01-25,Chicago IL,FedEx,Industrial,56,51,56,56,2,6720.0
10814,2024-01-22,2024-01-29,2024-01-28,2024-01-30,Ontario CA,XPO,Electronics,89,107,89,89,2,7565.0
10886,2024-01-22,2024-01-27,2024-01-27,2024-01-29,Dallas TX,UPS,Industrial,47,55,47,47,2,5640.0
11023,2024-01-22,2024-01-28,2024-01-24,2024-01-27,Ontario CA,XPO,Industrial,58,59,58,58,3,6960.0
11148,2024-01-22,2024-01-28,2024-01-25,2024-01-28,Ontario CA,XPO,Apparel,82,72,82,82,3,2624.0
11264,2024-01-22,2024-01-28,2024-01-23,2024-01-24,Atlanta GA,UPS,Home Goods,106,126,106,106,1,5088.0
11783,2024-01-22,2024-01-29,2024-01-23,2024-01-25,Dallas TX,FedEx,Home Goods,46,40,46,46,2,2208.0
12607,2024-01-22,2024-01-30,2024-01-23,2024-01-25,Dallas TX,UPS,Apparel,104,124,104,104,2,3328.0
13539,2024-01-22,2024-01-29,2024-01-25,2024-01-28,Chicago IL,FedEx,Industrial,64,73,64,64,3,7680.0
10246,2024-01-23,2024-01-30,2024-01-24,2024-01-27,Chicago IL,UPS,Electronics,113,114,113,113,3,9605.0
11470,2024-01-23,2024-01-30,2024-01-26,2024-01-28,Dallas TX,UPS,Apparel,112,132,112,112,2,3584.0
12581,2024-01-23,2024-01-30,2024-01-25,2024-01-27,Atlanta GA,FedEx,Apparel,118,110,118,118,2,3776.0
12594,2024-01-23,2024-01-28,2024-01-26,2024-01-29,Chicago IL,FedEx,Electronics,73,62,73,73,3,6205.0
12637,2024-01-23,2024-01-29,2024-01-25,2024-01-26,Chicago IL,FedEx,Apparel,46,43,46,46,1,1472.0
11200,2024-01-24,2024-01-30,2024-01-27,2024-01-28,Atlanta GA,FedEx,Electronics,96,80,96,96,1,8160.0
11244,2024-01-24,2024-01-31,2024-01-27,2024-01-30,Ontario CA,FedEx,Home Goods,57,64,57,57,3,2736.0
11664,2024-01-24,2024-02-01,2024-01-27,2024-01-29,Chicago IL,UPS,Apparel,91,104,91,91,2,2912.0
12497,2024-01-24,2024-01-31,2024-01-26,2024-01-28,Chicago IL,XPO,Home Goods,100,86,100,100,2,4800.0
10617,2024-01-25,2024-01-31,2024-01-27,2024-01-29,Atlanta GA,XPO,Apparel,36,30,36,36,2,1152.0
10934,2024-01-25,2024-02-01,2024-01-27,2024-01-30,Chicago IL,FedEx,Apparel,58,47,58,58,3,1856.0
11782,2024-01-25,2024-01-30,2024-01-26,2024-01-29,Ontario CA,FedEx,Home Goods,25,28,25,25,3,1200.0
12294,2024-01-25,2024-02-01,2024-01-27,2024-01-29,Dallas TX,FedEx,Electronics,42,35,42,42,2,3570.0
12938,2024-01-25,2024-02-01,2024-01-26,2024-01-29,Chicago IL,UPS,Industrial,76,87,76,76,3,9120.0
13118,2024-01-25,2024-02-02,2024-01-26,2024-01-27,Chicago IL,XPO,Apparel,57,59,57,57,1,1824.0
13326,2024-01-25,2024-01-31,2024-01-28,2024-01-31,Atlanta GA,FedEx,Electronics,71,61,71,71,3,6035.0
13542,2024-01-25,2024-01-31,2024-01-28,2024-01-30,Ontario CA,FedEx,Electronics,38,37,38,38,2,3230.0
10616,2024-01-26,2024-02-01,2024-01-27,2024-01-29,Chicago IL,XPO,Industrial,59,70,59,57,2,6840.0
10061,2024-01-27,2024-02-01,2024-01-28,2024-01-31,Dallas TX,XPO,Electronics,91,103,91,91,3,7735.0
10559,2024-01-27,2024-02-01,2024-01-29,2024-01-30,Dallas TX,FedEx,Electronics,80,94,80,80,1,6800.0
10679,2024-01-27,2024-02-03,2024-01-29,2024-02-01,Atlanta GA,XPO,Home Goods,101,114,101,101,3,4848.0
11921,2024-01-27,2024-02-03,2024-01-30,2024-01-31,Dallas TX,UPS,Electronics,89,73,79,79,1,6715.0
10144,2024-01-28,2024-02-03,2024-01-31,2024-02-02,Atlanta GA,XPO,Apparel,105,125,105,105,2,3360.0
10449,2024-01-28,2024-02-04,2024-01-30,2024-02-01,Dallas TX,FedEx,Electronics,14,16,14,14,2,1190.0
10602,2024-01-28,2024-02-04,2024-01-30,2024-02-02,Atlanta GA,FedEx,Home Goods,45,39,45,45,3,2160.0
11120,2024-01-28,2024-02-02,2024-01-29,2024-02-01,Ontario CA,UPS,Apparel,16,16,16,16,3,512.0
12450,2024-01-28,2024-02-04,2024-01-31,2024-02-02,Atlanta GA,UPS,Electronics,45,41,31,30,2,2550.0
12734,2024-01-28,2024-02-05,2024-01-31,2024-02-01,Dallas TX,FedEx,Home Goods,67,56,67,67,1,3216.0
12877,2024-01-28,2024-02-02,2024-01-29,2024-01-30,Ontario CA,FedEx,Apparel,62,72,62,62,1,1984.0
13055,2024-01-28,2024-02-05,2024-01-31,2024-02-02,Atlanta GA,FedEx,Apparel,7,6,7,7,2,224.0
10595,2024-01-29,2024-02-05,2024-01-31,2024-02-03,Chicago IL,UPS,Home Goods,58,48,58,58,3,2784.0
10670,2024-01-29,2024-02-04,2024-01-31,2024-02-03,Chicago IL,FedEx,Home Goods,63,74,63,62,3,2976.0
10875,2024-01-29,2024-02-04,2024-01-30,2024-01-31,Dallas TX,XPO,Apparel,74,75,74,74,1,2368.0
11028,2024-01-29,2024-02-06,2024-01-30,2024-02-01,Ontario CA,UPS,Home Goods,102,120,102,102,2,4896.0
11122,2024-01-29,2024-02-06,2024-02-01,2024-02-02,Ontario CA,FedEx,Industrial,28,28,28,28,1,3360.0
11498,2024-01-29,2024-02-06,2024-02-01,2024-02-03,Atlanta GA,UPS,Apparel,72,73,72,72,2,2304.0
11513,2024-01-29,2024-02-06,2024-01-31,2024-02-02,Atlanta GA,FedEx,Electronics,104,88,104,104,2,8840.0
11976,2024-01-29,2024-02-03,2024-02-01,2024-02-03,Chicago IL,FedEx,Apparel,37,35,37,37,2,1184.0
12272,2024-01-29,2024-02-05,2024-02-01,2024-02-02,Dallas TX,FedEx,Electronics,45,39,45,45,1,3825.0
12378,2024-01-29,2024-02-05,2024-02-01,2024-02-04,Dallas TX,FedEx,Home Goods,24,23,24,24,3,1152.0
12561,2024-01-29,2024-02-05,2024-02-01,2024-02-03,Dallas TX,FedEx,Electronics,83,70,83,83,2,7055.0
12760,2024-01-29,2024-02-03,2024-02-01,2024-02-03,Ontario CA,FedEx,Apparel,25,29,25,25,2,800.0
12996,2024-01-29,2024-02-04,2024-01-30,2024-01-31,Dallas TX,UPS,Industrial,32,32,32,32,1,3840.0
10266,2024-01-30,2024-02-04,2024-02-01,2024-02-03,Chicago IL,XPO,Electronics,36,29,36,36,2,3060.0
12905,2024-01-30,2024-02-07,2024-01-31,2024-02-02,Chicago IL,FedEx,Apparel,7,7,7,7,2,224.0
10184,2024-01-31,2024-02-08,2024-02-02,2024-02-05,Ontario CA,UPS,Home Goods,50,51,50,50,3,2400.0
10640,2024-01-31,2024-02-07,2024-02-02,2024-02-04,Chicago IL,FedEx,Apparel,99,80,99,99,2,3168.0
11593,2024-01-31,2024-02-05,2024-02-03,2024-02-05,Atlanta GA,UPS,Electronics,113,115,113,113,2,9605.0
11752,2024-01-31,2024-02-07,2024-02-03,2024-02-06,Dallas TX,UPS,Home Goods,71,71,71,71,3,3408.0
11926,2024-01-31,2024-02-06,2024-02-01,2024-02-04,Atlanta GA,FedEx,Industrial,104,122,104,102,3,12240.0
12434,2024-01-31,2024-02-06,2024-02-02,2024-02-04,Chicago IL,UPS,Electronics,7,8,7,7,2,595.0
13203,2024-01-31,2024-02-06,2024-02-02,2024-02-05,Chicago IL,FedEx,Apparel,102,109,102,102,3,3264.0
11232,2024-02-01,2024-02-06,2024-02-02,2024-02-04,Chicago IL,UPS,Electronics,108,114,108,108,2,9180.0
11392,2024-02-01,2024-02-09,2024-02-03,2024-02-06,Ontario CA,UPS,Electronics,109,90,109,109,3,9265.0
12440,2024-02-01,2024-02-08,2024-02-03,2024-02-06,Ontario CA,FedEx,Home Goods,73,81,73,73,3,3504.0
12448,2024-02-01,2024-02-09,2024-02-04,2024-02-06,Ontario CA,FedEx,Industrial,71,74,71,71,2,8520.0
12510,2024-02-01,2024-02-06,2024-02-03,2024-02-05,Atlanta GA,XPO,Electronics,114,112,114,114,2,9690.0
12520,2024-02-01,2024-02-07,2024-02-04,2024-02-06,Dallas TX,FedEx,Apparel,101,83,101,101,2,3232.0
12988,2024-02-01,2024-02-07,2024-02-02,2024-02-03,Ontario CA,UPS,Industrial,37,38,37,37,1,4440.0
13364,2024-02-01,2024-02-06,2024-02-03,2024-02-04,Dallas TX,UPS,Industrial,60,59,60,60,1,7200.0
13478,2024-02-01,2024-02-06,2024-02-04,2024-02-06,Ontario CA,FedEx,Apparel,85,73,85,85,2,2720.0
10719,2024-02-02,2024-02-07,2024-02-04,2024-02-06,Chicago IL,XPO,Electronics,90,107,90,90,2,7650.0
12642,2024-02-02,2024-02-09,2024-02-05,2024-02-07,Chicago IL,FedEx,Electronics,38,37,38,38,2,3230.0
13009,2024-02-02,2024-02-10,2024-02-05,2024-02-06,Chicago IL,XPO,Apparel,119,128,119,119,1,3808.0
11175,2024-02-03,2024-02-08,2024-02-04,2024-02-06,Atlanta GA,UPS,Electronics,110,119,88,88,2,7480.0
11318,2024-02-03,2024-02-11,2024-02-05,2024-02-08,Dallas TX,UPS,Apparel,104,119,104,104,3,3328.0
12213,2024-02-03,2024-02-09,2024-02-04,2024-02-05,Chicago IL,FedEx,Apparel,25,22,25,25,1,800.0
12574,2024-02-03,2024-02-09,2024-02-04,2024-02-06,Ontario CA,UPS,Home Goods,52,46,52,52,2,2496.0
10252,2024-02-04,2024-02-10,2024-02-06,2024-02-07,Atlanta GA,FedEx,Electronics,18,15,18,18,1,1530.0
10869,2024-02-04,2024-02-12,2024-02-06,2024-02-08,Dallas TX,UPS,Industrial,14,12,14,14,2,1680.0
11503,2024-02-04,2024-02-11,2024-02-07,2024-02-12,Atlanta GA,FedEx,Electronics,57,51,57,57,5,4845.0
11771,2024-02-04,2024-02-09,2024-02-06,2024-02-07,Atlanta GA,UPS,Home Goods,21,24,17,17,1,816.0
12613,2024-02-04,2024-02-10,2024-02-09,2024-02-13,Chicago IL,UPS,Apparel,16,13,16,16,4,512.0
12940,2024-02-04,2024-02-12,2024-02-07,2024-02-08,Dallas TX,UPS,Home Goods,81,76,81,81,1,3888.0
10993,2024-02-05,2024-02-11,2024-02-06,2024-02-08,Chicago IL,XPO,Home Goods,10,10,10,10,2,480.0
12643,2024-02-05,2024-02-10,2024-02-07,2024-02-10,Dallas TX,FedEx,Apparel,44,45,44,44,3,1408.0
10423,2024-02-06,2024-02-13,2024-02-08,2024-02-10,Ontario CA,FedEx,Home Goods,63,73,63,63,2,3024.0
10843,2024-02-06,2024-02-11,2024-02-09,2024-02-10,Dallas TX,XPO,Apparel,81,89,81,81,1,2592.0
10851,2024-02-06,2024-02-11,2024-02-08,2024-02-10,Ontario CA,UPS,Industrial,63,74,63,63,2,7560.0
12013,2024-02-06,2024-02-13,2024-02-07,2024-02-08,Chicago IL,UPS,Apparel,7,7,7,7,1,224.0
12253,2024-02-06,2024-02-13,2024-02-07,2024-02-10,Dallas TX,UPS,Industrial,113,102,113,113,3,13560.0
13376,2024-02-06,2024-02-13,2024-02-09,2024-02-10,Ontario CA,FedEx,Apparel,46,42,46,46,1,1472.0
10895,2024-02-07,2024-02-15,2024-02-10,2024-02-13,Ontario CA,XPO,Apparel,39,42,39,39,3,1248.0
11159,2024-02-07,2024-02-15,2024-02-09,2024-02-15,Atlanta GA,XPO,Electronics,19,20,19,17,6,1445.0
11479,2024-02-07,2024-02-13,2024-02-08,2024-02-10,Chicago IL,UPS,Electronics,92,80,92,92,2,7820.0
12174,2024-02-07,2024-02-12,2024-02-08,2024-02-11,Dallas TX,FedEx,Electronics,110,105,110,110,3,9350.0
12193,2024-02-07,2024-02-14,2024-02-14,2024-02-20,Chicago IL,UPS,Apparel,7,7,7,7,6,224.0
12293,2024-02-07,2024-02-12,2024-02-10,2024-02-12,Dallas TX,FedEx,Apparel,118,98,118,118,2,3776.0
12472,2024-02-07,2024-02-13,2024-02-09,2024-02-12,Dallas TX,UPS,Apparel,118,136,118,118,3,3776.0
12490,2024-02-07,2024-02-15,2024-02-08,2024-02-11,Ontario CA,FedEx,Apparel,43,43,43,43,3,1376.0
12878,2024-02-07,2024-02-15,2024-02-08,2024-02-09,Dallas TX,UPS,Apparel,113,125,113,113,1,3616.0
13591,2024-02-07,2024-02-12,2024-02-13,2024-02-16,Ontario CA,FedEx,Home Goods,87,86,87,84,3,4032.0
10759,2024-02-08,2024-02-13,2024-02-11,2024-02-12,Chicago IL,UPS,Electronics,15,17,15,15,1,1275.0
11997,2024-02-08,2024-02-13,2024-02-10,2024-02-13,Chicago IL,FedEx,Apparel,61,62,61,61,3,1952.0
10991,2024-02-09,2024-02-17,2024-02-10,2024-02-11,Chicago IL,XPO,Electronics,89,82,89,89,1,7565.0
11187,2024-02-09,2024-02-14,2024-02-10,2024-02-12,Atlanta GA,FedEx,Industrial,5,5,3,3,2,360.0
12349,2024-02-09,2024-02-14,2024-02-12,2024-02-14,Chicago IL,FedEx,Apparel,61,65,61,61,2,1952.0
13287,2024-02-09,2024-02-17,2024-02-12,2024-02-13,Ontario CA,XPO,Home Goods,26,28,26,26,1,1248.0
10027,2024-02-10,2024-02-18,2024-02-13,2024-02-14,Chicago IL,UPS,Industrial,90,76,90,90,1,10800.0
10661,2024-02-10,2024-02-16,2024-02-13,2024-02-14,Ontario CA,UPS,Apparel,41,45,41,41,1,1312.0
10985,2024-02-10,2024-02-16,2024-02-13,2024-02-15,Atlanta GA,XPO,Home Goods,46,53,46,46,2,2208.0
11817,2024-02-10,2024-02-17,2024-02-13,2024-02-15,Ontario CA,FedEx,Electronics,70,75,70,70,2,5950.0
12704,2024-02-10,2024-02-16,2024-02-13,2024-02-14,Chicago IL,XPO,Industrial,110,118,110,110,1,13200.0
13537,2024-02-10,2024-02-17,2024-02-12,2024-02-15,Chicago IL,XPO,Electronics,8,8,8,8,3,680.0
11208,2024-02-11,2024-02-19,2024-02-12,2024-02-14,Chicago IL,UPS,Electronics,98,81,98,98,2,8330.0
11328,2024-02-11,2024-02-16,2024-02-14,2024-02-17,Atlanta GA,XPO,Electronics,35,41,35,35,3,2975.0
11839,2024-02-11,2024-02-19,2024-02-13,2024-02-15,Ontario CA,UPS,Electronics,65,59,65,65,2,5525.0
12718,2024-02-11,2024-02-18,2024-02-14,2024-02-17,Dallas TX,FedEx,Electronics,67,75,67,67,3,5695.0
13559,2024-02-11,2024-02-17,2024-02-13,2024-02-14,Atlanta GA,FedEx,Apparel,106,91,106,106,1,3392.0
10206,2024-02-12,2024-02-18,2024-02-14,2024-02-15,Ontario CA,UPS,Home Goods,59,50,59,59,1,2832.0
10407,2024-02-12,2024-02-17,2024-02-15,2024-02-17,Ontario CA,UPS,Home Goods,55,57,55,55,2,2640.0
10454,2024-02-12,2024-02-19,2024-02-14,2024-02-15,Atlanta GA,XPO,Electronics,60,63,60,60,1,5100.0
10581,2024-02-12,2024-02-19,2024-02-13,2024-02-16,Chicago IL,UPS,Apparel,116,102,116,116,3,3712.0
11049,2024-02-12,2024-02-17,2024-02-13,2024-02-15,Chicago IL,UPS,Home Goods,97,90,97,97,2,4656.0
11166,2024-02-12,2024-02-18,2024-02-14,2024-02-15,Dallas TX,XPO,Electronics,29,28,29,29,1,2465.0
12599,2024-02-12,2024-02-19,2024-02-14,2024-02-17,Dallas TX,UPS,Electronics,98,107,98,98,3,8330.0
12716,2024-02-12,2024-02-19,2024-02-14,2024-02-17,Ontario CA,FedEx,Electronics,40,38,40,40,3,3400.0
13301,2024-02-12,2024-02-18,2024-02-13,2024-02-14,Atlanta GA,FedEx,Industrial,59,61,59,59,1,7080.0
10373,2024-02-13,2024-02-18,2024-02-14,2024-02-15,Ontario CA,UPS,Apparel,24,23,24,24,1,768.0
10511,2024-02-13,2024-02-21,2024-02-14,2024-02-15,Dallas TX,UPS,Electronics,70,73,70,70,1,5950.0
11113,2024-02-13,2024-02-19,2024-02-16,2024-02-17,Chicago IL,UPS,Apparel,74,78,74,74,1,2368.0
11352,2024-02-13,2024-02-21,2024-02-15,2024-02-18,Dallas TX,XPO,Electronics,43,46,43,43,3,3655.0
11540,2024-02-13,2024-02-18,2024-02-16,2024-02-18,Dallas TX,FedEx,Apparel,38,40,38,38,2,1216.0
11836,2024-02-13,2024-02-21,2024-02-15,2024-02-16,Atlanta GA,UPS,Apparel,53,58,53,53,1,1696.0
10412,2024-02-14,2024-02-20,2024-02-15,2024-02-21,Atlanta GA,UPS,Home Goods,89,102,89,89,6,4272.0
11511,2024-02-14,2024-02-21,2024-02-17,2024-02-19,Atlanta GA,XPO,Apparel,71,67,71,71,2,2272.0
11658,2024-02-14,2024-02-21,2024-02-15,2024-02-16,Chicago IL,XPO,Electronics,52,48,44,44,1,3740.0
12011,2024-02-14,2024-02-20,2024-02-17,2024-02-20,Chicago IL,FedEx,Electronics,81,88,81,81,3,6885.0
10596,2024-02-15,2024-02-23,2024-02-17,2024-02-20,Atlanta GA,UPS,Apparel,120,112,120,120,3,3840.0
11607,2024-02-15,2024-02-20,2024-02-18,2024-02-21,Ontario CA,FedEx,Apparel,101,116,101,101,3,3232.0
11838,2024-02-15,2024-02-21,2024-02-17,2024-02-20,Dallas TX,FedEx,Industrial,72,75,48,48,3,5760.0
12135,2024-02-15,2024-02-23,2024-02-16,2024-02-17,Dallas TX,UPS,Apparel,23,27,20,20,1,640.0
12541,2024-02-15,2024-02-23,2024-02-16,2024-02-21,Ontario CA,FedEx,Apparel,95,102,95,95,5,3040.0
13403,2024-02-15,2024-02-22,2024-02-17,2024-02-19,Ontario CA,UPS,Industrial,107,114,107,107,2,12840.0
10098,2024-02-16,2024-02-22,2024-02-18,2024-02-23,Dallas TX,FedEx,Electronics,43,51,43,43,5,3655.0
10885,2024-02-16,2024-02-22,2024-02-19,2024-02-22,Ontario CA,FedEx,Apparel,117,101,117,117,3,3744.0
13285,2024-02-16,2024-02-24,2024-02-19,2024-02-22,Atlanta GA,XPO,Apparel,93,92,93,93,3,2976.0
13528,2024-02-16,2024-02-21,2024-02-19,2024-02-21,Dallas TX,XPO,Electronics,41,36,41,41,2,3485.0
11360,2024-02-17,2024-02-23,2024-02-18,2024-02-19,Atlanta GA,UPS,Apparel,16,18,16,16,1,512.0
11478,2024-02-17,2024-02-22,2024-02-18,2024-02-20,Atlanta GA,XPO,Industrial,109,106,109,109,2,13080.0
12074,2024-02-17,2024-02-25,2024-02-18,2024-02-23,Ontario CA,UPS,Home Goods,44,42,44,44,5,2112.0
12314,2024-02-17,2024-02-25,2024-02-19,2024-02-21,Dallas TX,UPS,Apparel,71,57,71,71,2,2272.0
12529,2024-02-17,2024-02-25,2024-02-20,2024-02-21,Atlanta GA,FedEx,Electronics,112,112,112,112,1,9520.0
13113,2024-02-17,2024-02-22,2024-02-20,2024-02-22,Chicago IL,UPS,Apparel,25,29,25,25,2,800.0
13122,2024-02-17,2024-02-25,2024-02-18,2024-02-20,Ontario CA,UPS,Industrial,49,50,49,49,2,5880.0
13125,2024-02-17,2024-02-24,2024-02-18,2024-02-20,Chicago IL,FedEx,Apparel,19,15,19,19,2,608.0
10122,2024-02-18,2024-02-26,2024-02-21,2024-02-23,Atlanta GA,FedEx,Industrial,107,101,107,107,2,12840.0
10530,2024-02-18,2024-02-23,2024-02-21,2024-02-22,Ontario CA,XPO,Electronics,84,92,84,84,1,7140.0
10566,2024-02-18,2024-02-23,2024-02-20,2024-02-23,Dallas TX,UPS,Apparel,70,68,70,70,3,2240.0
11379,2024-02-18,2024-02-26,2024-02-20,2024-02-21,Ontario CA,XPO,Electronics,92,105,92,92,1,7820.0
11568,2024-02-18,2024-02-26,2024-02-19,2024-02-22,Dallas TX,UPS,Electronics,97,93,97,97,3,8245.0
11787,2024-02-18,2024-02-26,2024-02-19,2024-02-21,Ontario CA,FedEx,Apparel,89,75,89,89,2,2848.0
12044,2024-02-18,2024-02-25,2024-02-20,2024-02-23,Chicago IL,FedEx,Electronics,92,99,92,92,3,7820.0
12142,2024-02-18,2024-02-25,2024-02-19,2024-02-21,Chicago IL,FedEx,Industrial,21,22,21,21,2,2520.0
13314,2024-02-18,2024-02-26,2024-02-20,2024-02-21,Chicago IL,FedEx,Apparel,74,79,74,74,1,2368.0
13439,2024-02-18,2024-02-25,2024-02-19,2024-02-22,Atlanta GA,FedEx,Apparel,92,76,92,92,3,2944.0
10506,2024-02-19,2024-02-24,2024-02-22,2024-02-25,Dallas TX,UPS,Electronics,103,108,103,103,3,8755.0
10561,2024-02-19,2024-02-27,2024-02-20,2024-02-21,Atlanta GA,FedEx,Industrial,12,13,12,12,1,1440.0
10998,2024-02-19,2024-02-25,2024-02-20,2024-02-21,Chicago IL,FedEx,Home Goods,86,70,86,86,1,4128.0
11156,2024-02-19,2024-02-26,2024-02-21,2024-02-22,Chicago IL,FedEx,Apparel,82,93,82,82,1,2624.0
12216,2024-02-19,2024-02-26,2024-02-21,2024-02-23,Ontario CA,XPO,Electronics,38,34,38,38,2,3230.0
12799,2024-02-19,2024-02-24,2024-02-22,2024-02-25,Dallas TX,FedEx,Electronics,109,124,109,109,3,9265.0
13303,2024-02-19,2024-02-24,2024-02-21,2024-02-23,Dallas TX,FedEx,Apparel,30,29,30,30,2,960.0
13536,2024-02-19,2024-02-27,2024-02-22,2024-02-25,Dallas TX,UPS,Home Goods,87,78,87,87,3,4176.0
11354,2024-02-20,2024-02-27,2024-02-22,2024-02-25,Atlanta GA,FedEx,Apparel,111,97,111,111,3,3552.0
11376,2024-02-20,2024-02-28,2024-02-22,2024-02-24,Chicago IL,UPS,Electronics,91,79,91,91,2,7735.0
11416,2024-02-20,2024-02-28,2024-02-22,2024-02-24,Ontario CA,FedEx,Electronics,95,110,95,95,2,8075.0
11825,2024-02-20,2024-02-27,2024-02-23,2024-02-25,Dallas TX,XPO,Apparel,30,32,30,30,2,960.0
11933,2024-02-20,2024-02-28,2024-02-21,2024-02-27,Atlanta GA,XPO,Home Goods,71,74,71,71,6,3408.0
12012,2024-02-20,2024-02-25,2024-02-21,2024-02-22,Dallas TX,UPS,Home Goods,80,70,66,66,1,3168.0
10037,2024-02-21,2024-02-28,2024-02-23,2024-02-26,Dallas TX,UPS,Apparel,107,105,107,107,3,3424.0
10468,2024-02-21,2024-02-26,2024-02-22,2024-02-25,Dallas TX,UPS,Industrial,26,29,26,26,3,3120.0
11455,2024-02-21,2024-02-29,2024-02-23,2024-02-24,Chicago IL,FedEx,Electronics,21,18,21,21,1,1785.0
12947,2024-02-21,2024-02-28,2024-02-22,2024-02-23,Ontario CA,UPS,Home Goods,12,14,12,12,1,576.0
13078,2024-02-21,2024-02-28,2024-02-24,2024-02-26,Atlanta GA,UPS,Electronics,54,63,54,54,2,4590.0
13344,2024-02-21,2024-02-28,2024-02-24,2024-02-27,Chicago IL,FedEx,Industrial,80,66,80,80,3,9600.0
10025,2024-02-22,2024-02-28,2024-02-25,2024-02-26,Ontario CA,XPO,Electronics,10,8,10,10,1,850.0
10055,2024-02-22,2024-02-27,2024-02-25,2024-02-26,Ontario CA,FedEx,Electronics,13,12,13,13,1,1105.0
12678,2024-02-22,2024-02-27,2024-02-24,2024-02-27,Atlanta GA,FedEx,Apparel,29,27,29,29,3,928.0
13295,2024-02-22,2024-02-29,2024-02-28,2024-03-02,Atlanta GA,UPS,Home Goods,110,99,99,99,3,4752.0
10690,2024-02-23,2024-02-29,2024-02-24,2024-02-26,Chicago IL,XPO,Industrial,98,94,98,98,2,11760.0
11258,2024-02-23,2024-03-02,2024-02-25,2024-02-28,Chicago IL,UPS,Industrial,18,18,18,18,3,2160.0
11880,2024-02-23,2024-03-02,2024-02-24,2024-02-25,Atlanta GA,UPS,Home Goods,12,10,12,12,1,576.0
12125,2024-02-23,2024-03-02,2024-02-24,2024-02-25,Dallas TX,FedEx,Industrial,70,65,70,70,1,8400.0
12139,2024-02-23,2024-02-28,2024-02-24,2024-02-27,Chicago IL,XPO,Apparel,22,25,22,20,3,640.0
12917,2024-02-23,2024-03-01,2024-02-26,2024-02-29,Ontario CA,UPS,Apparel,70,58,70,70,3,2240.0
13468,2024-02-23,2024-03-01,2024-02-25,2024-02-26,Ontario CA,UPS,Industrial,8,7,8,8,1,960.0
10808,2024-02-24,2024-03-01,2024-02-27,2024-02-29,Atlanta GA,FedEx,Industrial,73,61,73,73,2,8760.0
12062,2024-02-24,2024-03-02,2024-02-27,2024-02-29,Ontario CA,FedEx,Industrial,62,63,62,62,2,7440.0
12239,2024-02-24,2024-02-29,2024-02-25,2024-02-26,Dallas TX,UPS,Apparel,39,46,39,39,1,1248.0
12482,2024-02-24,2024-02-29,2024-02-25,2024-02-26,Atlanta GA,FedEx,Electronics,31,28,31,31,1,2635.0
12664,2024-02-24,2024-02-29,2024-02-25,2024-02-26,Atlanta GA,UPS,Electronics,67,60,67,67,1,5695.0
10361,2024-02-25,2024-03-02,2024-02-26,2024-02-28,Ontario CA,UPS,Electronics,15,13,15,15,2,1275.0
10475,2024-02-25,2024-03-04,2024-02-26,2024-02-27,Atlanta GA,FedEx,Home Goods,37,35,37,37,1,1776.0
10541,2024-02-25,2024-03-03,2024-02-28,2024-02-29,Chicago IL,FedEx,Home Goods,54,50,54,54,1,2592.0
11750,2024-02-25,2024-03-01,2024-02-27,2024-03-01,Chicago IL,UPS,Industrial,43,35,43,43,3,5160.0
13083,2024-02-25,2024-03-04,2024-02-28,2024-03-02,Dallas TX,FedEx,Apparel,12,12,12,12,3,384.0
13166,2024-02-25,2024-03-01,2024-02-26,2024-02-29,Dallas TX,UPS,Home Goods,23,19,15,15,3,720.0
13173,2024-02-25,2024-03-02,2024-02-26,2024-02-28,Atlanta GA,UPS,Apparel,7,6,7,7,2,224.0
10161,2024-02-26,2024-03-04,2024-03-03,2024-03-04,Ontario CA,UPS,Apparel,12,12,12,12,1,384.0
11040,2024-02-26,2024-03-03,2024-02-29,2024-03-01,Dallas TX,FedEx,Apparel,16,15,16,16,1,512.0
11272,2024-02-26,2024-03-03,2024-02-29,2024-03-02,Ontario CA,UPS,Electronics,14,12,14,14,2,1190.0
11645,2024-02-26,2024-03-03,2024-02-29,2024-03-03,Ontario CA,FedEx,Electronics,15,13,15,15,3,1275.0
12244,2024-02-26,2024-03-04,2024-02-28,2024-03-02,Ontario CA,UPS,Apparel,115,131,115,115,3,3680.0
12250,2024-02-26,2024-03-03,2024-02-27,2024-02-29,Atlanta GA,FedEx,Electronics,14,13,12,12,2,1020.0
12376,2024-02-26,2024-03-04,2024-02-29,2024-03-02,Atlanta GA,FedEx,Apparel,33,29,33,33,2,1056.0
12437,2024-02-26,2024-03-05,2024-02-27,2024-02-29,Ontario CA,XPO,Apparel,8,9,6,6,2,192.0
13020,2024-02-26,2024-03-05,2024-02-27,2024-02-28,Ontario CA,UPS,Home Goods,76,71,76,76,1,3648.0
13421,2024-02-26,2024-03-02,2024-02-29,2024-03-02,Chicago IL,FedEx,Industrial,5,5,5,5,2,600.0
10245,2024-02-27,2024-03-04,2024-02-28,2024-02-29,Chicago IL,FedEx,Electronics,66,53,66,66,1,5610.0
11050,2024-02-27,2024-03-04,2024-03-01,2024-03-04,Chicago IL,XPO,Apparel,69,57,52,52,3,1664.0
12315,2024-02-27,2024-03-06,2024-03-01,2024-03-03,Ontario CA,UPS,Home Goods,26,29,26,23,2,1104.0
10125,2024-02-28,2024-03-05,2024-02-29,2024-03-03,Ontario CA,FedEx,Electronics,107,118,107,107,3,9095.0
11011,2024-02-28,2024-03-06,2024-03-02,2024-03-04,Atlanta GA,XPO,Home Goods,98,89,98,98,2,4704.0
11246,2024-02-28,2024-03-06,2024-02-29,2024-03-02,Atlanta GA,FedEx,Industrial,32,28,32,32,2,3840.0
11492,2024-02-28,2024-03-07,2024-03-02,2024-03-03,Atlanta GA,UPS,Apparel,34,35,34,34,1,1088.0
12729,2024-02-28,2024-03-07,2024-03-02,2024-03-05,Chicago IL,UPS,Electronics,17,19,17,17,3,1445.0
11867,2024-02-29,2024-03-08,2024-03-04,2024-03-07,Atlanta GA,XPO,Home Goods,31,33,31,31,3,1488.0
11949,2024-02-29,2024-03-06,2024-03-01,2024-03-02,Ontario CA,UPS,Apparel,102,99,102,102,1,3264.0
13211,2024-02-29,2024-03-08,2024-03-03,2024-03-04,Chicago IL,UPS,Industrial,73,67,73,73,1,8760.0
10176,2024-03-01,2024-03-06,2024-03-03,2024-03-06,Dallas TX,XPO,Apparel,90,74,90,87,3,2784.0
11033,2024-03-01,2024-03-08,2024-03-03,2024-03-06,Dallas TX,FedEx,Home Goods,72,58,72,72,3,3456.0
11089,2024-03-01,2024-03-09,2024-03-04,2024-03-06,Chicago IL,UPS,Apparel,46,43,46,46,2,1472.0
11433,2024-03-01,2024-03-06,2024-03-03,2024-03-04,Ontario CA,UPS,Electronics,94,110,94,94,1,7990.0
13254,2024-03-01,2024-03-08,2024-03-02,2024-03-04,Ontario CA,XPO,Industrial,92,90,92,92,2,11040.0
10374,2024-03-02,2024-03-10,2024-03-03,2024-03-06,Chicago IL,UPS,Electronics,106,89,106,106,3,9010.0
10459,2024-03-02,2024-03-08,2024-03-05,2024-03-08,Atlanta GA,FedEx,Electronics,13,13,13,13,3,1105.0
10953,2024-03-02,2024-03-09,2024-03-04,2024-03-07,Ontario CA,XPO,Electronics,97,107,97,97,3,8245.0
11132,2024-03-02,2024-03-08,2024-03-05,2024-03-07,Dallas TX,XPO,Home Goods,104,100,104,104,2,4992.0
11426,2024-03-02,2024-03-10,2024-03-04,2024-03-07,Atlanta GA,XPO,Apparel,60,49,60,60,3,1920.0
12593,2024-03-02,2024-03-08,2024-03-05,2024-03-06,Ontario CA,FedEx,Industrial,25,20,25,25,1,3000.0
12671,2024-03-02,2024-03-10,2024-03-04,2024-03-06,Dallas TX,FedEx,Home Goods,23,26,23,23,2,1104.0
13318,2024-03-02,2024-03-10,2024-03-05,2024-03-08,Chicago IL,FedEx,Electronics,69,74,69,69,3,5865.0
11075,2024-03-03,2024-03-09,2024-03-06,2024-03-07,Dallas TX,FedEx,Apparel,30,27,30,30,1,960.0
11566,2024-03-03,2024-03-08,2024-03-06,2024-03-09,Chicago IL,FedEx,Electronics,111,100,111,111,3,9435.0
11695,2024-03-03,2024-03-10,2024-03-04,2024-03-05,Atlanta GA,UPS,Electronics,83,94,83,83,1,7055.0
13209,2024-03-03,2024-03-10,2024-03-09,2024-03-12,Atlanta GA,FedEx,Home Goods,44,50,44,44,3,2112.0
13438,2024-03-03,2024-03-11,2024-03-05,2024-03-08,Ontario CA,FedEx,Home Goods,40,44,40,40,3,1920.0
11660,2024-03-04,2024-03-09,2024-03-05,2024-03-08,Chicago IL,FedEx,Industrial,62,63,62,62,3,7440.0
12398,2024-03-04,2024-03-11,2024-03-10,2024-03-11,Ontario CA,FedEx,Industrial,58,54,49,49,1,5880.0
10200,2024-03-05,2024-03-12,2024-03-08,2024-03-11,Chicago IL,FedEx,Apparel,30,29,30,30,3,960.0
11136,2024-03-05,2024-03-11,2024-03-07,2024-03-09,Atlanta GA,XPO,Electronics,116,106,116,116,2,9860.0
11215,2024-03-05,2024-03-11,2024-03-08,2024-03-11,Dallas TX,FedEx,Apparel,41,37,41,41,3,1312.0
12180,2024-03-05,2024-03-10,2024-03-08,2024-03-10,Atlanta GA,UPS,Industrial,7,6,7,7,2,840.0
12615,2024-03-05,2024-03-13,2024-03-08,2024-03-10,Chicago IL,UPS,Apparel,41,48,41,41,2,1312.0
10009,2024-03-06,2024-03-11,2024-03-09,2024-03-12,Ontario CA,UPS,Apparel,75,86,75,75,3,2400.0
10579,2024-03-06,2024-03-14,2024-03-08,2024-03-10,Dallas TX,UPS,Apparel,20,20,20,20,2,640.0
10835,2024-03-06,2024-03-14,2024-03-08,2024-03-09,Atlanta GA,FedEx,Electronics,113,124,113,113,1,9605.0
10858,2024-03-06,2024-03-14,2024-03-07,2024-03-08,Atlanta GA,UPS,Apparel,40,36,40,40,1,1280.0
11293,2024-03-06,2024-03-12,2024-03-09,2024-03-11,Ontario CA,UPS,Home Goods,73,73,73,73,2,3504.0
11857,2024-03-06,2024-03-11,2024-03-07,2024-03-10,Ontario CA,XPO,Apparel,88,103,88,88,3,2816.0
11150,2024-03-07,2024-03-12,2024-03-09,2024-03-11,Dallas TX,FedEx,Apparel,49,46,49,49,2,1568.0
12653,2024-03-07,2024-03-12,2024-03-08,2024-03-09,Ontario CA,UPS,Electronics,115,93,95,95,1,8075.0
13124,2024-03-07,2024-03-13,2024-03-09,2024-03-11,Atlanta GA,XPO,Electronics,72,70,72,72,2,6120.0
13386,2024-03-07,2024-03-15,2024-03-08,2024-03-11,Ontario CA,FedEx,Home Goods,49,51,49,49,3,2352.0
13511,2024-03-07,2024-03-15,2024-03-08,2024-03-11,Dallas TX,UPS,Electronics,13,14,13,13,3,1105.0
10489,2024-03-08,2024-03-15,2024-03-09,2024-03-11,Ontario CA,FedEx,Electronics,55,64,55,55,2,4675.0
11062,2024-03-08,2024-03-15,2024-03-11,2024-03-13,Atlanta GA,UPS,Apparel,111,109,111,111,2,3552.0
11134,2024-03-08,2024-03-16,2024-03-10,2024-03-12,Chicago IL,UPS,Apparel,10,9,10,10,2,320.0
11777,2024-03-08,2024-03-13,2024-03-11,2024-03-13,Dallas TX,UPS,Industrial,65,63,65,65,2,7800.0
12310,2024-03-08,2024-03-14,2024-03-09,2024-03-12,Ontario CA,UPS,Apparel,6,7,6,6,3,192.0
12712,2024-03-08,2024-03-15,2024-03-10,2024-03-12,Atlanta GA,FedEx,Electronics,20,18,20,20,2,1700.0
10504,2024-03-09,2024-03-16,2024-03-12,2024-03-15,Atlanta GA,UPS,Apparel,77,75,77,77,3,2464.0
10649,2024-03-09,2024-03-14,2024-03-11,2024-03-12,Chicago IL,XPO,Home Goods,57,68,57,57,1,2736.0
11128,2024-03-09,2024-03-15,2024-03-10,2024-03-11,Chicago IL,UPS,Industrial,19,19,19,19,1,2280.0
11384,2024-03-09,2024-03-14,2024-03-10,2024-03-13,Dallas TX,FedEx,Apparel,40,43,40,40,3,1280.0
11579,2024-03-09,2024-03-16,2024-03-12,2024-03-14,Dallas TX,UPS,Electronics,86,70,86,86,2,7310.0
11720,2024-03-09,2024-03-14,2024-03-10,2024-03-11,Atlanta GA,UPS,Apparel,7,8,7,7,1,224.0
11917,2024-03-09,2024-03-16,2024-03-10,2024-03-12,Atlanta GA,XPO,Apparel,48,42,48,45,2,1440.0
12681,2024-03-09,2024-03-14,2024-03-11,2024-03-12,Ontario CA,UPS,Apparel,117,109,117,117,1,3744.0
12901,2024-03-09,2024-03-17,2024-03-11,2024-03-13,Chicago IL,XPO,Electronics,67,73,67,67,2,5695.0
10119,2024-03-10,2024-03-18,2024-03-12,2024-03-13,Dallas TX,FedEx,Industrial,65,53,65,65,1,7800.0
11801,2024-03-10,2024-03-18,2024-03-11,2024-03-13,Dallas TX,UPS,Apparel,108,90,108,108,2,3456.0
13089,2024-03-10,2024-03-17,2024-03-12,2024-03-14,Chicago IL,UPS,Apparel,87,83,87,87,2,2784.0
13115,2024-03-10,2024-03-18,2024-03-11,2024-03-14,Atlanta GA,FedEx,Apparel,75,85,75,75,3,2400.0
13313,2024-03-10,2024-03-18,2024-03-13,2024-03-16,Ontario CA,FedEx,Industrial,53,59,53,53,3,6360.0
10044,2024-03-11,2024-03-16,2024-03-14,2024-03-15,Dallas TX,UPS,Home Goods,36,32,36,36,1,1728.0
12412,2024-03-11,2024-03-19,2024-03-12,2024-03-14,Ontario CA,UPS,Apparel,115,105,108,108,2,3456.0
12433,2024-03-11,2024-03-16,2024-03-14,2024-03-17,Dallas TX,FedEx,Industrial,88,78,88,88,3,10560.0
12547,2024-03-11,2024-03-16,2024-03-14,2024-03-15,Dallas TX,XPO,Home Goods,65,65,65,65,1,3120.0
11619,2024-03-12,2024-03-17,2024-03-14,2024-03-17,Chicago IL,UPS,Apparel,74,76,74,74,3,2368.0
11812,2024-03-12,2024-03-20,2024-03-14,2024-03-15,Chicago IL,FedEx,Electronics,5,5,5,5,1,425.0
12283,2024-03-12,2024-03-17,2024-03-17,2024-03-18,Dallas TX,XPO,Apparel,114,117,114,114,1,3648.0
12431,2024-03-12,2024-03-17,2024-03-15,2024-03-18,Ontario CA,FedEx,Apparel,51,44,33,33,3,1056.0
13075,2024-03-12,2024-03-20,2024-03-13,2024-03-16,Ontario CA,UPS,Electronics,37,30,37,35,3,2975.0
13183,2024-03-12,2024-03-19,2024-03-15,2024-03-17,Atlanta GA,XPO,Industrial,65,60,65,65,2,7800.0
10015,2024-03-13,2024-03-21,2024-03-14,2024-03-16,Atlanta GA,UPS,Apparel,32,33,32,32,2,1024.0
10839,2024-03-13,2024-03-21,2024-03-14,2024-03-17,Chicago IL,UPS,Apparel,43,36,43,43,3,1376.0
11030,2024-03-13,2024-03-19,2024-03-18,2024-03-21,Ontario CA,UPS,Home Goods,98,86,98,98,3,4704.0
11421,2024-03-13,2024-03-20,2024-03-16,2024-03-19,Atlanta GA,UPS,Industrial,5,6,5,5,3,600.0
11775,2024-03-13,2024-03-20,2024-03-16,2024-03-18,Ontario CA,FedEx,Apparel,63,51,63,63,2,2016.0
11818,2024-03-13,2024-03-19,2024-03-14,2024-03-15,Ontario CA,FedEx,Electronics,81,81,81,81,1,6885.0
11907,2024-03-13,2024-03-20,2024-03-16,2024-03-21,Ontario CA,UPS,Industrial,9,7,9,9,5,1080.0
12706,2024-03-13,2024-03-21,2024-03-14,2024-03-16,Ontario CA,UPS,Industrial,79,77,79,79,2,9480.0
12788,2024-03-13,2024-03-21,2024-03-16,2024-03-19,Dallas TX,FedEx,Apparel,84,85,84,84,3,2688.0
12859,2024-03-13,2024-03-18,2024-03-14,2024-03-17,Atlanta GA,FedEx,Apparel,77,74,77,77,3,2464.0
13525,2024-03-13,2024-03-20,2024-03-15,2024-03-18,Ontario CA,XPO,Apparel,85,90,64,64,3,2048.0
13562,2024-03-14,2024-03-21,2024-03-16,2024-03-21,Chicago IL,FedEx,Apparel,89,76,54,54,5,1728.0
11288,2024-03-15,2024-03-23,2024-03-17,2024-03-18,Chicago IL,FedEx,Apparel,78,67,78,78,1,2496.0
11961,2024-03-15,2024-03-22,2024-03-16,2024-03-17,Dallas TX,FedEx,Electronics,116,129,116,116,1,9860.0
12257,2024-03-15,2024-03-23,2024-03-18,2024-03-21,Atlanta GA,FedEx,Apparel,45,47,45,45,3,1440.0
12693,2024-03-15,2024-03-23,2024-03-16,2024-03-17,Ontario CA,XPO,Electronics,23,21,23,23,1,1955.0
12855,2024-03-15,2024-03-23,2024-03-17,2024-03-20,Dallas TX,FedEx,Industrial,27,25,27,27,3,3240.0
12911,2024-03-15,2024-03-23,2024-03-17,2024-03-19,Chicago IL,FedEx,Industrial,24,29,24,24,2,2880.0
12982,2024-03-15,2024-03-23,2024-03-16,2024-03-19,Dallas TX,UPS,Electronics,47,46,47,47,3,3995.0
13039,2024-03-15,2024-03-22,2024-03-16,2024-03-18,Atlanta GA,FedEx,Home Goods,112,114,112,112,2,5376.0
13105,2024-03-15,2024-03-23,2024-03-17,2024-03-20,Dallas TX,XPO,Home Goods,101,104,101,101,3,4848.0
13410,2024-03-15,2024-03-22,2024-03-16,2024-03-18,Dallas TX,UPS,Home Goods,69,57,69,69,2,3312.0
10878,2024-03-16,2024-03-23,2024-03-17,2024-03-20,Atlanta GA,XPO,Home Goods,9,9,9,9,3,432.0
11779,2024-03-16,2024-03-21,2024-03-19,2024-03-20,Atlanta GA,UPS,Apparel,49,46,49,49,1,1568.0
12319,2024-03-16,2024-03-24,2024-03-17,2024-03-19,Chicago IL,XPO,Electronics,63,51,63,63,2,5355.0
12363,2024-03-16,2024-03-22,2024-03-19,2024-03-20,Chicago IL,UPS,Apparel,101,109,101,101,1,3232.0
11673,2024-03-17,2024-03-24,2024-03-18,2024-03-21,Atlanta GA,XPO,Industrial,10,9,10,10,3,1200.0
12534,2024-03-17,2024-03-25,2024-03-20,2024-03-23,Dallas TX,XPO,Electronics,73,85,73,73,3,6205.0
13044,2024-03-17,2024-03-24,2024-03-18,2024-03-19,Atlanta GA,XPO,Electronics,62,70,62,62,1,5270.0
13257,2024-03-17,2024-03-23,2024-03-18,2024-03-21,Atlanta GA,FedEx,Apparel,112,104,112,112,3,3584.0
11563,2024-03-18,2024-03-25,2024-03-19,2024-03-20,Chicago IL,XPO,Industrial,107,107,107,107,1,12840.0
11748,2024-03-18,2024-03-23,2024-03-20,2024-03-23,Dallas TX,UPS,Apparel,69,79,69,69,3,2208.0
12735,2024-03-18,2024-03-26,2024-03-21,2024-03-22,Atlanta GA,FedEx,Industrial,87,100,87,87,1,10440.0
13400,2024-03-18,2024-03-26,2024-03-20,2024-03-23,Chicago IL,UPS,Home Goods,104,92,104,104,3,4992.0
10324,2024-03-19,2024-03-27,2024-03-22,2024-03-23,Dallas TX,XPO,Home Goods,85,69,85,85,1,4080.0
10811,2024-03-19,2024-03-27,2024-03-20,2024-03-21,Dallas TX,UPS,Electronics,65,67,65,65,1,5525.0
11235,2024-03-19,2024-03-27,2024-03-25,2024-03-28,Atlanta GA,UPS,Electronics,105,86,73,73,3,6205.0
11866,2024-03-19,2024-03-26,2024-03-20,2024-03-22,Dallas TX,UPS,Apparel,75,62,75,75,2,2400.0
12435,2024-03-19,2024-03-27,2024-03-21,2024-03-24,Ontario CA,UPS,Electronics,49,40,49,49,3,4165.0
12668,2024-03-19,2024-03-25,2024-03-21,2024-03-24,Atlanta GA,UPS,Electronics,9,10,8,8,3,680.0
12875,2024-03-19,2024-03-25,2024-03-22,2024-03-25,Dallas TX,FedEx,Electronics,56,67,56,56,3,4760.0
10928,2024-03-20,2024-03-28,2024-03-21,2024-03-24,Chicago IL,UPS,Home Goods,10,9,10,10,3,480.0
11870,2024-03-20,2024-03-25,2024-03-21,2024-03-22,Atlanta GA,UPS,Electronics,35,32,35,35,1,2975.0
12258,2024-03-20,2024-03-25,2024-03-23,2024-03-24,Chicago IL,UPS,Apparel,59,48,59,59,1,1888.0
10183,2024-03-21,2024-03-26,2024-03-23,2024-03-26,Atlanta GA,FedEx,Apparel,60,54,60,60,3,1920.0
10358,2024-03-21,2024-03-28,2024-03-23,2024-03-26,Atlanta GA,UPS,Apparel,23,26,23,23,3,736.0
13066,2024-03-21,2024-03-28,2024-03-24,2024-03-25,Atlanta GA,UPS,Industrial,42,47,42,42,1,5040.0
10660,2024-03-22,2024-03-28,2024-03-29,2024-04-01,Atlanta GA,UPS,Electronics,30,26,30,30,3,2550.0
11915,2024-03-22,2024-03-30,2024-03-23,2024-03-25,Ontario CA,FedEx,Electronics,19,20,19,19,2,1615.0
12099,2024-03-22,2024-03-29,2024-03-23,2024-03-26,Chicago IL,UPS,Industrial,78,74,55,55,3,6600.0
12841,2024-03-22,2024-03-28,2024-03-23,2024-03-25,Ontario CA,XPO,Industrial,112,133,112,112,2,13440.0
13058,2024-03-22,2024-03-29,2024-03-23,2024-03-26,Dallas TX,FedEx,Home Goods,75,67,47,47,3,2256.0
12028,2024-03-23,2024-03-28,2024-03-26,2024-03-27,Ontario CA,XPO,Electronics,107,111,107,107,1,9095.0
12042,2024-03-23,2024-03-28,2024-03-28,2024-03-31,Chicago IL,FedEx,Apparel,40,37,40,40,3,1280.0
12918,2024-03-23,2024-03-28,2024-03-26,2024-03-29,Ontario CA,UPS,Industrial,79,91,79,79,3,9480.0
13435,2024-03-23,2024-03-28,2024-03-26,2024-03-27,Dallas TX,UPS,Electronics,28,34,28,28,1,2380.0
13599,2024-03-23,2024-03-31,2024-03-25,2024-03-26,Dallas TX,UPS,Apparel,53,52,53,53,1,1696.0
10180,2024-03-25,2024-03-30,2024-03-28,2024-03-29,Ontario CA,UPS,Apparel,47,48,47,47,1,1504.0
10802,2024-03-25,2024-03-30,2024-03-26,2024-03-27,Chicago IL,UPS,Apparel,99,113,99,99,1,3168.0
11174,2024-03-25,2024-04-02,2024-03-27,2024-03-30,Dallas TX,UPS,Electronics,6,5,6,5,3,425.0
11947,2024-03-25,2024-03-30,2024-03-27,2024-03-29,Ontario CA,UPS,Industrial,105,106,105,105,2,12600.0
12198,2024-03-25,2024-03-30,2024-03-27,2024-03-29,Atlanta GA,UPS,Electronics,118,132,118,118,2,10030.0
12278,2024-03-25,2024-04-01,2024-03-27,2024-03-28,Ontario CA,FedEx,Apparel,46,52,46,46,1,1472.0
12463,2024-03-25,2024-04-02,2024-03-26,2024-03-29,Chicago IL,XPO,Apparel,98,117,98,98,3,3136.0
12895,2024-03-25,2024-04-02,2024-03-27,2024-03-30,Atlanta GA,FedEx,Industrial,77,84,77,77,3,9240.0
13138,2024-03-25,2024-03-30,2024-03-27,2024-03-28,Atlanta GA,UPS,Electronics,119,115,119,119,1,10115.0
13388,2024-03-25,2024-03-31,2024-03-26,2024-03-28,Ontario CA,FedEx,Electronics,38,45,38,38,2,3230.0
11553,2024-03-26,2024-04-03,2024-03-27,2024-03-28,Dallas TX,XPO,Apparel,74,86,74,74,1,2368.0
11828,2024-03-26,2024-04-02,2024-03-29,2024-04-01,Chicago IL,FedEx,Apparel,58,54,58,58,3,1856.0
11908,2024-03-26,2024-04-01,2024-03-27,2024-03-30,Dallas TX,XPO,Home Goods,88,102,88,88,3,4224.0
12126,2024-03-26,2024-03-31,2024-03-28,2024-04-01,Atlanta GA,FedEx,Apparel,113,93,113,113,4,3616.0
13540,2024-03-26,2024-04-01,2024-03-29,2024-03-31,Dallas TX,XPO,Industrial,102,107,102,102,2,12240.0
10109,2024-03-27,2024-04-01,2024-03-30,2024-04-02,Ontario CA,UPS,Apparel,47,53,47,47,3,1504.0
10451,2024-03-27,2024-04-04,2024-03-28,2024-03-31,Chicago IL,XPO,Industrial,101,121,101,101,3,12120.0
10711,2024-03-27,2024-04-04,2024-03-30,2024-04-02,Ontario CA,XPO,Home Goods,6,7,6,6,3,288.0
10852,2024-03-27,2024-04-04,2024-03-28,2024-03-30,Ontario CA,UPS,Electronics,115,110,115,115,2,9775.0
11071,2024-03-27,2024-04-02,2024-03-28,2024-03-29,Atlanta GA,XPO,Industrial,119,101,119,119,1,14280.0
11361,2024-03-27,2024-04-02,2024-03-30,2024-04-02,Ontario CA,UPS,Industrial,80,73,80,80,3,9600.0
12909,2024-03-27,2024-04-04,2024-03-30,2024-04-02,Atlanta GA,XPO,Apparel,50,59,50,50,3,1600.0
10056,2024-03-28,2024-04-03,2024-03-31,2024-04-02,Dallas TX,UPS,Industrial,58,60,58,58,2,6960.0
10194,2024-03-28,2024-04-02,2024-03-31,2024-04-03,Chicago IL,UPS,Electronics,50,43,50,50,3,4250.0
11630,2024-03-28,2024-04-03,2024-03-30,2024-04-02,Dallas TX,FedEx,Apparel,78,85,78,78,3,2496.0
12922,2024-03-28,2024-04-02,2024-03-30,2024-04-01,Chicago IL,FedEx,Apparel,25,25,25,25,2,800.0
13076,2024-03-28,2024-04-05,2024-03-31,2024-04-03,Dallas TX,UPS,Industrial,38,46,38,38,3,4560.0
10156,2024-03-29,2024-04-04,2024-03-30,2024-03-31,Dallas TX,FedEx,Apparel,22,22,22,22,1,704.0
10432,2024-03-29,2024-04-06,2024-04-01,2024-04-03,Chicago IL,UPS,Apparel,119,123,119,119,2,3808.0
10837,2024-03-29,2024-04-03,2024-03-31,2024-04-03,Dallas TX,FedEx,Apparel,108,92,108,108,3,3456.0
11303,2024-03-29,2024-04-06,2024-03-30,2024-04-01,Chicago IL,FedEx,Industrial,16,15,16,16,2,1920.0
12370,2024-03-29,2024-04-04,2024-03-31,2024-04-03,Ontario CA,XPO,Electronics,24,24,24,24,3,2040.0
13328,2024-03-29,2024-04-03,2024-04-01,2024-04-02,Atlanta GA,UPS,Electronics,68,62,68,68,1,5780.0
10129,2024-03-30,2024-04-06,2024-04-01,2024-04-04,Atlanta GA,UPS,Industrial,95,78,95,95,3,11400.0
10416,2024-03-30,2024-04-05,2024-04-01,2024-04-03,Ontario CA,XPO,Electronics,25,27,25,25,2,2125.0
10498,2024-03-30,2024-04-04,2024-04-02,2024-04-03,Ontario CA,FedEx,Industrial,45,47,45,45,1,5400.0
10762,2024-03-30,2024-04-06,2024-04-02,2024-04-03,Ontario CA,FedEx,Apparel,42,36,42,42,1,1344.0
10776,2024-03-30,2024-04-07,2024-03-31,2024-04-03,Dallas TX,FedEx,Industrial,7,7,7,7,3,840.0
11072,2024-03-30,2024-04-04,2024-03-31,2024-04-02,Dallas TX,UPS,Industrial,99,111,99,99,2,11880.0
12636,2024-03-30,2024-04-05,2024-03-31,2024-04-01,Ontario CA,UPS,Electronics,55,63,55,55,1,4675.0
10880,2024-03-31,2024-04-06,2024-04-03,2024-04-05,Chicago IL,FedEx,Industrial,13,13,13,13,2,1560.0
11806,2024-03-31,2024-04-06,2024-04-04,2024-04-06,Chicago IL,XPO,Apparel,108,114,108,108,2,3456.0
10364,2024-04-01,2024-04-06,2024-04-04,2024-04-05,Atlanta GA,UPS,Apparel,24,22,24,22,1,704.0
11399,2024-04-01,2024-04-07,2024-04-04,2024-04-07,Ontario CA,UPS,Industrial,27,24,27,27,3,3240.0
11496,2024-04-01,2024-04-09,2024-04-04,2024-04-07,Dallas TX,XPO,Electronics,78,70,78,78,3,6630.0
12267,2024-04-01,2024-04-06,2024-04-02,2024-04-04,Ontario CA,FedEx,Apparel,23,19,23,23,2,736.0
12857,2024-04-01,2024-04-06,2024-04-03,2024-04-06,Atlanta GA,XPO,Electronics,62,68,62,62,3,5270.0
13227,2024-04-01,2024-04-09,2024-04-03,2024-04-06,Dallas TX,FedEx,Industrial,119,100,119,119,3,14280.0
10072,2024-04-02,2024-04-10,2024-04-03,2024-04-05,Dallas TX,UPS,Apparel,95,109,95,95,2,3040.0
10268,2024-04-02,2024-04-08,2024-04-03,2024-04-06,Ontario CA,FedEx,Electronics,114,117,114,114,3,9690.0
12117,2024-04-02,2024-04-09,2024-04-06,2024-04-09,Atlanta GA,FedEx,Electronics,63,58,63,63,3,5355.0
12426,2024-04-02,2024-04-08,2024-04-04,2024-04-06,Dallas TX,XPO,Electronics,120,98,120,118,2,10030.0
12502,2024-04-02,2024-04-09,2024-04-08,2024-04-11,Chicago IL,XPO,Apparel,40,36,40,40,3,1280.0
10085,2024-04-03,2024-04-09,2024-04-06,2024-04-09,Dallas TX,FedEx,Home Goods,47,42,47,47,3,2256.0
10092,2024-04-03,2024-04-09,2024-04-06,2024-04-09,Dallas TX,UPS,Industrial,100,110,100,100,3,12000.0
10215,2024-04-03,2024-04-09,2024-04-06,2024-04-10,Dallas TX,FedEx,Home Goods,14,12,14,14,4,672.0
10647,2024-04-03,2024-04-10,2024-04-05,2024-04-06,Ontario CA,FedEx,Electronics,112,121,112,112,1,9520.0
11145,2024-04-03,2024-04-11,2024-04-04,2024-04-07,Atlanta GA,XPO,Apparel,20,17,20,20,3,640.0
13390,2024-04-03,2024-04-10,2024-04-05,2024-04-07,Dallas TX,FedEx,Electronics,45,48,45,45,2,3825.0
13554,2024-04-03,2024-04-08,2024-04-05,2024-04-08,Dallas TX,UPS,Apparel,75,82,75,75,3,2400.0
10754,2024-04-04,2024-04-10,2024-04-06,2024-04-09,Chicago IL,UPS,Apparel,56,59,56,56,3,1792.0
10789,2024-04-04,2024-04-12,2024-04-05,2024-04-06,Atlanta GA,UPS,Apparel,108,108,108,108,1,3456.0
11152,2024-04-04,2024-04-12,2024-04-05,2024-04-07,Dallas TX,FedEx,Home Goods,72,84,72,72,2,3456.0
11193,2024-04-04,2024-04-09,2024-04-07,2024-04-08,Ontario CA,XPO,Apparel,74,87,74,74,1,2368.0
12299,2024-04-04,2024-04-10,2024-04-05,2024-04-07,Dallas TX,XPO,Electronics,35,32,35,35,2,2975.0
12451,2024-04-04,2024-04-10,2024-04-05,2024-04-07,Ontario CA,UPS,Home Goods,22,19,22,22,2,1056.0
10035,2024-04-05,2024-04-11,2024-04-10,2024-04-13,Chicago IL,UPS,Industrial,33,37,33,33,3,3960.0
10134,2024-04-05,2024-04-12,2024-04-09,2024-04-13,Chicago IL,UPS,Apparel,79,68,79,79,4,2528.0
10737,2024-04-05,2024-04-13,2024-04-08,2024-04-12,Ontario CA,FedEx,Apparel,115,100,115,115,4,3680.0
12356,2024-04-05,2024-04-10,2024-04-07,2024-04-09,Chicago IL,UPS,Industrial,98,108,98,98,2,11760.0
12517,2024-04-05,2024-04-10,2024-04-08,2024-04-09,Dallas TX,UPS,Electronics,11,12,11,11,1,935.0
13433,2024-04-05,2024-04-10,2024-04-08,2024-04-10,Dallas TX,UPS,Electronics,25,23,25,25,2,2125.0
11542,2024-04-06,2024-04-11,2024-04-09,2024-04-10,Chicago IL,UPS,Industrial,52,57,52,52,1,6240.0
11733,2024-04-06,2024-04-12,2024-04-08,2024-04-11,Ontario CA,UPS,Electronics,71,64,71,71,3,6035.0
12077,2024-04-06,2024-04-12,2024-04-07,2024-04-09,Chicago IL,XPO,Home Goods,12,12,12,12,2,576.0
12930,2024-04-06,2024-04-11,2024-04-07,2024-04-09,Chicago IL,UPS,Home Goods,15,15,15,15,2,720.0
13428,2024-04-06,2024-04-13,2024-04-07,2024-04-10,Chicago IL,UPS,Industrial,91,96,91,91,3,10920.0
10209,2024-04-07,2024-04-13,2024-04-10,2024-04-11,Ontario CA,XPO,Electronics,40,46,40,40,1,3400.0
10552,2024-04-07,2024-04-14,2024-04-10,2024-04-13,Dallas TX,FedEx,Apparel,35,35,35,32,3,1024.0
12330,2024-04-07,2024-04-13,2024-04-12,2024-04-14,Atlanta GA,FedEx,Apparel,57,65,57,57,2,1824.0
12633,2024-04-07,2024-04-13,2024-04-08,2024-04-09,Atlanta GA,FedEx,Industrial,120,143,120,120,1,14400.0
12725,2024-04-07,2024-04-15,2024-04-09,2024-04-11,Dallas TX,XPO,Industrial,44,45,44,44,2,5280.0
12981,2024-04-07,2024-04-15,2024-04-08,2024-04-09,Dallas TX,FedEx,Electronics,35,39,35,35,1,2975.0
13015,2024-04-07,2024-04-14,2024-04-08,2024-04-10,Atlanta GA,FedEx,Electronics,12,13,12,12,2,1020.0
13356,2024-04-07,2024-04-12,2024-04-08,2024-04-09,Ontario CA,FedEx,Industrial,11,9,11,11,1,1320.0
10655,2024-04-08,2024-04-13,2024-04-10,2024-04-13,Chicago IL,UPS,Home Goods,10,10,10,10,3,480.0
10926,2024-04-08,2024-04-15,2024-04-10,2024-04-13,Atlanta GA,UPS,Apparel,22,21,22,22,3,704.0
11413,2024-04-08,2024-04-16,2024-04-09,2024-04-10,Chicago IL,FedEx,Apparel,82,89,82,82,1,2624.0
11061,2024-04-09,2024-04-16,2024-04-10,2024-04-12,Dallas TX,FedEx,Home Goods,115,132,115,115,2,5520.0
11191,2024-04-09,2024-04-14,2024-04-10,2024-04-11,Atlanta GA,FedEx,Home Goods,74,80,51,51,1,2448.0
11931,2024-04-09,2024-04-17,2024-04-12,2024-04-14,Ontario CA,FedEx,Electronics,120,107,120,120,2,10200.0
12123,2024-04-09,2024-04-14,2024-04-12,2024-04-13,Atlanta GA,UPS,Apparel,78,65,78,78,1,2496.0
13274,2024-04-09,2024-04-17,2024-04-12,2024-04-14,Atlanta GA,XPO,Apparel,7,8,7,7,2,224.0
10264,2024-04-10,2024-04-17,2024-04-12,2024-04-15,Chicago IL,FedEx,Industrial,100,98,100,100,3,12000.0
10482,2024-04-10,2024-04-18,2024-04-11,2024-04-13,Chicago IL,FedEx,Apparel,101,81,101,98,2,3136.0
11171,2024-04-10,2024-04-17,2024-04-12,2024-04-13,Atlanta GA,UPS,Home Goods,56,54,56,56,1,2688.0
11851,2024-04-10,2024-04-18,2024-04-11,2024-04-13,Chicago IL,XPO,Apparel,8,8,8,8,2,256.0
11912,2024-04-10,2024-04-16,2024-04-12,2024-04-15,Atlanta GA,XPO,Apparel,109,88,109,109,3,3488.0
12176,2024-04-10,2024-04-16,2024-04-13,2024-04-16,Chicago IL,FedEx,Apparel,107,101,107,107,3,3424.0
12598,2024-04-10,2024-04-18,2024-04-13,2024-04-16,Chicago IL,XPO,Apparel,51,54,51,51,3,1632.0
13321,2024-04-10,2024-04-16,2024-04-11,2024-04-14,Ontario CA,FedEx,Electronics,14,13,14,14,3,1190.0
10521,2024-04-11,2024-04-19,2024-04-14,2024-04-15,Dallas TX,UPS,Home Goods,8,10,8,8,1,384.0
10582,2024-04-11,2024-04-17,2024-04-13,2024-04-14,Atlanta GA,FedEx,Electronics,22,19,22,22,1,1870.0
10601,2024-04-11,2024-04-17,2024-04-13,2024-04-16,Atlanta GA,FedEx,Apparel,37,41,37,37,3,1184.0
10707,2024-04-11,2024-04-18,2024-04-14,2024-04-17,Chicago IL,FedEx,Industrial,101,97,101,101,3,12120.0
10728,2024-04-11,2024-04-17,2024-04-14,2024-04-15,Atlanta GA,FedEx,Electronics,65,78,65,65,1,5525.0
12702,2024-04-11,2024-04-17,2024-04-13,2024-04-15,Ontario CA,UPS,Electronics,48,40,43,43,2,3655.0
13202,2024-04-11,2024-04-18,2024-04-12,2024-04-15,Dallas TX,FedEx,Apparel,24,20,24,24,3,768.0
10287,2024-04-12,2024-04-19,2024-04-14,2024-04-15,Dallas TX,XPO,Industrial,51,57,51,50,1,6000.0
10989,2024-04-12,2024-04-19,2024-04-13,2024-04-14,Atlanta GA,XPO,Apparel,60,71,60,60,1,1920.0
11036,2024-04-12,2024-04-20,2024-04-14,2024-04-17,Chicago IL,XPO,Apparel,48,56,48,48,3,1536.0
11923,2024-04-12,2024-04-17,2024-04-13,2024-04-16,Chicago IL,FedEx,Apparel,57,49,57,57,3,1824.0
12034,2024-04-12,2024-04-17,2024-04-14,2024-04-15,Chicago IL,FedEx,Industrial,34,38,34,34,1,4080.0
12161,2024-04-12,2024-04-18,2024-04-15,2024-04-17,Dallas TX,UPS,Home Goods,52,49,52,52,2,2496.0
12187,2024-04-12,2024-04-19,2024-04-13,2024-04-15,Chicago IL,UPS,Home Goods,97,94,97,97,2,4656.0
12628,2024-04-12,2024-04-17,2024-04-15,2024-04-17,Chicago IL,FedEx,Industrial,46,38,46,46,2,5520.0
12656,2024-04-12,2024-04-20,2024-04-14,2024-04-16,Atlanta GA,UPS,Electronics,88,98,88,88,2,7480.0
10353,2024-04-13,2024-04-21,2024-04-16,2024-04-17,Atlanta GA,FedEx,Apparel,38,34,38,38,1,1216.0
11163,2024-04-13,2024-04-20,2024-04-14,2024-04-16,Atlanta GA,FedEx,Electronics,70,62,70,70,2,5950.0
11650,2024-04-13,2024-04-21,2024-04-15,2024-04-18,Chicago IL,XPO,Home Goods,90,106,90,90,3,4320.0
11888,2024-04-13,2024-04-18,2024-04-14,2024-04-17,Chicago IL,FedEx,Electronics,71,68,71,71,3,6035.0
13445,2024-04-13,2024-04-20,2024-04-15,2024-04-21,Dallas TX,UPS,Apparel,67,61,67,67,6,2144.0
10003,2024-04-14,2024-04-19,2024-04-17,2024-04-18,Dallas TX,FedEx,Electronics,49,51,49,49,1,4165.0
10237,2024-04-14,2024-04-20,2024-04-15,2024-04-17,Chicago IL,FedEx,Industrial,12,14,12,12,2,1440.0
11283,2024-04-14,2024-04-21,2024-04-17,2024-04-20,Atlanta GA,UPS,Home Goods,58,50,58,58,3,2784.0
11430,2024-04-14,2024-04-22,2024-04-15,2024-04-21,Dallas TX,XPO,Industrial,17,17,17,17,6,2040.0
11928,2024-04-14,2024-04-20,2024-04-17,2024-04-18,Atlanta GA,FedEx,Home Goods,14,15,14,14,1,672.0
12057,2024-04-14,2024-04-22,2024-04-15,2024-04-17,Atlanta GA,UPS,Apparel,19,20,13,13,2,416.0
12064,2024-04-14,2024-04-21,2024-04-16,2024-04-17,Dallas TX,UPS,Industrial,68,60,68,68,1,8160.0
13262,2024-04-14,2024-04-20,2024-04-16,2024-04-17,Chicago IL,UPS,Apparel,107,98,107,107,1,3424.0
13479,2024-04-14,2024-04-20,2024-04-17,2024-04-20,Ontario CA,XPO,Home Goods,5,6,5,5,3,240.0
11400,2024-04-15,2024-04-20,2024-04-17,2024-04-18,Dallas TX,XPO,Electronics,89,91,89,89,1,7565.0
12320,2024-04-15,2024-04-20,2024-04-16,2024-04-18,Atlanta GA,UPS,Electronics,25,22,25,25,2,2125.0
13342,2024-04-15,2024-04-20,2024-04-20,2024-04-23,Dallas TX,UPS,Apparel,85,99,85,85,3,2720.0
13391,2024-04-15,2024-04-21,2024-04-16,2024-04-17,Atlanta GA,XPO,Electronics,108,129,108,108,1,9180.0
10120,2024-04-16,2024-04-22,2024-04-19,2024-04-22,Atlanta GA,FedEx,Home Goods,50,51,50,50,3,2400.0
10314,2024-04-16,2024-04-22,2024-04-17,2024-04-20,Ontario CA,UPS,Electronics,14,15,14,14,3,1190.0
10954,2024-04-16,2024-04-21,2024-04-19,2024-04-21,Atlanta GA,UPS,Electronics,79,87,79,79,2,6715.0
12339,2024-04-16,2024-04-23,2024-04-19,2024-04-20,Ontario CA,FedEx,Electronics,77,92,77,77,1,6545.0
12889,2024-04-16,2024-04-21,2024-04-19,2024-04-22,Chicago IL,XPO,Apparel,49,51,49,49,3,1568.0
10706,2024-04-17,2024-04-25,2024-04-18,2024-04-21,Dallas TX,FedEx,Home Goods,98,113,98,98,3,4704.0
12102,2024-04-17,2024-04-25,2024-04-18,2024-04-21,Chicago IL,FedEx,Apparel,52,51,52,52,3,1664.0
12175,2024-04-17,2024-04-24,2024-04-24,2024-04-27,Dallas TX,XPO,Apparel,63,65,63,63,3,2016.0
12597,2024-04-17,2024-04-23,2024-04-20,2024-04-22,Dallas TX,UPS,Apparel,67,57,67,67,2,2144.0
12707,2024-04-17,2024-04-25,2024-04-20,2024-04-23,Ontario CA,FedEx,Industrial,35,29,35,34,3,4080.0
13280,2024-04-17,2024-04-22,2024-04-23,2024-04-29,Atlanta GA,FedEx,Home Goods,115,113,115,115,6,5520.0
13354,2024-04-17,2024-04-25,2024-04-18,2024-04-20,Atlanta GA,FedEx,Apparel,41,40,41,41,2,1312.0
10946,2024-04-18,2024-04-26,2024-04-20,2024-04-22,Atlanta GA,UPS,Home Goods,73,70,73,73,2,3504.0
11488,2024-04-18,2024-04-24,2024-04-21,2024-04-24,Atlanta GA,FedEx,Home Goods,24,23,24,24,3,1152.0
11627,2024-04-18,2024-04-23,2024-04-19,2024-04-22,Dallas TX,FedEx,Apparel,73,75,73,73,3,2336.0
13405,2024-04-18,2024-04-25,2024-04-20,2024-04-23,Chicago IL,UPS,Home Goods,29,31,29,29,3,1392.0
10350,2024-04-19,2024-04-24,2024-04-22,2024-04-24,Dallas TX,UPS,Electronics,89,89,89,89,2,7565.0
10404,2024-04-19,2024-04-25,2024-04-22,2024-04-26,Dallas TX,UPS,Electronics,83,87,83,83,4,7055.0
11146,2024-04-19,2024-04-27,2024-04-21,2024-04-22,Atlanta GA,UPS,Electronics,115,120,115,115,1,9775.0
11831,2024-04-19,2024-04-27,2024-04-23,2024-04-24,Atlanta GA,XPO,Electronics,38,31,38,38,1,3230.0
10089,2024-04-20,2024-04-26,2024-04-21,2024-04-24,Ontario CA,FedEx,Apparel,15,14,15,15,3,480.0
10791,2024-04-20,2024-04-25,2024-04-22,2024-04-23,Ontario CA,FedEx,Home Goods,50,47,50,50,1,2400.0
12933,2024-04-20,2024-04-28,2024-04-23,2024-04-25,Chicago IL,UPS,Home Goods,99,93,99,99,2,4752.0
13307,2024-04-20,2024-04-25,2024-04-21,2024-04-23,Ontario CA,XPO,Apparel,104,93,104,104,2,3328.0
13566,2024-04-20,2024-04-25,2024-04-21,2024-04-24,Atlanta GA,FedEx,Apparel,18,20,11,11,3,352.0
10031,2024-04-21,2024-04-26,2024-04-23,2024-04-24,Atlanta GA,UPS,Apparel,45,44,45,42,1,1344.0
10198,2024-04-21,2024-04-27,2024-04-24,2024-04-27,Chicago IL,XPO,Home Goods,99,89,99,99,3,4752.0
11048,2024-04-21,2024-04-26,2024-04-22,2024-04-24,Dallas TX,XPO,Electronics,28,23,28,28,2,2380.0
11245,2024-04-21,2024-04-27,2024-04-23,2024-04-26,Chicago IL,XPO,Apparel,40,37,40,40,3,1280.0
11420,2024-04-21,2024-04-26,2024-04-24,2024-04-28,Dallas TX,FedEx,Industrial,59,49,59,59,4,7080.0
11554,2024-04-21,2024-04-27,2024-04-22,2024-04-25,Dallas TX,FedEx,Electronics,89,89,89,89,3,7565.0
12470,2024-04-21,2024-04-29,2024-04-22,2024-04-25,Dallas TX,XPO,Home Goods,29,31,29,29,3,1392.0
13449,2024-04-21,2024-04-26,2024-04-23,2024-04-26,Atlanta GA,FedEx,Industrial,34,31,34,34,3,4080.0
13477,2024-04-21,2024-04-27,2024-04-24,2024-04-25,Chicago IL,UPS,Home Goods,57,50,57,57,1,2736.0
11454,2024-04-22,2024-04-27,2024-04-25,2024-04-28,Atlanta GA,UPS,Electronics,95,83,95,95,3,8075.0
12280,2024-04-22,2024-04-27,2024-04-24,2024-04-27,Dallas TX,UPS,Industrial,53,57,53,53,3,6360.0
13273,2024-04-22,2024-04-28,2024-04-24,2024-04-25,Ontario CA,FedEx,Home Goods,38,44,38,38,1,1824.0
10976,2024-04-23,2024-04-29,2024-04-24,2024-04-27,Dallas TX,FedEx,Apparel,104,114,104,104,3,3328.0
11209,2024-04-23,2024-04-29,2024-04-24,2024-04-25,Dallas TX,UPS,Industrial,48,42,48,48,1,5760.0
11634,2024-04-23,2024-04-28,2024-04-24,2024-04-26,Dallas TX,UPS,Home Goods,78,86,73,73,2,3504.0
11676,2024-04-23,2024-04-28,2024-04-24,2024-04-26,Dallas TX,XPO,Electronics,68,63,68,68,2,5780.0
12145,2024-04-23,2024-04-30,2024-04-25,2024-04-27,Chicago IL,FedEx,Apparel,31,25,31,31,2,992.0
12304,2024-04-23,2024-05-01,2024-04-24,2024-04-26,Dallas TX,FedEx,Home Goods,46,45,46,46,2,2208.0
12785,2024-04-23,2024-04-30,2024-04-25,2024-04-28,Ontario CA,UPS,Home Goods,53,51,53,53,3,2544.0
10001,2024-04-24,2024-04-29,2024-04-27,2024-04-28,Atlanta GA,FedEx,Electronics,22,24,22,22,1,1870.0
11114,2024-04-24,2024-04-30,2024-04-27,2024-04-30,Dallas TX,UPS,Industrial,78,63,78,78,3,9360.0
12964,2024-04-24,2024-05-01,2024-04-25,2024-04-27,Ontario CA,UPS,Apparel,36,40,36,36,2,1152.0
10165,2024-04-25,2024-05-01,2024-04-26,2024-04-30,Ontario CA,UPS,Electronics,118,136,118,118,4,10030.0
10291,2024-04-25,2024-04-30,2024-04-28,2024-05-01,Ontario CA,FedEx,Industrial,38,40,38,38,3,4560.0
10743,2024-04-25,2024-05-02,2024-04-26,2024-04-27,Dallas TX,FedEx,Apparel,41,39,41,41,1,1312.0
10994,2024-04-25,2024-05-03,2024-04-26,2024-05-03,Ontario CA,XPO,Industrial,114,132,114,114,7,13680.0
11325,2024-04-25,2024-05-01,2024-04-26,2024-04-29,Atlanta GA,FedEx,Electronics,76,90,76,76,3,6460.0
11363,2024-04-25,2024-05-01,2024-04-27,2024-04-30,Dallas TX,UPS,Apparel,75,79,75,75,3,2400.0
11533,2024-04-25,2024-05-03,2024-04-26,2024-04-29,Ontario CA,UPS,Apparel,92,103,92,92,3,2944.0
11547,2024-04-25,2024-04-30,2024-04-26,2024-04-29,Ontario CA,XPO,Electronics,117,120,117,117,3,9945.0
11672,2024-04-25,2024-05-02,2024-04-28,2024-04-30,Chicago IL,UPS,Home Goods,41,42,41,41,2,1968.0
13409,2024-04-25,2024-05-03,2024-04-27,2024-04-28,Chicago IL,UPS,Industrial,106,115,106,106,1,12720.0
10897,2024-04-26,2024-05-04,2024-04-27,2024-04-30,Ontario CA,UPS,Electronics,85,95,54,54,3,4590.0
11347,2024-04-26,2024-05-03,2024-04-28,2024-04-30,Dallas TX,FedEx,Home Goods,60,52,60,60,2,2880.0
12428,2024-04-26,2024-05-03,2024-04-29,2024-05-01,Atlanta GA,UPS,Electronics,98,117,98,98,2,8330.0
13029,2024-04-26,2024-05-02,2024-04-29,2024-05-02,Ontario CA,XPO,Home Goods,40,36,40,40,3,1920.0
10722,2024-04-27,2024-05-02,2024-04-30,2024-05-03,Chicago IL,UPS,Industrial,59,52,59,59,3,7080.0
10859,2024-04-27,2024-05-04,2024-04-28,2024-04-29,Chicago IL,UPS,Home Goods,115,112,115,115,1,5520.0
11046,2024-04-27,2024-05-04,2024-04-30,2024-05-03,Ontario CA,FedEx,Electronics,73,68,73,73,3,6205.0
11332,2024-04-27,2024-05-03,2024-04-29,2024-05-01,Dallas TX,FedEx,Home Goods,53,51,53,53,2,2544.0
12194,2024-04-27,2024-05-04,2024-04-30,2024-05-01,Ontario CA,UPS,Home Goods,20,20,20,20,1,960.0
12260,2024-04-27,2024-05-05,2024-04-30,2024-05-02,Chicago IL,UPS,Apparel,19,18,19,19,2,608.0
13101,2024-04-27,2024-05-03,2024-04-29,2024-04-30,Dallas TX,UPS,Home Goods,43,43,43,43,1,2064.0
13140,2024-04-27,2024-05-05,2024-04-29,2024-05-02,Ontario CA,UPS,Industrial,37,38,37,37,3,4440.0
13431,2024-04-27,2024-05-04,2024-04-29,2024-05-02,Ontario CA,XPO,Home Goods,48,43,48,48,3,2304.0
10283,2024-04-28,2024-05-04,2024-04-29,2024-05-06,Ontario CA,FedEx,Apparel,37,37,37,37,7,1184.0
10686,2024-04-28,2024-05-03,2024-04-30,2024-05-03,Chicago IL,XPO,Apparel,53,55,53,53,3,1696.0
11125,2024-04-28,2024-05-06,2024-04-30,2024-05-03,Chicago IL,FedEx,Electronics,82,84,82,82,3,6970.0
12284,2024-04-28,2024-05-05,2024-05-03,2024-05-04,Dallas TX,FedEx,Apparel,62,51,62,62,1,1984.0
10346,2024-04-29,2024-05-06,2024-05-02,2024-05-04,Atlanta GA,XPO,Industrial,109,122,109,109,2,13080.0
10877,2024-04-29,2024-05-06,2024-04-30,2024-05-02,Dallas TX,UPS,Industrial,33,36,33,33,2,3960.0
10965,2024-04-29,2024-05-07,2024-05-01,2024-05-04,Ontario CA,FedEx,Apparel,74,77,74,74,3,2368.0
11473,2024-04-29,2024-05-04,2024-05-01,2024-05-02,Atlanta GA,XPO,Apparel,32,35,32,32,1,1024.0
13239,2024-04-29,2024-05-05,2024-05-02,2024-05-05,Atlanta GA,XPO,Electronics,60,66,60,60,3,5100.0
13446,2024-04-29,2024-05-05,2024-05-02,2024-05-03,Chicago IL,UPS,Industrial,107,104,107,107,1,12840.0
13483,2024-04-29,2024-05-07,2024-05-01,2024-05-04,Dallas TX,UPS,Apparel,29,35,29,29,3,928.0
10276,2024-04-30,2024-05-08,2024-05-03,2024-05-04,Dallas TX,UPS,Apparel,29,29,29,29,1,928.0
11266,2024-04-30,2024-05-06,2024-05-03,2024-05-06,Ontario CA,XPO,Apparel,8,8,8,8,3,256.0
12958,2024-04-30,2024-05-05,2024-05-02,2024-05-04,Dallas TX,FedEx,Electronics,65,65,65,65,2,5525.0
13012,2024-04-30,2024-05-07,2024-05-03,2024-05-06,Ontario CA,UPS,Electronics,84,89,84,84,3,7140.0
13292,2024-04-30,2024-05-07,2024-05-03,2024-05-04,Dallas TX,UPS,Home Goods,60,57,60,60,1,2880.0
13392,2024-04-30,2024-05-06,2024-05-01,2024-05-03,Chicago IL,XPO,Apparel,24,26,24,24,2,768.0
10340,2024-05-01,2024-05-09,2024-05-03,2024-05-06,Ontario CA,UPS,Home Goods,25,21,25,25,3,1200.0
10594,2024-05-01,2024-05-06,2024-05-04,2024-05-06,Ontario CA,FedEx,Home Goods,52,53,52,52,2,2496.0
11472,2024-05-01,2024-05-08,2024-05-04,2024-05-05,Ontario CA,FedEx,Electronics,109,100,109,109,1,9265.0
11852,2024-05-01,2024-05-07,2024-05-03,2024-05-04,Chicago IL,FedEx,Electronics,104,89,104,104,1,8840.0
11909,2024-05-01,2024-05-06,2024-05-02,2024-05-03,Dallas TX,UPS,Apparel,14,16,14,14,1,448.0
12014,2024-05-01,2024-05-09,2024-05-04,2024-05-05,Dallas TX,FedEx,Home Goods,118,96,118,118,1,5664.0
12121,2024-05-01,2024-05-06,2024-05-04,2024-05-07,Atlanta GA,FedEx,Apparel,84,94,84,84,3,2688.0
13493,2024-05-01,2024-05-06,2024-05-02,2024-05-05,Dallas TX,XPO,Industrial,44,41,44,44,3,5280.0
13564,2024-05-01,2024-05-07,2024-05-03,2024-05-06,Ontario CA,FedEx,Electronics,73,81,73,73,3,6205.0
11198,2024-05-02,2024-05-09,2024-05-05,2024-05-08,Dallas TX,UPS,Home Goods,86,80,86,86,3,4128.0
13040,2024-05-02,2024-05-08,2024-05-03,2024-05-06,Ontario CA,UPS,Industrial,67,74,67,67,3,8040.0
13503,2024-05-02,2024-05-09,2024-05-05,2024-05-08,Chicago IL,FedEx,Electronics,107,103,74,74,3,6290.0
10014,2024-05-03,2024-05-09,2024-05-04,2024-05-08,Dallas TX,FedEx,Electronics,80,82,80,80,4,6800.0
10389,2024-05-03,2024-05-08,2024-05-06,2024-05-09,Chicago IL,UPS,Industrial,113,118,113,113,3,13560.0
10470,2024-05-03,2024-05-11,2024-05-04,2024-05-05,Ontario CA,FedEx,Electronics,52,53,52,52,1,4420.0
11220,2024-05-03,2024-05-09,2024-05-06,2024-05-08,Ontario CA,XPO,Industrial,16,15,16,16,2,1920.0
12467,2024-05-03,2024-05-09,2024-05-04,2024-05-07,Atlanta GA,FedEx,Home Goods,47,55,47,47,3,2256.0
12936,2024-05-03,2024-05-08,2024-05-04,2024-05-05,Ontario CA,UPS,Electronics,57,52,57,57,1,4845.0
13300,2024-05-03,2024-05-08,2024-05-05,2024-05-06,Atlanta GA,FedEx,Industrial,8,8,8,6,1,720.0
10457,2024-05-04,2024-05-10,2024-05-05,2024-05-07,Dallas TX,FedEx,Home Goods,82,70,82,82,2,3936.0
10798,2024-05-04,2024-05-10,2024-05-05,2024-05-08,Dallas TX,FedEx,Industrial,11,12,11,11,3,1320.0
10825,2024-05-04,2024-05-12,2024-05-05,2024-05-08,Dallas TX,UPS,Home Goods,71,61,71,71,3,3408.0
10827,2024-05-04,2024-05-11,2024-05-07,2024-05-10,Ontario CA,XPO,Electronics,109,97,109,109,3,9265.0
11306,2024-05-04,2024-05-10,2024-05-09,2024-05-10,Ontario CA,UPS,Home Goods,82,90,82,82,1,3936.0
13424,2024-05-04,2024-05-10,2024-05-07,2024-05-10,Atlanta GA,FedEx,Electronics,111,124,111,111,3,9435.0
10607,2024-05-05,2024-05-12,2024-05-08,2024-05-11,Atlanta GA,XPO,Industrial,31,32,31,31,3,3720.0
10699,2024-05-05,2024-05-10,2024-05-06,2024-05-09,Chicago IL,UPS,Electronics,16,16,16,16,3,1360.0
11522,2024-05-05,2024-05-10,2024-05-07,2024-05-08,Ontario CA,UPS,Home Goods,51,60,51,51,1,2448.0
11571,2024-05-05,2024-05-12,2024-05-06,2024-05-07,Atlanta GA,XPO,Electronics,43,51,43,43,1,3655.0
11679,2024-05-05,2024-05-11,2024-05-07,2024-05-08,Atlanta GA,UPS,Apparel,66,67,66,66,1,2112.0
13016,2024-05-05,2024-05-13,2024-05-06,2024-05-09,Ontario CA,FedEx,Electronics,104,85,104,104,3,8840.0
13508,2024-05-05,2024-05-11,2024-05-07,2024-05-09,Ontario CA,FedEx,Industrial,93,84,93,93,2,11160.0
10267,2024-05-06,2024-05-14,2024-05-09,2024-05-11,Chicago IL,FedEx,Home Goods,81,79,81,81,2,3888.0
10411,2024-05-06,2024-05-14,2024-05-09,2024-05-12,Ontario CA,UPS,Electronics,15,15,15,15,3,1275.0
10512,2024-05-06,2024-05-13,2024-05-07,2024-05-10,Chicago IL,UPS,Industrial,30,26,30,30,3,3600.0
10684,2024-05-06,2024-05-12,2024-05-09,2024-05-12,Ontario CA,FedEx,Home Goods,93,87,93,93,3,4464.0
12533,2024-05-06,2024-05-13,2024-05-09,2024-05-10,Dallas TX,XPO,Electronics,117,121,117,117,1,9945.0
12662,2024-05-06,2024-05-12,2024-05-07,2024-05-11,Ontario CA,FedEx,Electronics,16,16,16,16,4,1360.0
12687,2024-05-06,2024-05-11,2024-05-07,2024-05-08,Atlanta GA,FedEx,Industrial,24,26,24,24,1,2880.0
13277,2024-05-06,2024-05-13,2024-05-09,2024-05-13,Ontario CA,XPO,Electronics,117,102,117,117,4,9945.0
10774,2024-05-07,2024-05-15,2024-05-10,2024-05-12,Ontario CA,UPS,Home Goods,50,47,50,50,2,2400.0
11296,2024-05-07,2024-05-14,2024-05-09,2024-05-12,Chicago IL,UPS,Electronics,48,55,48,48,3,4080.0
12103,2024-05-07,2024-05-15,2024-05-08,2024-05-09,Atlanta GA,FedEx,Industrial,50,49,50,50,1,6000.0
12595,2024-05-07,2024-05-14,2024-05-09,2024-05-12,Dallas TX,UPS,Home Goods,12,14,12,12,3,576.0
11512,2024-05-08,2024-05-15,2024-05-10,2024-05-11,Dallas TX,FedEx,Electronics,40,41,40,40,1,3400.0
12241,2024-05-08,2024-05-15,2024-05-10,2024-05-11,Chicago IL,FedEx,Industrial,47,49,47,47,1,5640.0
12286,2024-05-08,2024-05-15,2024-05-09,2024-05-13,Chicago IL,UPS,Industrial,89,106,89,89,4,10680.0
12452,2024-05-08,2024-05-14,2024-05-11,2024-05-12,Ontario CA,UPS,Home Goods,107,94,107,107,1,5136.0
12952,2024-05-08,2024-05-13,2024-05-09,2024-05-12,Atlanta GA,UPS,Industrial,95,83,95,95,3,11400.0
10054,2024-05-09,2024-05-17,2024-05-10,2024-05-13,Dallas TX,UPS,Electronics,94,111,94,94,3,7990.0
10362,2024-05-09,2024-05-16,2024-05-11,2024-05-14,Chicago IL,FedEx,Electronics,89,84,89,89,3,7565.0
10588,2024-05-09,2024-05-16,2024-05-12,2024-05-13,Atlanta GA,FedEx,Apparel,70,71,70,70,1,2240.0
11943,2024-05-09,2024-05-15,2024-05-15,2024-05-16,Dallas TX,XPO,Industrial,20,23,20,20,1,2400.0
11966,2024-05-09,2024-05-15,2024-05-10,2024-05-12,Atlanta GA,UPS,Apparel,116,118,116,116,2,3712.0
12410,2024-05-09,2024-05-14,2024-05-11,2024-05-15,Atlanta GA,XPO,Electronics,108,106,108,108,4,9180.0
12726,2024-05-09,2024-05-16,2024-05-12,2024-05-14,Atlanta GA,XPO,Home Goods,68,56,68,68,2,3264.0
13033,2024-05-09,2024-05-17,2024-05-12,2024-05-14,Atlanta GA,XPO,Home Goods,80,83,80,80,2,3840.0
13106,2024-05-09,2024-05-16,2024-05-15,2024-05-17,Dallas TX,UPS,Home Goods,8,9,8,8,2,384.0
13184,2024-05-09,2024-05-16,2024-05-10,2024-05-11,Dallas TX,UPS,Electronics,119,142,119,119,1,10115.0
10042,2024-05-10,2024-05-15,2024-05-11,2024-05-12,Dallas TX,XPO,Industrial,80,82,80,80,1,9600.0
11133,2024-05-10,2024-05-16,2024-05-13,2024-05-15,Ontario CA,UPS,Apparel,101,106,101,101,2,3232.0
12800,2024-05-10,2024-05-15,2024-05-11,2024-05-13,Chicago IL,UPS,Industrial,89,87,89,89,2,10680.0
12928,2024-05-10,2024-05-15,2024-05-13,2024-05-16,Chicago IL,UPS,Home Goods,112,108,112,112,3,5376.0
13038,2024-05-10,2024-05-15,2024-05-11,2024-05-14,Atlanta GA,XPO,Industrial,104,102,104,104,3,12480.0
10613,2024-05-11,2024-05-18,2024-05-12,2024-05-13,Chicago IL,FedEx,Home Goods,77,88,77,77,1,3696.0
10995,2024-05-11,2024-05-19,2024-05-13,2024-05-16,Atlanta GA,XPO,Apparel,90,98,90,90,3,2880.0
11994,2024-05-11,2024-05-17,2024-05-12,2024-05-18,Dallas TX,XPO,Electronics,93,107,93,93,6,7905.0
12631,2024-05-11,2024-05-16,2024-05-14,2024-05-17,Dallas TX,FedEx,Electronics,10,12,10,10,3,850.0
10379,2024-05-12,2024-05-17,2024-05-15,2024-05-17,Dallas TX,FedEx,Electronics,67,59,67,67,2,5695.0
10764,2024-05-12,2024-05-20,2024-05-14,2024-05-18,Atlanta GA,FedEx,Apparel,92,89,92,92,4,2944.0
11294,2024-05-12,2024-05-19,2024-05-15,2024-05-17,Chicago IL,UPS,Apparel,100,82,100,100,2,3200.0
11435,2024-05-12,2024-05-19,2024-05-17,2024-05-20,Dallas TX,XPO,Apparel,95,104,95,93,3,2976.0
13457,2024-05-12,2024-05-18,2024-05-14,2024-05-15,Ontario CA,XPO,Electronics,28,29,28,28,1,2380.0
10335,2024-05-13,2024-05-21,2024-05-16,2024-05-17,Dallas TX,XPO,Industrial,104,111,104,104,1,12480.0
10783,2024-05-13,2024-05-20,2024-05-14,2024-05-15,Atlanta GA,FedEx,Industrial,88,102,88,88,1,10560.0
11069,2024-05-13,2024-05-19,2024-05-15,2024-05-16,Dallas TX,UPS,Industrial,7,6,7,7,1,840.0
11338,2024-05-13,2024-05-19,2024-05-14,2024-05-16,Dallas TX,FedEx,Electronics,14,16,14,14,2,1190.0
11340,2024-05-13,2024-05-20,2024-05-15,2024-05-16,Atlanta GA,UPS,Electronics,120,101,120,120,1,10200.0
13049,2024-05-13,2024-05-21,2024-05-15,2024-05-16,Chicago IL,FedEx,Home Goods,23,28,23,23,1,1104.0
13332,2024-05-13,2024-05-19,2024-05-14,2024-05-16,Ontario CA,UPS,Home Goods,115,127,115,115,2,5520.0
10910,2024-05-14,2024-05-21,2024-05-15,2024-05-17,Dallas TX,FedEx,Electronics,86,93,86,86,2,7310.0
10428,2024-05-15,2024-05-20,2024-05-16,2024-05-17,Dallas TX,UPS,Electronics,96,110,96,96,1,8160.0
10554,2024-05-15,2024-05-21,2024-05-17,2024-05-19,Ontario CA,FedEx,Electronics,19,18,19,19,2,1615.0
11095,2024-05-15,2024-05-21,2024-05-16,2024-05-18,Dallas TX,FedEx,Apparel,18,18,18,18,2,576.0
12024,2024-05-15,2024-05-21,2024-05-18,2024-05-19,Dallas TX,FedEx,Home Goods,48,39,48,48,1,2304.0
12530,2024-05-15,2024-05-21,2024-05-17,2024-05-20,Chicago IL,FedEx,Electronics,40,35,31,31,3,2635.0
10217,2024-05-16,2024-05-22,2024-05-18,2024-05-19,Chicago IL,FedEx,Home Goods,77,62,77,77,1,3696.0
10233,2024-05-16,2024-05-22,2024-05-17,2024-05-19,Ontario CA,FedEx,Home Goods,77,64,77,77,2,3696.0
10749,2024-05-16,2024-05-22,2024-05-18,2024-05-21,Dallas TX,XPO,Industrial,51,58,51,51,3,6120.0
11315,2024-05-16,2024-05-21,2024-05-19,2024-05-21,Dallas TX,FedEx,Electronics,82,70,82,82,2,6970.0
12087,2024-05-16,2024-05-21,2024-05-19,2024-05-20,Atlanta GA,FedEx,Apparel,39,34,39,39,1,1248.0
12826,2024-05-16,2024-05-23,2024-05-17,2024-05-20,Dallas TX,UPS,Apparel,60,64,60,60,3,1920.0
12867,2024-05-16,2024-05-23,2024-05-17,2024-05-19,Ontario CA,UPS,Electronics,37,43,37,37,2,3145.0
10281,2024-05-17,2024-05-25,2024-05-18,2024-05-21,Ontario CA,FedEx,Apparel,29,25,29,26,3,832.0
11224,2024-05-17,2024-05-24,2024-05-20,2024-05-23,Chicago IL,FedEx,Electronics,101,116,101,101,3,8585.0
11538,2024-05-17,2024-05-24,2024-05-18,2024-05-20,Atlanta GA,UPS,Electronics,25,22,25,25,2,2125.0
12188,2024-05-17,2024-05-23,2024-05-19,2024-05-20,Dallas TX,FedEx,Electronics,71,64,71,71,1,6035.0
12256,2024-05-17,2024-05-24,2024-05-20,2024-05-22,Dallas TX,UPS,Industrial,116,118,116,114,2,13680.0
12692,2024-05-17,2024-05-22,2024-05-18,2024-05-19,Ontario CA,UPS,Electronics,27,30,27,27,1,2295.0
12728,2024-05-17,2024-05-25,2024-05-20,2024-05-23,Ontario CA,UPS,Apparel,103,104,103,103,3,3296.0
12985,2024-05-17,2024-05-25,2024-05-20,2024-05-22,Atlanta GA,FedEx,Industrial,8,8,8,8,2,960.0
13568,2024-05-17,2024-05-22,2024-05-19,2024-05-22,Dallas TX,FedEx,Apparel,61,73,61,61,3,1952.0
11516,2024-05-18,2024-05-25,2024-05-20,2024-05-23,Chicago IL,FedEx,Electronics,63,58,63,63,3,5355.0
11769,2024-05-18,2024-05-23,2024-05-21,2024-05-23,Dallas TX,FedEx,Electronics,95,101,88,88,2,7480.0
12836,2024-05-18,2024-05-24,2024-05-21,2024-05-24,Chicago IL,UPS,Home Goods,68,71,68,68,3,3264.0
12904,2024-05-18,2024-05-25,2024-05-21,2024-05-22,Chicago IL,FedEx,Electronics,117,97,117,117,1,9945.0
13069,2024-05-18,2024-05-25,2024-05-19,2024-05-21,Dallas TX,FedEx,Electronics,8,7,8,8,2,680.0
10067,2024-05-19,2024-05-26,2024-05-20,2024-05-22,Atlanta GA,UPS,Industrial,114,110,114,114,2,13680.0
10190,2024-05-19,2024-05-26,2024-05-21,2024-05-24,Chicago IL,UPS,Apparel,27,32,27,27,3,864.0
10247,2024-05-19,2024-05-25,2024-05-22,2024-05-25,Ontario CA,UPS,Industrial,67,71,67,67,3,8040.0
10545,2024-05-19,2024-05-24,2024-05-20,2024-05-23,Chicago IL,UPS,Electronics,45,46,45,45,3,3825.0
10651,2024-05-19,2024-05-25,2024-05-22,2024-05-23,Ontario CA,UPS,Apparel,13,11,13,13,1,416.0
11005,2024-05-19,2024-05-26,2024-05-20,2024-05-23,Atlanta GA,FedEx,Home Goods,37,40,37,37,3,1776.0
11521,2024-05-19,2024-05-24,2024-05-22,2024-05-24,Atlanta GA,UPS,Electronics,18,16,18,18,2,1530.0
11620,2024-05-19,2024-05-27,2024-05-20,2024-05-21,Dallas TX,FedEx,Apparel,64,57,64,64,1,2048.0
12076,2024-05-19,2024-05-25,2024-05-21,2024-05-22,Chicago IL,UPS,Electronics,6,6,6,6,1,510.0
12395,2024-05-19,2024-05-26,2024-05-22,2024-05-25,Chicago IL,UPS,Home Goods,118,138,118,118,3,5664.0
12746,2024-05-19,2024-05-27,2024-05-20,2024-05-24,Dallas TX,UPS,Apparel,42,37,42,42,4,1344.0
12959,2024-05-19,2024-05-25,2024-05-22,2024-05-24,Chicago IL,UPS,Industrial,116,103,116,116,2,13920.0
11199,2024-05-20,2024-05-28,2024-05-21,2024-05-23,Ontario CA,XPO,Home Goods,40,37,40,40,2,1920.0
11203,2024-05-20,2024-05-27,2024-05-22,2024-05-24,Dallas TX,FedEx,Electronics,66,54,66,66,2,5610.0
11343,2024-05-20,2024-05-25,2024-05-21,2024-05-24,Atlanta GA,UPS,Industrial,5,4,5,5,3,600.0
11591,2024-05-20,2024-05-25,2024-05-25,2024-05-28,Chicago IL,UPS,Electronics,115,113,115,115,3,9775.0
11730,2024-05-20,2024-05-28,2024-05-23,2024-05-24,Dallas TX,FedEx,Apparel,64,56,64,62,1,1984.0
13001,2024-05-20,2024-05-28,2024-05-22,2024-05-25,Atlanta GA,UPS,Apparel,61,58,61,61,3,1952.0
13276,2024-05-20,2024-05-25,2024-05-23,2024-05-26,Atlanta GA,UPS,Home Goods,100,96,100,100,3,4800.0
11952,2024-05-21,2024-05-29,2024-05-22,2024-05-23,Atlanta GA,UPS,Apparel,52,50,52,52,1,1664.0
12352,2024-05-21,2024-05-28,2024-05-24,2024-05-26,Ontario CA,FedEx,Industrial,25,25,25,25,2,3000.0
11356,2024-05-22,2024-05-28,2024-05-23,2024-05-24,Ontario CA,FedEx,Electronics,63,71,63,63,1,5355.0
11741,2024-05-22,2024-05-30,2024-05-25,2024-05-28,Ontario CA,FedEx,Industrial,87,99,87,87,3,10440.0
12809,2024-05-22,2024-05-29,2024-05-23,2024-05-28,Atlanta GA,FedEx,Industrial,87,73,87,87,5,10440.0
12879,2024-05-22,2024-05-29,2024-05-23,2024-05-25,Chicago IL,FedEx,Home Goods,10,8,10,10,2,480.0
12976,2024-05-22,2024-05-30,2024-05-23,2024-05-25,Chicago IL,UPS,Electronics,106,100,106,106,2,9010.0
13248,2024-05-22,2024-05-27,2024-05-25,2024-05-26,Dallas TX,UPS,Electronics,41,42,41,41,1,3485.0
11006,2024-05-23,2024-05-29,2024-05-25,2024-05-28,Chicago IL,UPS,Electronics,108,129,108,108,3,9180.0
11711,2024-05-23,2024-05-29,2024-05-24,2024-05-27,Chicago IL,FedEx,Electronics,99,89,99,99,3,8415.0
11965,2024-05-23,2024-05-29,2024-05-25,2024-05-28,Ontario CA,FedEx,Industrial,19,16,19,19,3,2280.0
13558,2024-05-23,2024-05-29,2024-05-26,2024-05-27,Chicago IL,UPS,Apparel,71,71,71,71,1,2272.0
10396,2024-05-24,2024-05-29,2024-05-26,2024-05-28,Dallas TX,FedEx,Home Goods,120,128,120,120,2,5760.0
10663,2024-05-24,2024-05-30,2024-05-25,2024-05-27,Chicago IL,FedEx,Industrial,80,82,80,80,2,9600.0
11546,2024-05-24,2024-05-30,2024-05-25,2024-05-28,Ontario CA,XPO,Home Goods,27,22,27,27,3,1296.0
11642,2024-05-24,2024-05-31,2024-05-25,2024-05-27,Atlanta GA,UPS,Electronics,13,13,13,13,2,1105.0
11937,2024-05-24,2024-05-29,2024-05-26,2024-05-29,Chicago IL,FedEx,Industrial,70,56,70,70,3,8400.0
12165,2024-05-24,2024-06-01,2024-05-26,2024-05-29,Atlanta GA,UPS,Home Goods,114,132,114,114,3,5472.0
12881,2024-05-24,2024-06-01,2024-05-27,2024-05-29,Ontario CA,UPS,Apparel,102,97,102,102,2,3264.0
10232,2024-05-25,2024-06-02,2024-05-28,2024-05-30,Dallas TX,FedEx,Home Goods,34,39,34,34,2,1632.0
10510,2024-05-25,2024-06-02,2024-05-28,2024-05-29,Atlanta GA,FedEx,Home Goods,21,25,21,21,1,1008.0
10605,2024-05-25,2024-06-02,2024-05-30,2024-06-02,Chicago IL,UPS,Apparel,73,86,73,71,3,2272.0
11859,2024-05-25,2024-06-02,2024-05-28,2024-05-30,Atlanta GA,XPO,Electronics,85,77,85,85,2,7225.0
13226,2024-05-25,2024-05-30,2024-05-26,2024-06-02,Ontario CA,UPS,Industrial,45,44,45,45,7,5400.0
10074,2024-05-26,2024-06-03,2024-05-28,2024-05-29,Atlanta GA,UPS,Electronics,90,72,90,90,1,7650.0
10873,2024-05-26,2024-06-02,2024-05-27,2024-05-28,Chicago IL,UPS,Electronics,40,41,40,40,1,3400.0
10996,2024-05-26,2024-05-31,2024-05-27,2024-05-28,Dallas TX,UPS,Electronics,96,92,96,96,1,8160.0
11577,2024-05-26,2024-06-01,2024-05-29,2024-05-31,Ontario CA,UPS,Home Goods,59,65,59,59,2,2832.0
11756,2024-05-26,2024-05-31,2024-05-27,2024-05-29,Atlanta GA,FedEx,Electronics,81,65,64,64,2,5440.0
11722,2024-05-27,2024-06-04,2024-05-28,2024-05-30,Dallas TX,FedEx,Apparel,40,38,40,40,2,1280.0
11807,2024-05-27,2024-06-04,2024-05-29,2024-05-30,Ontario CA,FedEx,Home Goods,92,79,92,92,1,4416.0
13290,2024-05-27,2024-06-01,2024-05-30,2024-05-31,Chicago IL,FedEx,Industrial,116,106,116,116,1,13920.0
10571,2024-05-28,2024-06-03,2024-05-29,2024-05-31,Ontario CA,XPO,Home Goods,114,127,114,114,2,5472.0
10793,2024-05-28,2024-06-04,2024-05-29,2024-05-31,Dallas TX,FedEx,Home Goods,93,75,93,93,2,4464.0
11371,2024-05-28,2024-06-03,2024-05-31,2024-06-01,Dallas TX,UPS,Electronics,88,72,88,88,1,7480.0
11623,2024-05-28,2024-06-03,2024-05-29,2024-05-30,Atlanta GA,FedEx,Industrial,105,123,76,76,1,9120.0
12365,2024-05-28,2024-06-02,2024-05-30,2024-06-02,Ontario CA,UPS,Apparel,40,35,40,40,3,1280.0
12444,2024-05-28,2024-06-04,2024-05-30,2024-06-01,Dallas TX,FedEx,Industrial,93,83,93,93,2,11160.0
12969,2024-05-28,2024-06-05,2024-05-29,2024-06-01,Ontario CA,FedEx,Apparel,72,79,72,72,3,2304.0
10073,2024-05-29,2024-06-04,2024-05-30,2024-06-01,Ontario CA,UPS,Electronics,106,92,106,106,2,9010.0
10149,2024-05-29,2024-06-06,2024-06-01,2024-06-03,Atlanta GA,XPO,Electronics,15,14,15,15,2,1275.0
10394,2024-05-29,2024-06-03,2024-05-30,2024-05-31,Chicago IL,FedEx,Apparel,52,45,52,52,1,1664.0
10403,2024-05-29,2024-06-05,2024-05-31,2024-06-03,Atlanta GA,XPO,Home Goods,57,68,57,57,3,2736.0
11111,2024-05-29,2024-06-06,2024-05-31,2024-06-01,Atlanta GA,UPS,Apparel,79,76,79,79,1,2528.0
11140,2024-05-29,2024-06-06,2024-05-30,2024-06-01,Dallas TX,FedEx,Electronics,53,60,53,53,2,4505.0
11270,2024-05-29,2024-06-04,2024-05-31,2024-06-01,Atlanta GA,UPS,Home Goods,101,86,101,101,1,4848.0
10623,2024-05-30,2024-06-05,2024-05-31,2024-06-03,Atlanta GA,FedEx,Apparel,6,6,6,6,3,192.0
11064,2024-05-30,2024-06-07,2024-06-01,2024-06-02,Dallas TX,UPS,Industrial,22,25,22,22,1,2640.0
11160,2024-05-30,2024-06-05,2024-05-31,2024-06-02,Chicago IL,UPS,Apparel,43,41,43,43,2,1376.0
11286,2024-05-30,2024-06-05,2024-05-31,2024-06-01,Dallas TX,FedEx,Industrial,5,5,5,5,1,600.0
11529,2024-05-30,2024-06-04,2024-05-31,2024-06-01,Ontario CA,FedEx,Industrial,29,28,29,29,1,3480.0
11767,2024-05-30,2024-06-05,2024-05-31,2024-06-03,Dallas TX,XPO,Industrial,44,48,44,44,3,5280.0
12579,2024-05-30,2024-06-04,2024-05-31,2024-06-02,Atlanta GA,XPO,Home Goods,13,11,13,13,2,624.0
12713,2024-05-30,2024-06-07,2024-06-02,2024-06-05,Chicago IL,UPS,Home Goods,81,96,81,81,3,3888.0
12771,2024-05-30,2024-06-06,2024-06-02,2024-06-04,Atlanta GA,XPO,Industrial,61,62,61,61,2,7320.0
13311,2024-05-30,2024-06-05,2024-06-01,2024-06-02,Dallas TX,UPS,Electronics,8,7,8,8,1,680.0
13335,2024-05-30,2024-06-07,2024-06-01,2024-06-03,Dallas TX,UPS,Apparel,27,23,27,27,2,864.0
11088,2024-05-31,2024-06-07,2024-06-01,2024-06-02,Dallas TX,UPS,Home Goods,64,67,64,64,1,3072.0
11092,2024-05-31,2024-06-07,2024-06-01,2024-06-03,Ontario CA,UPS,Apparel,81,79,81,81,2,2592.0
11477,2024-05-31,2024-06-08,2024-06-03,2024-06-04,Ontario CA,UPS,Electronics,21,22,15,15,1,1275.0
12846,2024-05-31,2024-06-05,2024-06-02,2024-06-04,Dallas TX,XPO,Home Goods,16,14,16,16,2,768.0
12986,2024-05-31,2024-06-07,2024-06-01,2024-06-04,Ontario CA,FedEx,Industrial,116,101,116,116,3,13920.0
13114,2024-05-31,2024-06-08,2024-06-04,2024-06-07,Chicago IL,UPS,Apparel,25,23,25,25,3,800.0
10068,2024-06-01,2024-06-09,2024-06-03,2024-06-04,Ontario CA,FedEx,Apparel,75,83,75,75,1,2400.0
10461,2024-06-01,2024-06-07,2024-06-04,2024-06-06,Dallas TX,XPO,Home Goods,90,86,90,90,2,4320.0
10723,2024-06-01,2024-06-07,2024-06-05,2024-06-06,Chicago IL,UPS,Electronics,40,48,40,40,1,3400.0
12617,2024-06-01,2024-06-09,2024-06-04,2024-06-07,Ontario CA,FedEx,Home Goods,113,92,113,113,3,5424.0
12825,2024-06-01,2024-06-08,2024-06-02,2024-06-05,Chicago IL,UPS,Apparel,26,27,26,26,3,832.0
10355,2024-06-02,2024-06-09,2024-06-04,2024-06-07,Dallas TX,FedEx,Apparel,68,58,68,68,3,2176.0
11147,2024-06-02,2024-06-09,2024-06-03,2024-06-05,Ontario CA,XPO,Home Goods,101,96,101,101,2,4848.0
11639,2024-06-02,2024-06-07,2024-06-03,2024-06-05,Chicago IL,UPS,Industrial,108,123,108,108,2,12960.0
12357,2024-06-02,2024-06-10,2024-06-04,2024-06-07,Chicago IL,UPS,Industrial,85,69,85,83,3,9960.0
12407,2024-06-02,2024-06-10,2024-06-03,2024-06-04,Ontario CA,UPS,Electronics,33,37,33,33,1,2805.0
10106,2024-06-03,2024-06-08,2024-06-06,2024-06-07,Ontario CA,FedEx,Industrial,120,136,120,120,1,14400.0
10257,2024-06-03,2024-06-11,2024-06-06,2024-06-07,Dallas TX,FedEx,Home Goods,49,55,49,49,1,2352.0
10580,2024-06-03,2024-06-08,2024-06-04,2024-06-07,Dallas TX,UPS,Industrial,61,68,61,61,3,7320.0
11483,2024-06-03,2024-06-09,2024-06-04,2024-06-06,Ontario CA,FedEx,Home Goods,83,73,83,83,2,3984.0
11813,2024-06-03,2024-06-08,2024-06-05,2024-06-08,Ontario CA,UPS,Industrial,64,57,47,47,3,5640.0
12537,2024-06-03,2024-06-11,2024-06-04,2024-06-06,Chicago IL,XPO,Industrial,49,59,49,49,2,5880.0
13434,2024-06-03,2024-06-08,2024-06-07,2024-06-09,Ontario CA,FedEx,Industrial,42,35,42,42,2,5040.0
11004,2024-06-04,2024-06-12,2024-06-06,2024-06-09,Ontario CA,XPO,Apparel,40,33,40,40,3,1280.0
11063,2024-06-04,2024-06-12,2024-06-07,2024-06-10,Dallas TX,UPS,Electronics,84,81,84,84,3,7140.0
12436,2024-06-04,2024-06-09,2024-06-05,2024-06-08,Ontario CA,UPS,Electronics,31,26,31,31,3,2635.0
12685,2024-06-04,2024-06-12,2024-06-06,2024-06-08,Atlanta GA,UPS,Electronics,60,63,60,60,2,5100.0
13077,2024-06-04,2024-06-11,2024-06-05,2024-06-07,Dallas TX,UPS,Home Goods,101,119,101,101,2,4848.0
13404,2024-06-04,2024-06-12,2024-06-05,2024-06-06,Dallas TX,FedEx,Home Goods,79,80,79,79,1,3792.0
10572,2024-06-05,2024-06-13,2024-06-08,2024-06-10,Ontario CA,XPO,Home Goods,65,53,65,65,2,3120.0
10788,2024-06-05,2024-06-11,2024-06-06,2024-06-09,Atlanta GA,FedEx,Electronics,32,26,32,32,3,2720.0
10309,2024-06-06,2024-06-13,2024-06-08,2024-06-11,Dallas TX,UPS,Industrial,85,89,85,85,3,10200.0
10443,2024-06-06,2024-06-12,2024-06-09,2024-06-12,Chicago IL,FedEx,Electronics,14,15,14,14,3,1190.0
11165,2024-06-06,2024-06-13,2024-06-07,2024-06-08,Ontario CA,FedEx,Industrial,96,94,96,96,1,11520.0
12158,2024-06-06,2024-06-13,2024-06-08,2024-06-11,Atlanta GA,UPS,Industrial,26,31,26,26,3,3120.0
12738,2024-06-06,2024-06-11,2024-06-08,2024-06-11,Chicago IL,UPS,Apparel,84,80,84,84,3,2688.0
13135,2024-06-06,2024-06-14,2024-06-07,2024-06-09,Chicago IL,FedEx,Apparel,115,108,115,115,2,3680.0
10667,2024-06-07,2024-06-14,2024-06-09,2024-06-11,Dallas TX,FedEx,Industrial,69,75,69,69,2,8280.0
12774,2024-06-07,2024-06-14,2024-06-10,2024-06-11,Dallas TX,FedEx,Industrial,104,97,104,104,1,12480.0
12994,2024-06-07,2024-06-12,2024-06-10,2024-06-12,Atlanta GA,UPS,Industrial,7,6,7,7,2,840.0
12116,2024-06-08,2024-06-16,2024-06-14,2024-06-16,Dallas TX,FedEx,Electronics,32,37,32,32,2,2720.0
12149,2024-06-09,2024-06-14,2024-06-12,2024-06-14,Atlanta GA,UPS,Apparel,112,123,112,112,2,3584.0
13003,2024-06-09,2024-06-16,2024-06-10,2024-06-11,Chicago IL,UPS,Home Goods,33,27,33,33,1,1584.0
10136,2024-06-10,2024-06-17,2024-06-13,2024-06-15,Ontario CA,UPS,Apparel,48,50,48,48,2,1536.0
11696,2024-06-10,2024-06-15,2024-06-12,2024-06-19,Ontario CA,FedEx,Industrial,115,96,115,115,7,13800.0
11745,2024-06-10,2024-06-16,2024-06-12,2024-06-15,Chicago IL,XPO,Electronics,16,17,11,11,3,935.0
11875,2024-06-10,2024-06-17,2024-06-11,2024-06-15,Ontario CA,UPS,Home Goods,53,60,35,35,4,1680.0
12486,2024-06-10,2024-06-18,2024-06-11,2024-06-14,Dallas TX,FedEx,Apparel,96,82,96,96,3,3072.0
12503,2024-06-10,2024-06-18,2024-06-12,2024-06-15,Dallas TX,FedEx,Home Goods,10,10,10,10,3,480.0
12837,2024-06-10,2024-06-17,2024-06-13,2024-06-14,Dallas TX,FedEx,Electronics,32,27,32,32,1,2720.0
12991,2024-06-10,2024-06-15,2024-06-12,2024-06-15,Ontario CA,FedEx,Apparel,10,11,10,10,3,320.0
10957,2024-06-11,2024-06-17,2024-06-14,2024-06-15,Atlanta GA,UPS,Apparel,61,65,61,61,1,1952.0
10138,2024-06-12,2024-06-20,2024-06-14,2024-06-20,Atlanta GA,FedEx,Industrial,25,25,25,25,6,3000.0
11105,2024-06-12,2024-06-19,2024-06-13,2024-06-17,Atlanta GA,FedEx,Electronics,29,34,29,29,4,2465.0
11287,2024-06-12,2024-06-19,2024-06-15,2024-06-16,Ontario CA,UPS,Electronics,89,84,89,89,1,7565.0
12032,2024-06-12,2024-06-20,2024-06-15,2024-06-18,Dallas TX,UPS,Electronics,34,28,34,34,3,2890.0
12927,2024-06-12,2024-06-18,2024-06-15,2024-06-18,Dallas TX,FedEx,Apparel,21,19,21,21,3,672.0
10513,2024-06-13,2024-06-18,2024-06-16,2024-06-17,Chicago IL,UPS,Industrial,13,11,13,13,1,1560.0
10544,2024-06-13,2024-06-20,2024-06-15,2024-06-16,Dallas TX,FedEx,Home Goods,82,90,82,82,1,3936.0
10760,2024-06-13,2024-06-20,2024-06-16,2024-06-22,Atlanta GA,UPS,Industrial,21,20,21,21,6,2520.0
11055,2024-06-13,2024-06-21,2024-06-15,2024-06-18,Dallas TX,UPS,Apparel,43,37,43,43,3,1376.0
12814,2024-06-13,2024-06-18,2024-06-16,2024-06-19,Ontario CA,UPS,Home Goods,37,32,37,37,3,1776.0
13574,2024-06-13,2024-06-18,2024-06-15,2024-06-18,Chicago IL,FedEx,Home Goods,101,121,101,101,3,4848.0
10133,2024-06-14,2024-06-19,2024-06-16,2024-06-19,Chicago IL,FedEx,Apparel,71,82,71,71,3,2272.0
10577,2024-06-14,2024-06-20,2024-06-15,2024-06-18,Atlanta GA,UPS,Home Goods,16,17,16,16,3,768.0
11339,2024-06-14,2024-06-19,2024-06-16,2024-06-17,Ontario CA,FedEx,Apparel,26,27,26,25,1,800.0
12871,2024-06-14,2024-06-22,2024-06-17,2024-06-19,Dallas TX,XPO,Home Goods,57,52,57,57,2,2736.0
13136,2024-06-14,2024-06-21,2024-06-16,2024-06-17,Atlanta GA,XPO,Home Goods,106,116,106,106,1,5088.0
10508,2024-06-15,2024-06-20,2024-06-17,2024-06-18,Chicago IL,UPS,Electronics,111,97,111,109,1,9265.0
11093,2024-06-15,2024-06-22,2024-06-18,2024-06-19,Atlanta GA,XPO,Apparel,20,16,20,20,1,640.0
11178,2024-06-15,2024-06-23,2024-06-17,2024-06-18,Ontario CA,FedEx,Home Goods,70,65,70,70,1,3360.0
11329,2024-06-15,2024-06-21,2024-06-18,2024-06-21,Dallas TX,FedEx,Industrial,24,25,17,17,3,2040.0
11703,2024-06-15,2024-06-21,2024-06-16,2024-06-17,Chicago IL,FedEx,Electronics,25,26,25,25,1,2125.0
11747,2024-06-15,2024-06-22,2024-06-18,2024-06-19,Atlanta GA,FedEx,Industrial,70,77,70,70,1,8400.0
12332,2024-06-15,2024-06-23,2024-06-18,2024-06-20,Dallas TX,FedEx,Electronics,112,114,112,112,2,9520.0
10356,2024-06-16,2024-06-23,2024-06-18,2024-06-21,Atlanta GA,UPS,Electronics,85,71,85,85,3,7225.0
10500,2024-06-16,2024-06-21,2024-06-17,2024-06-19,Ontario CA,UPS,Industrial,58,50,58,58,2,6960.0
11808,2024-06-16,2024-06-22,2024-06-18,2024-06-20,Ontario CA,FedEx,Industrial,115,119,115,115,2,13800.0
11956,2024-06-16,2024-06-22,2024-06-18,2024-06-19,Ontario CA,FedEx,Home Goods,60,59,60,60,1,2880.0
12243,2024-06-16,2024-06-21,2024-06-17,2024-06-18,Ontario CA,UPS,Home Goods,35,34,21,21,1,1008.0
12468,2024-06-16,2024-06-24,2024-06-19,2024-06-26,Ontario CA,UPS,Home Goods,79,65,79,79,7,3792.0
13489,2024-06-16,2024-06-23,2024-06-18,2024-06-22,Chicago IL,FedEx,Electronics,113,123,113,113,4,9605.0
13498,2024-06-16,2024-06-21,2024-06-19,2024-06-20,Atlanta GA,XPO,Apparel,63,58,63,61,1,1952.0
13506,2024-06-16,2024-06-21,2024-06-18,2024-06-20,Dallas TX,UPS,Apparel,80,69,80,80,2,2560.0
10524,2024-06-17,2024-06-22,2024-06-20,2024-06-23,Chicago IL,FedEx,Apparel,54,54,54,54,3,1728.0
10650,2024-06-17,2024-06-25,2024-06-19,2024-06-21,Dallas TX,UPS,Electronics,14,15,14,13,2,1105.0
11481,2024-06-17,2024-06-24,2024-06-20,2024-06-22,Chicago IL,FedEx,Industrial,53,56,53,53,2,6360.0
11794,2024-06-17,2024-06-22,2024-06-20,2024-06-21,Chicago IL,UPS,Electronics,23,22,23,23,1,1955.0
12723,2024-06-17,2024-06-22,2024-06-22,2024-06-25,Chicago IL,XPO,Home Goods,107,90,107,104,3,4992.0
13099,2024-06-17,2024-06-25,2024-06-18,2024-06-19,Atlanta GA,FedEx,Electronics,86,69,86,86,1,7310.0
13370,2024-06-17,2024-06-25,2024-06-18,2024-06-19,Dallas TX,XPO,Apparel,95,96,95,95,1,3040.0
10425,2024-06-18,2024-06-25,2024-06-21,2024-06-28,Ontario CA,FedEx,Apparel,19,22,19,19,7,608.0
10731,2024-06-18,2024-06-25,2024-06-19,2024-06-20,Ontario CA,UPS,Apparel,54,52,54,51,1,1632.0
12055,2024-06-18,2024-06-25,2024-06-21,2024-06-22,Chicago IL,UPS,Home Goods,96,106,96,96,1,4608.0
12162,2024-06-18,2024-06-24,2024-06-21,2024-06-22,Dallas TX,UPS,Apparel,40,42,40,40,1,1280.0
12388,2024-06-18,2024-06-24,2024-06-19,2024-06-21,Atlanta GA,XPO,Electronics,57,48,57,57,2,4845.0
12679,2024-06-18,2024-06-23,2024-06-21,2024-06-23,Dallas TX,UPS,Electronics,56,46,56,56,2,4760.0
13286,2024-06-18,2024-06-26,2024-06-19,2024-06-22,Ontario CA,UPS,Apparel,12,12,12,12,3,384.0
13343,2024-06-18,2024-06-23,2024-06-19,2024-06-21,Chicago IL,FedEx,Apparel,86,78,86,86,2,2752.0
10409,2024-06-19,2024-06-27,2024-06-20,2024-06-21,Dallas TX,UPS,Apparel,120,103,120,120,1,3840.0
10773,2024-06-19,2024-06-24,2024-06-21,2024-06-22,Chicago IL,FedEx,Home Goods,29,34,29,29,1,1392.0
11576,2024-06-19,2024-06-25,2024-06-20,2024-06-21,Dallas TX,FedEx,Home Goods,36,34,36,36,1,1728.0
11982,2024-06-19,2024-06-24,2024-06-20,2024-06-23,Ontario CA,UPS,Industrial,100,118,100,100,3,12000.0
12031,2024-06-19,2024-06-24,2024-06-22,2024-06-23,Atlanta GA,XPO,Home Goods,27,30,27,27,1,1296.0
12118,2024-06-19,2024-06-26,2024-06-20,2024-06-23,Chicago IL,UPS,Industrial,66,70,66,66,3,7920.0
13480,2024-06-19,2024-06-24,2024-06-20,2024-06-22,Atlanta GA,UPS,Home Goods,28,26,28,28,2,1344.0
10360,2024-06-20,2024-06-25,2024-06-21,2024-06-22,Dallas TX,FedEx,Electronics,35,37,35,35,1,2975.0
10448,2024-06-20,2024-06-28,2024-06-23,2024-06-24,Atlanta GA,UPS,Electronics,77,70,77,77,1,6545.0
10665,2024-06-20,2024-06-26,2024-06-26,2024-06-28,Ontario CA,UPS,Apparel,99,96,99,99,2,3168.0
11701,2024-06-20,2024-06-27,2024-06-22,2024-06-23,Dallas TX,FedEx,Electronics,108,103,108,108,1,9180.0
12083,2024-06-20,2024-06-27,2024-06-21,2024-06-24,Chicago IL,FedEx,Apparel,54,45,54,54,3,1728.0
12340,2024-06-20,2024-06-28,2024-06-23,2024-06-25,Chicago IL,FedEx,Electronics,95,96,95,95,2,8075.0
12405,2024-06-20,2024-06-28,2024-06-23,2024-06-25,Chicago IL,XPO,Electronics,31,36,31,31,2,2635.0
12495,2024-06-20,2024-06-26,2024-06-21,2024-06-22,Ontario CA,UPS,Apparel,64,56,64,64,1,2048.0
12549,2024-06-20,2024-06-28,2024-06-21,2024-06-22,Atlanta GA,FedEx,Electronics,10,12,10,10,1,850.0
13379,2024-06-20,2024-06-28,2024-06-23,2024-06-26,Chicago IL,UPS,Home Goods,52,60,52,52,3,2496.0
13448,2024-06-20,2024-06-25,2024-06-23,2024-06-24,Chicago IL,UPS,Industrial,10,9,10,10,1,1200.0
10322,2024-06-21,2024-06-29,2024-06-23,2024-06-24,Chicago IL,UPS,Electronics,96,105,96,96,1,8160.0
10282,2024-06-22,2024-06-27,2024-06-25,2024-06-28,Dallas TX,FedEx,Electronics,86,78,86,86,3,7310.0
10874,2024-06-22,2024-06-28,2024-06-25,2024-06-26,Atlanta GA,XPO,Electronics,101,85,101,101,1,8585.0
11740,2024-06-22,2024-06-29,2024-06-25,2024-06-26,Ontario CA,XPO,Home Goods,8,9,8,8,1,384.0
11905,2024-06-22,2024-06-29,2024-06-25,2024-06-26,Dallas TX,FedEx,Apparel,104,113,104,104,1,3328.0
12676,2024-06-22,2024-06-27,2024-06-24,2024-06-26,Chicago IL,UPS,Electronics,5,5,5,5,2,425.0
12753,2024-06-22,2024-06-30,2024-06-24,2024-06-27,Chicago IL,UPS,Home Goods,120,116,120,120,3,5760.0
12763,2024-06-22,2024-06-27,2024-06-24,2024-06-27,Atlanta GA,FedEx,Industrial,33,39,33,33,3,3960.0
12961,2024-06-22,2024-06-29,2024-06-24,2024-06-26,Ontario CA,UPS,Electronics,27,26,27,27,2,2295.0
13426,2024-06-22,2024-06-27,2024-06-24,2024-06-27,Ontario CA,XPO,Electronics,18,19,18,18,3,1530.0
10288,2024-06-23,2024-06-28,2024-06-25,2024-06-26,Ontario CA,XPO,Apparel,39,45,39,39,1,1248.0
10435,2024-06-23,2024-07-01,2024-06-26,2024-06-28,Atlanta GA,UPS,Electronics,21,21,21,21,2,1785.0
10674,2024-06-23,2024-06-28,2024-06-25,2024-06-26,Chicago IL,UPS,Electronics,30,30,30,30,1,2550.0
10683,2024-06-23,2024-06-30,2024-06-25,2024-06-26,Dallas TX,FedEx,Home Goods,96,78,96,96,1,4608.0
10917,2024-06-23,2024-07-01,2024-06-25,2024-06-28,Ontario CA,FedEx,Electronics,77,68,77,77,3,6545.0
10959,2024-06-23,2024-06-30,2024-06-25,2024-06-27,Chicago IL,UPS,Industrial,69,64,69,69,2,8280.0
11613,2024-06-23,2024-06-30,2024-06-25,2024-06-26,Chicago IL,XPO,Industrial,83,68,83,80,1,9600.0
12122,2024-06-23,2024-06-28,2024-06-25,2024-06-28,Ontario CA,FedEx,Industrial,108,109,108,108,3,12960.0
13575,2024-06-23,2024-07-01,2024-06-24,2024-06-26,Chicago IL,XPO,Industrial,80,79,80,80,2,9600.0
11509,2024-06-24,2024-07-02,2024-06-27,2024-06-30,Dallas TX,UPS,Electronics,69,67,69,69,3,5865.0
12441,2024-06-24,2024-07-02,2024-06-25,2024-06-27,Atlanta GA,UPS,Electronics,5,6,5,5,2,425.0
13267,2024-06-24,2024-06-30,2024-06-25,2024-06-28,Dallas TX,XPO,Apparel,75,78,45,45,3,1440.0
12362,2024-06-25,2024-06-30,2024-06-27,2024-06-29,Chicago IL,UPS,Electronics,31,28,31,31,2,2635.0
10203,2024-06-26,2024-07-04,2024-06-29,2024-07-01,Ontario CA,FedEx,Apparel,28,26,28,28,2,896.0
10259,2024-06-26,2024-07-01,2024-06-28,2024-07-01,Chicago IL,XPO,Industrial,108,95,108,108,3,12960.0
10308,2024-06-26,2024-07-03,2024-06-27,2024-07-03,Dallas TX,FedEx,Home Goods,59,54,59,59,6,2832.0
10609,2024-06-26,2024-07-01,2024-07-03,2024-07-06,Ontario CA,UPS,Apparel,73,61,73,73,3,2336.0
13067,2024-06-26,2024-07-03,2024-06-28,2024-06-30,Atlanta GA,XPO,Electronics,11,9,11,11,2,935.0
13513,2024-06-26,2024-07-02,2024-06-29,2024-07-02,Atlanta GA,UPS,Apparel,14,16,14,14,3,448.0
11123,2024-06-27,2024-07-04,2024-06-29,2024-06-30,Atlanta GA,XPO,Industrial,10,9,10,10,1,1200.0
13168,2024-06-27,2024-07-05,2024-06-30,2024-07-02,Ontario CA,FedEx,Industrial,77,68,77,77,2,9240.0
10224,2024-06-28,2024-07-05,2024-07-01,2024-07-04,Chicago IL,UPS,Electronics,25,25,25,25,3,2125.0
11810,2024-06-28,2024-07-03,2024-07-01,2024-07-02,Atlanta GA,FedEx,Apparel,43,43,36,36,1,1152.0
10153,2024-06-29,2024-07-05,2024-07-02,2024-07-04,Dallas TX,XPO,Industrial,55,61,44,44,2,5280.0
12056,2024-06-29,2024-07-04,2024-06-30,2024-07-02,Chicago IL,UPS,Apparel,5,5,5,5,2,160.0
13362,2024-06-29,2024-07-05,2024-07-01,2024-07-04,Chicago IL,UPS,Home Goods,5,6,5,5,3,240.0
13417,2024-06-29,2024-07-06,2024-07-01,2024-07-02,Dallas TX,XPO,Electronics,44,35,44,44,1,3740.0
10775,2024-06-30,2024-07-08,2024-07-03,2024-07-06,Chicago IL,UPS,Apparel,53,48,53,53,3,1696.0
10947,2024-06-30,2024-07-06,2024-07-03,2024-07-05,Dallas TX,UPS,Apparel,47,52,47,47,2,1504.0
10951,2024-06-30,2024-07-06,2024-07-01,2024-07-03,Dallas TX,XPO,Industrial,112,104,112,112,2,13440.0
11035,2024-06-30,2024-07-05,2024-07-02,2024-07-03,Ontario CA,FedEx,Apparel,9,11,9,9,1,288.0
11317,2024-06-30,2024-07-07,2024-07-03,2024-07-05,Atlanta GA,UPS,Home Goods,46,42,46,46,2,2208.0
11942,2024-06-30,2024-07-08,2024-07-02,2024-07-04,Atlanta GA,UPS,Industrial,80,70,80,80,2,9600.0
10628,2024-07-01,2024-07-07,2024-07-03,2024-07-04,Chicago IL,XPO,Electronics,17,14,17,17,1,1445.0
12096,2024-07-01,2024-07-07,2024-07-03,2024-07-04,Ontario CA,FedEx,Home Goods,111,120,72,72,1,3456.0
12234,2024-07-01,2024-07-09,2024-07-04,2024-07-06,Ontario CA,UPS,Apparel,35,39,35,35,2,1120.0
10178,2024-07-02,2024-07-09,2024-07-04,2024-07-06,Dallas TX,UPS,Electronics,35,31,35,35,2,2975.0
11334,2024-07-02,2024-07-09,2024-07-03,2024-07-09,Atlanta GA,UPS,Apparel,18,15,18,18,6,576.0
11657,2024-07-02,2024-07-10,2024-07-04,2024-07-05,Atlanta GA,UPS,Home Goods,58,59,58,58,1,2784.0
12311,2024-07-02,2024-07-10,2024-07-04,2024-07-05,Chicago IL,UPS,Industrial,73,63,73,73,1,8760.0
10242,2024-07-03,2024-07-08,2024-07-05,2024-07-08,Chicago IL,FedEx,Electronics,108,120,108,108,3,9180.0
10332,2024-07-03,2024-07-10,2024-07-04,2024-07-07,Ontario CA,UPS,Apparel,77,81,77,77,3,2464.0
10785,2024-07-03,2024-07-08,2024-07-05,2024-07-07,Ontario CA,XPO,Electronics,112,99,112,112,2,9520.0
11625,2024-07-03,2024-07-10,2024-07-05,2024-07-06,Dallas TX,FedEx,Apparel,28,27,28,28,1,896.0
12277,2024-07-03,2024-07-10,2024-07-05,2024-07-06,Chicago IL,UPS,Electronics,75,69,75,75,1,6375.0
10992,2024-07-04,2024-07-11,2024-07-06,2024-07-08,Dallas TX,UPS,Apparel,8,8,5,3,2,96.0
11520,2024-07-04,2024-07-10,2024-07-05,2024-07-08,Atlanta GA,UPS,Apparel,101,118,101,101,3,3232.0
11578,2024-07-04,2024-07-11,2024-07-05,2024-07-08,Atlanta GA,FedEx,Apparel,112,105,112,112,3,3584.0
11924,2024-07-04,2024-07-11,2024-07-05,2024-07-07,Chicago IL,FedEx,Electronics,73,67,73,73,2,6205.0
10050,2024-07-05,2024-07-12,2024-07-10,2024-07-11,Atlanta GA,UPS,Apparel,48,44,48,48,1,1536.0
10367,2024-07-05,2024-07-13,2024-07-06,2024-07-08,Dallas TX,UPS,Electronics,84,82,84,84,2,7140.0
10547,2024-07-05,2024-07-10,2024-07-06,2024-07-09,Ontario CA,XPO,Apparel,118,121,118,118,3,3776.0
10968,2024-07-05,2024-07-11,2024-07-06,2024-07-08,Atlanta GA,XPO,Apparel,70,69,70,70,2,2240.0
11319,2024-07-05,2024-07-11,2024-07-06,2024-07-09,Dallas TX,UPS,Home Goods,27,22,27,27,3,1296.0
11405,2024-07-05,2024-07-13,2024-07-06,2024-07-13,Atlanta GA,XPO,Electronics,100,104,100,100,7,8500.0
12072,2024-07-05,2024-07-13,2024-07-06,2024-07-08,Ontario CA,XPO,Home Goods,20,22,20,20,2,960.0
12862,2024-07-05,2024-07-13,2024-07-06,2024-07-07,Ontario CA,UPS,Apparel,51,55,51,51,1,1632.0
10202,2024-07-06,2024-07-14,2024-07-08,2024-07-11,Chicago IL,UPS,Apparel,58,60,58,58,3,1856.0
10275,2024-07-06,2024-07-13,2024-07-08,2024-07-10,Atlanta GA,UPS,Industrial,33,31,33,33,2,3960.0
10349,2024-07-06,2024-07-12,2024-07-08,2024-07-09,Chicago IL,UPS,Industrial,30,27,30,30,1,3600.0
11418,2024-07-06,2024-07-14,2024-07-07,2024-07-10,Atlanta GA,UPS,Electronics,35,29,35,35,3,2975.0
11728,2024-07-06,2024-07-13,2024-07-08,2024-07-10,Chicago IL,FedEx,Electronics,33,32,33,33,2,2805.0
12027,2024-07-06,2024-07-14,2024-07-07,2024-07-10,Atlanta GA,FedEx,Industrial,11,11,11,11,3,1320.0
12386,2024-07-06,2024-07-11,2024-07-07,2024-07-08,Chicago IL,FedEx,Electronics,61,67,61,61,1,5185.0
12739,2024-07-06,2024-07-12,2024-07-08,2024-07-11,Chicago IL,FedEx,Home Goods,76,72,76,76,3,3648.0
12839,2024-07-06,2024-07-12,2024-07-09,2024-07-10,Ontario CA,UPS,Electronics,9,10,9,9,1,765.0
13154,2024-07-06,2024-07-12,2024-07-08,2024-07-11,Ontario CA,FedEx,Electronics,42,40,42,42,3,3570.0
10199,2024-07-07,2024-07-13,2024-07-09,2024-07-13,Ontario CA,FedEx,Electronics,99,104,99,99,4,8415.0
12212,2024-07-07,2024-07-15,2024-07-08,2024-07-09,Ontario CA,FedEx,Industrial,105,88,105,105,1,12600.0
10053,2024-07-08,2024-07-15,2024-07-09,2024-07-11,Ontario CA,FedEx,Electronics,80,95,80,77,2,6545.0
10828,2024-07-08,2024-07-14,2024-07-10,2024-07-12,Chicago IL,FedEx,Electronics,99,107,99,99,2,8415.0
11495,2024-07-08,2024-07-16,2024-07-09,2024-07-10,Dallas TX,XPO,Electronics,7,6,7,7,1,595.0
12191,2024-07-08,2024-07-16,2024-07-14,2024-07-15,Ontario CA,FedEx,Industrial,41,42,41,41,1,4920.0
12695,2024-07-08,2024-07-14,2024-07-10,2024-07-13,Dallas TX,XPO,Electronics,26,29,26,26,3,2210.0
12824,2024-07-08,2024-07-16,2024-07-09,2024-07-12,Ontario CA,FedEx,Home Goods,14,12,12,12,3,576.0
13027,2024-07-08,2024-07-16,2024-07-09,2024-07-10,Dallas TX,FedEx,Apparel,8,9,8,8,1,256.0
13350,2024-07-08,2024-07-14,2024-07-09,2024-07-11,Chicago IL,XPO,Apparel,96,102,96,96,2,3072.0
10155,2024-07-09,2024-07-15,2024-07-10,2024-07-13,Atlanta GA,UPS,Electronics,77,82,77,77,3,6545.0
10914,2024-07-09,2024-07-16,2024-07-11,2024-07-14,Dallas TX,UPS,Apparel,105,84,105,105,3,3360.0
11320,2024-07-09,2024-07-15,2024-07-12,2024-07-13,Dallas TX,FedEx,Industrial,27,23,27,27,1,3240.0
11482,2024-07-09,2024-07-16,2024-07-12,2024-07-15,Ontario CA,UPS,Apparel,49,42,49,49,3,1568.0
12539,2024-07-09,2024-07-17,2024-07-12,2024-07-13,Atlanta GA,FedEx,Electronics,19,16,19,19,1,1615.0
12630,2024-07-09,2024-07-15,2024-07-10,2024-07-13,Ontario CA,XPO,Home Goods,57,62,57,57,3,2736.0
11383,2024-07-10,2024-07-18,2024-07-12,2024-07-14,Chicago IL,FedEx,Electronics,102,114,102,102,2,8670.0
12686,2024-07-10,2024-07-17,2024-07-13,2024-07-15,Dallas TX,FedEx,Industrial,54,53,54,54,2,6480.0
13246,2024-07-10,2024-07-16,2024-07-13,2024-07-16,Ontario CA,UPS,Home Goods,44,40,44,44,3,2112.0
13338,2024-07-10,2024-07-16,2024-07-12,2024-07-14,Dallas TX,UPS,Electronics,117,109,117,117,2,9945.0
13582,2024-07-10,2024-07-15,2024-07-11,2024-07-14,Dallas TX,FedEx,Apparel,113,102,113,113,3,3616.0
10064,2024-07-11,2024-07-18,2024-07-14,2024-07-16,Ontario CA,UPS,Apparel,102,84,102,102,2,3264.0
10900,2024-07-11,2024-07-19,2024-07-14,2024-07-16,Dallas TX,UPS,Electronics,47,39,47,47,2,3995.0
11041,2024-07-11,2024-07-17,2024-07-14,2024-07-19,Dallas TX,XPO,Apparel,92,106,92,92,5,2944.0
11116,2024-07-11,2024-07-18,2024-07-12,2024-07-14,Dallas TX,UPS,Home Goods,14,15,14,14,2,672.0
12075,2024-07-11,2024-07-17,2024-07-12,2024-07-14,Dallas TX,UPS,Apparel,70,58,70,67,2,2144.0
10948,2024-07-12,2024-07-17,2024-07-15,2024-07-17,Chicago IL,FedEx,Home Goods,84,84,84,84,2,4032.0
11034,2024-07-12,2024-07-17,2024-07-15,2024-07-18,Ontario CA,FedEx,Home Goods,32,38,32,32,3,1536.0
12674,2024-07-12,2024-07-20,2024-07-14,2024-07-17,Atlanta GA,FedEx,Electronics,87,73,87,87,3,7395.0
10378,2024-07-13,2024-07-20,2024-07-15,2024-07-16,Ontario CA,UPS,Apparel,24,25,24,24,1,768.0
10427,2024-07-13,2024-07-20,2024-07-14,2024-07-15,Ontario CA,UPS,Apparel,72,67,72,72,1,2304.0
10465,2024-07-13,2024-07-21,2024-07-14,2024-07-17,Chicago IL,FedEx,Electronics,80,72,80,80,3,6800.0
11045,2024-07-13,2024-07-21,2024-07-14,2024-07-16,Ontario CA,FedEx,Industrial,6,6,6,6,2,720.0
12804,2024-07-13,2024-07-19,2024-07-16,2024-07-17,Atlanta GA,FedEx,Home Goods,40,38,40,40,1,1920.0
13111,2024-07-13,2024-07-21,2024-07-14,2024-07-17,Ontario CA,FedEx,Apparel,80,94,80,80,3,2560.0
13529,2024-07-13,2024-07-20,2024-07-14,2024-07-15,Dallas TX,FedEx,Home Goods,85,95,85,85,1,4080.0
10915,2024-07-14,2024-07-20,2024-07-16,2024-07-18,Chicago IL,FedEx,Home Goods,53,57,53,53,2,2544.0
11117,2024-07-14,2024-07-19,2024-07-15,2024-07-16,Dallas TX,FedEx,Electronics,31,27,31,31,1,2635.0
12085,2024-07-14,2024-07-20,2024-07-16,2024-07-18,Atlanta GA,UPS,Electronics,73,76,73,73,2,6205.0
13352,2024-07-14,2024-07-19,2024-07-17,2024-07-19,Ontario CA,XPO,Home Goods,29,28,29,29,2,1392.0
10535,2024-07-15,2024-07-23,2024-07-18,2024-07-19,Atlanta GA,UPS,Electronics,76,91,76,76,1,6460.0
10675,2024-07-15,2024-07-21,2024-07-16,2024-07-18,Ontario CA,UPS,Electronics,84,71,84,83,2,7055.0
12432,2024-07-15,2024-07-23,2024-07-18,2024-07-19,Chicago IL,FedEx,Apparel,24,21,24,24,1,768.0
10621,2024-07-16,2024-07-22,2024-07-19,2024-07-22,Dallas TX,UPS,Electronics,13,13,13,13,3,1105.0
11890,2024-07-16,2024-07-22,2024-07-18,2024-07-21,Dallas TX,UPS,Electronics,79,93,79,79,3,6715.0
12350,2024-07-16,2024-07-22,2024-07-18,2024-07-19,Dallas TX,UPS,Apparel,5,5,5,5,1,160.0
12749,2024-07-16,2024-07-22,2024-07-18,2024-07-21,Ontario CA,UPS,Home Goods,41,44,41,41,3,1968.0
13487,2024-07-16,2024-07-23,2024-07-17,2024-07-20,Chicago IL,XPO,Apparel,72,70,72,72,3,2304.0
13555,2024-07-16,2024-07-22,2024-07-18,2024-07-20,Dallas TX,FedEx,Electronics,15,16,15,15,2,1275.0
11456,2024-07-17,2024-07-22,2024-07-19,2024-07-21,Chicago IL,UPS,Electronics,58,54,58,58,2,4930.0
12037,2024-07-17,2024-07-24,2024-07-18,2024-07-19,Chicago IL,UPS,Industrial,36,35,36,36,1,4320.0
12514,2024-07-18,2024-07-25,2024-07-19,2024-07-20,Atlanta GA,FedEx,Electronics,22,18,22,22,1,1870.0
12526,2024-07-18,2024-07-26,2024-07-19,2024-07-21,Ontario CA,XPO,Electronics,41,41,41,41,2,3485.0
12838,2024-07-18,2024-07-23,2024-07-20,2024-07-23,Ontario CA,UPS,Electronics,92,82,92,92,3,7820.0
11154,2024-07-19,2024-07-25,2024-07-22,2024-07-24,Dallas TX,FedEx,Home Goods,17,15,17,17,2,816.0
11386,2024-07-19,2024-07-27,2024-07-20,2024-07-22,Chicago IL,UPS,Industrial,117,138,117,117,2,14040.0
12120,2024-07-19,2024-07-26,2024-07-20,2024-07-23,Ontario CA,UPS,Electronics,73,82,73,73,3,6205.0
12183,2024-07-19,2024-07-26,2024-07-20,2024-07-21,Chicago IL,FedEx,Home Goods,85,90,85,85,1,4080.0
12298,2024-07-19,2024-07-25,2024-07-22,2024-07-24,Atlanta GA,XPO,Home Goods,53,61,53,53,2,2544.0
10032,2024-07-20,2024-07-25,2024-07-23,2024-07-26,Dallas TX,XPO,Apparel,47,49,47,47,3,1504.0
10961,2024-07-20,2024-07-26,2024-07-23,2024-07-27,Ontario CA,UPS,Apparel,86,100,86,86,4,2752.0
11901,2024-07-20,2024-07-27,2024-07-23,2024-07-24,Atlanta GA,UPS,Apparel,61,58,61,61,1,1952.0
12483,2024-07-20,2024-07-25,2024-07-21,2024-07-23,Chicago IL,UPS,Home Goods,51,49,51,49,2,2352.0
10059,2024-07-21,2024-07-26,2024-07-22,2024-07-24,Chicago IL,UPS,Apparel,39,44,39,39,2,1248.0
10795,2024-07-21,2024-07-26,2024-07-23,2024-07-25,Ontario CA,UPS,Electronics,40,39,40,39,2,3315.0
11060,2024-07-21,2024-07-29,2024-07-23,2024-07-26,Atlanta GA,UPS,Electronics,116,127,116,116,3,9860.0
11883,2024-07-21,2024-07-27,2024-07-22,2024-07-23,Dallas TX,FedEx,Electronics,38,33,38,38,1,3230.0
11996,2024-07-21,2024-07-27,2024-07-23,2024-07-24,Atlanta GA,XPO,Industrial,113,120,113,113,1,13560.0
12177,2024-07-21,2024-07-28,2024-07-24,2024-07-27,Ontario CA,XPO,Home Goods,52,60,52,52,3,2496.0
12498,2024-07-21,2024-07-26,2024-07-23,2024-07-24,Atlanta GA,UPS,Home Goods,85,100,85,84,1,4032.0
12558,2024-07-21,2024-07-29,2024-07-23,2024-07-24,Chicago IL,UPS,Industrial,57,50,57,57,1,6840.0
10923,2024-07-22,2024-07-27,2024-07-23,2024-07-24,Chicago IL,FedEx,Industrial,47,52,47,47,1,5640.0
11277,2024-07-22,2024-07-29,2024-07-24,2024-07-25,Chicago IL,FedEx,Electronics,21,25,21,21,1,1785.0
11353,2024-07-22,2024-07-29,2024-07-23,2024-07-25,Ontario CA,UPS,Apparel,109,105,109,109,2,3488.0
10916,2024-07-23,2024-07-31,2024-07-25,2024-07-27,Atlanta GA,FedEx,Electronics,61,55,61,61,2,5185.0
11725,2024-07-23,2024-07-28,2024-07-26,2024-07-27,Ontario CA,FedEx,Home Goods,120,135,120,120,1,5760.0
12944,2024-07-23,2024-07-31,2024-07-25,2024-07-26,Chicago IL,FedEx,Home Goods,37,37,37,37,1,1776.0
10624,2024-07-24,2024-08-01,2024-07-27,2024-07-29,Chicago IL,UPS,Home Goods,48,42,48,48,2,2304.0
12493,2024-07-24,2024-07-31,2024-07-26,2024-07-29,Atlanta GA,FedEx,Apparel,100,91,100,100,3,3200.0
12635,2024-07-24,2024-07-30,2024-07-25,2024-07-26,Dallas TX,FedEx,Industrial,62,56,62,62,1,7440.0
10654,2024-07-25,2024-08-02,2024-07-26,2024-07-28,Atlanta GA,XPO,Industrial,30,25,30,30,2,3600.0
13198,2024-07-25,2024-07-31,2024-07-26,2024-07-28,Ontario CA,FedEx,Apparel,67,77,46,46,2,1472.0
13492,2024-07-25,2024-07-31,2024-07-27,2024-07-29,Chicago IL,FedEx,Home Goods,81,77,81,81,2,3888.0
10334,2024-07-26,2024-08-03,2024-07-29,2024-08-01,Ontario CA,XPO,Apparel,82,69,82,82,3,2624.0
10464,2024-07-26,2024-08-03,2024-07-27,2024-07-29,Dallas TX,XPO,Electronics,89,78,89,89,2,7565.0
10902,2024-07-26,2024-08-02,2024-07-29,2024-08-01,Chicago IL,FedEx,Electronics,32,29,32,32,3,2720.0
11534,2024-07-26,2024-07-31,2024-07-28,2024-07-31,Atlanta GA,FedEx,Industrial,117,136,117,117,3,14040.0
11979,2024-07-26,2024-08-01,2024-07-28,2024-07-30,Atlanta GA,FedEx,Electronics,120,136,120,120,2,10200.0
12424,2024-07-26,2024-08-02,2024-07-29,2024-07-30,Chicago IL,FedEx,Electronics,12,11,12,12,1,1020.0
12640,2024-07-26,2024-08-01,2024-07-29,2024-07-30,Chicago IL,FedEx,Industrial,106,93,106,106,1,12720.0
13327,2024-07-26,2024-08-02,2024-07-28,2024-07-31,Ontario CA,FedEx,Industrial,50,53,50,50,3,6000.0
10170,2024-07-27,2024-08-02,2024-07-28,2024-07-31,Dallas TX,XPO,Apparel,113,107,71,71,3,2272.0
11744,2024-07-27,2024-08-01,2024-07-30,2024-08-01,Chicago IL,UPS,Home Goods,63,69,63,63,2,3024.0
11784,2024-07-27,2024-08-02,2024-07-30,2024-08-01,Atlanta GA,UPS,Home Goods,21,18,19,19,2,912.0
11963,2024-07-27,2024-08-02,2024-07-28,2024-07-31,Chicago IL,FedEx,Electronics,62,63,62,62,3,5270.0
12469,2024-07-27,2024-08-04,2024-07-28,2024-07-30,Chicago IL,XPO,Apparel,87,104,87,87,2,2784.0
12513,2024-07-27,2024-08-04,2024-07-28,2024-07-31,Atlanta GA,FedEx,Home Goods,94,79,94,94,3,4512.0
10490,2024-07-28,2024-08-03,2024-07-30,2024-08-01,Dallas TX,FedEx,Apparel,92,94,61,60,2,1920.0
11219,2024-07-28,2024-08-03,2024-07-29,2024-07-30,Dallas TX,FedEx,Apparel,75,73,45,45,1,1440.0
11621,2024-07-28,2024-08-02,2024-07-31,2024-08-01,Ontario CA,UPS,Apparel,100,100,89,89,1,2848.0
13081,2024-07-28,2024-08-05,2024-07-30,2024-08-01,Chicago IL,FedEx,Home Goods,78,75,78,78,2,3744.0
10529,2024-07-29,2024-08-06,2024-07-30,2024-07-31,Atlanta GA,FedEx,Apparel,43,41,43,43,1,1376.0
10587,2024-07-29,2024-08-06,2024-07-30,2024-08-03,Ontario CA,UPS,Industrial,118,133,118,118,4,14160.0
11139,2024-07-29,2024-08-05,2024-07-30,2024-08-02,Atlanta GA,FedEx,Apparel,87,98,87,87,3,2784.0
12546,2024-07-29,2024-08-06,2024-07-31,2024-08-03,Atlanta GA,FedEx,Home Goods,43,45,43,43,3,2064.0
12776,2024-07-29,2024-08-06,2024-07-31,2024-08-01,Atlanta GA,FedEx,Electronics,36,41,36,36,1,3060.0
13304,2024-07-29,2024-08-03,2024-08-01,2024-08-03,Atlanta GA,UPS,Home Goods,22,23,22,22,2,1056.0
10040,2024-07-30,2024-08-04,2024-08-02,2024-08-03,Ontario CA,XPO,Industrial,79,93,79,79,1,9480.0
10197,2024-07-30,2024-08-07,2024-08-01,2024-08-02,Atlanta GA,UPS,Apparel,61,66,61,61,1,1952.0
10208,2024-07-30,2024-08-06,2024-08-02,2024-08-05,Atlanta GA,UPS,Industrial,81,82,81,81,3,9720.0
10550,2024-07-30,2024-08-07,2024-08-03,2024-08-04,Atlanta GA,UPS,Home Goods,29,28,29,29,1,1392.0
10645,2024-07-30,2024-08-07,2024-07-31,2024-08-02,Chicago IL,FedEx,Electronics,109,118,109,109,2,9265.0
12591,2024-07-30,2024-08-07,2024-08-01,2024-08-02,Dallas TX,XPO,Industrial,82,97,82,82,1,9840.0
13360,2024-07-30,2024-08-07,2024-08-02,2024-08-03,Chicago IL,XPO,Apparel,8,8,8,8,1,256.0
10235,2024-07-31,2024-08-07,2024-08-03,2024-08-04,Ontario CA,FedEx,Apparel,20,17,20,20,1,640.0
10485,2024-07-31,2024-08-05,2024-08-03,2024-08-06,Dallas TX,UPS,Home Goods,47,51,47,47,3,2256.0
11519,2024-07-31,2024-08-07,2024-08-01,2024-08-04,Dallas TX,FedEx,Industrial,73,82,73,73,3,8760.0
12623,2024-07-31,2024-08-05,2024-08-01,2024-08-03,Atlanta GA,FedEx,Electronics,54,58,54,54,2,4590.0
10371,2024-08-01,2024-08-06,2024-08-04,2024-08-07,Atlanta GA,XPO,Apparel,25,26,25,25,3,800.0
11099,2024-08-01,2024-08-08,2024-08-04,2024-08-05,Ontario CA,FedEx,Electronics,94,78,94,91,1,7735.0
11633,2024-08-01,2024-08-09,2024-08-02,2024-08-05,Dallas TX,FedEx,Home Goods,7,7,7,7,3,336.0
12885,2024-08-01,2024-08-06,2024-08-02,2024-08-03,Ontario CA,FedEx,Apparel,44,48,44,44,1,1408.0
10278,2024-08-02,2024-08-07,2024-08-03,2024-08-06,Chicago IL,UPS,Home Goods,25,25,25,25,3,1200.0
10418,2024-08-02,2024-08-07,2024-08-04,2024-08-07,Dallas TX,FedEx,Home Goods,98,117,98,98,3,4704.0
11086,2024-08-02,2024-08-10,2024-08-04,2024-08-07,Chicago IL,XPO,Industrial,120,111,120,120,3,14400.0
11586,2024-08-02,2024-08-10,2024-08-05,2024-08-07,Chicago IL,UPS,Industrial,78,70,78,78,2,9360.0
12324,2024-08-02,2024-08-09,2024-08-04,2024-08-07,Atlanta GA,FedEx,Home Goods,84,92,61,61,3,2928.0
13150,2024-08-02,2024-08-08,2024-08-03,2024-08-08,Dallas TX,FedEx,Home Goods,55,47,55,55,5,2640.0
13521,2024-08-02,2024-08-09,2024-08-05,2024-08-08,Chicago IL,XPO,Industrial,23,19,23,23,3,2760.0
10331,2024-08-03,2024-08-09,2024-08-04,2024-08-05,Ontario CA,FedEx,Apparel,10,9,10,10,1,320.0
11167,2024-08-03,2024-08-11,2024-08-04,2024-08-05,Dallas TX,FedEx,Electronics,9,8,9,9,1,765.0
11179,2024-08-03,2024-08-08,2024-08-04,2024-08-06,Chicago IL,UPS,Electronics,9,7,9,9,2,765.0
12164,2024-08-03,2024-08-11,2024-08-06,2024-08-08,Atlanta GA,FedEx,Home Goods,103,100,103,103,2,4944.0
12830,2024-08-03,2024-08-11,2024-08-04,2024-08-06,Chicago IL,FedEx,Industrial,99,111,99,99,2,11880.0
12977,2024-08-03,2024-08-09,2024-08-06,2024-08-08,Ontario CA,FedEx,Electronics,92,93,92,92,2,7820.0
13520,2024-08-03,2024-08-11,2024-08-07,2024-08-10,Atlanta GA,XPO,Electronics,11,13,7,7,3,595.0
10767,2024-08-05,2024-08-11,2024-08-07,2024-08-08,Ontario CA,FedEx,Home Goods,63,51,51,51,1,2448.0
11195,2024-08-05,2024-08-11,2024-08-08,2024-08-10,Ontario CA,UPS,Electronics,100,108,100,100,2,8500.0
11442,2024-08-05,2024-08-12,2024-08-06,2024-08-08,Atlanta GA,FedEx,Industrial,120,115,120,120,2,14400.0
12247,2024-08-05,2024-08-13,2024-08-08,2024-08-10,Chicago IL,UPS,Home Goods,93,87,93,93,2,4464.0
12506,2024-08-05,2024-08-10,2024-08-08,2024-08-09,Atlanta GA,UPS,Apparel,63,61,63,63,1,2016.0
10626,2024-08-06,2024-08-12,2024-08-07,2024-08-08,Atlanta GA,XPO,Electronics,53,47,53,53,1,4505.0
11130,2024-08-06,2024-08-14,2024-08-09,2024-08-12,Ontario CA,UPS,Electronics,32,27,32,32,3,2720.0
11843,2024-08-06,2024-08-11,2024-08-08,2024-08-09,Dallas TX,FedEx,Home Goods,108,109,108,108,1,5184.0
12496,2024-08-06,2024-08-11,2024-08-09,2024-08-16,Dallas TX,UPS,Apparel,55,44,55,55,7,1760.0
13056,2024-08-06,2024-08-12,2024-08-07,2024-08-10,Atlanta GA,UPS,Electronics,84,70,84,84,3,7140.0
13180,2024-08-06,2024-08-11,2024-08-08,2024-08-09,Dallas TX,UPS,Apparel,71,75,71,71,1,2272.0
10110,2024-08-07,2024-08-14,2024-08-08,2024-08-11,Ontario CA,FedEx,Apparel,22,19,22,22,3,704.0
10386,2024-08-07,2024-08-13,2024-08-11,2024-08-12,Dallas TX,UPS,Industrial,93,105,93,93,1,11160.0
11102,2024-08-07,2024-08-13,2024-08-10,2024-08-12,Atlanta GA,FedEx,Industrial,11,12,7,7,2,840.0
11437,2024-08-07,2024-08-12,2024-08-08,2024-08-10,Atlanta GA,FedEx,Apparel,74,68,74,74,2,2368.0
11617,2024-08-07,2024-08-12,2024-08-08,2024-08-11,Dallas TX,FedEx,Electronics,111,116,111,111,3,9435.0
12443,2024-08-07,2024-08-13,2024-08-10,2024-08-11,Chicago IL,UPS,Industrial,35,34,35,35,1,4200.0
10139,2024-08-08,2024-08-16,2024-08-10,2024-08-11,Dallas TX,FedEx,Apparel,68,71,68,68,1,2176.0
10974,2024-08-08,2024-08-14,2024-08-10,2024-08-13,Ontario CA,XPO,Home Goods,18,15,18,18,3,864.0
11254,2024-08-08,2024-08-15,2024-08-10,2024-08-12,Chicago IL,FedEx,Home Goods,62,56,62,62,2,2976.0
11906,2024-08-08,2024-08-15,2024-08-11,2024-08-16,Ontario CA,XPO,Apparel,89,100,89,89,5,2848.0
12112,2024-08-08,2024-08-13,2024-08-10,2024-08-12,Ontario CA,UPS,Home Goods,40,38,40,40,2,1920.0
12542,2024-08-08,2024-08-15,2024-08-11,2024-08-12,Ontario CA,UPS,Home Goods,82,72,82,82,1,3936.0
12553,2024-08-08,2024-08-15,2024-08-11,2024-08-13,Chicago IL,XPO,Apparel,43,47,43,43,2,1376.0
12847,2024-08-08,2024-08-13,2024-08-10,2024-08-11,Ontario CA,UPS,Electronics,8,7,8,8,1,680.0
10653,2024-08-09,2024-08-14,2024-08-11,2024-08-14,Chicago IL,UPS,Home Goods,11,12,11,11,3,528.0
11716,2024-08-09,2024-08-17,2024-08-10,2024-08-11,Atlanta GA,UPS,Industrial,15,17,15,15,1,1800.0
12004,2024-08-09,2024-08-16,2024-08-10,2024-08-13,Chicago IL,UPS,Apparel,72,84,72,72,3,2304.0
13377,2024-08-09,2024-08-16,2024-08-11,2024-08-14,Chicago IL,UPS,Apparel,16,13,16,15,3,480.0
10439,2024-08-10,2024-08-17,2024-08-12,2024-08-14,Dallas TX,UPS,Industrial,89,77,89,89,2,10680.0
10986,2024-08-10,2024-08-15,2024-08-14,2024-08-20,Dallas TX,FedEx,Home Goods,120,141,120,120,6,5760.0
11582,2024-08-10,2024-08-16,2024-08-12,2024-08-15,Dallas TX,UPS,Apparel,35,40,35,35,3,1120.0
12614,2024-08-10,2024-08-15,2024-08-13,2024-08-14,Ontario CA,FedEx,Industrial,80,65,80,80,1,9600.0
10460,2024-08-11,2024-08-16,2024-08-12,2024-08-15,Dallas TX,XPO,Home Goods,96,87,96,96,3,4608.0
11149,2024-08-11,2024-08-17,2024-08-13,2024-08-15,Ontario CA,FedEx,Apparel,96,88,96,96,2,3072.0
11855,2024-08-11,2024-08-18,2024-08-13,2024-08-14,Atlanta GA,FedEx,Electronics,10,11,10,10,1,850.0
10077,2024-08-12,2024-08-18,2024-08-15,2024-08-18,Atlanta GA,UPS,Home Goods,97,107,97,97,3,4656.0
10804,2024-08-12,2024-08-18,2024-08-14,2024-08-16,Ontario CA,XPO,Industrial,116,122,116,116,2,13920.0
12481,2024-08-12,2024-08-17,2024-08-13,2024-08-14,Chicago IL,FedEx,Apparel,101,104,101,101,1,3232.0
12484,2024-08-12,2024-08-20,2024-08-14,2024-08-16,Atlanta GA,UPS,Apparel,92,99,92,92,2,2944.0
12999,2024-08-12,2024-08-20,2024-08-14,2024-08-15,Dallas TX,UPS,Apparel,113,130,113,113,1,3616.0
13212,2024-08-12,2024-08-18,2024-08-13,2024-08-15,Atlanta GA,UPS,Apparel,42,35,42,42,2,1344.0
10310,2024-08-13,2024-08-21,2024-08-14,2024-08-15,Dallas TX,UPS,Industrial,25,24,25,25,1,3000.0
10849,2024-08-13,2024-08-19,2024-08-16,2024-08-18,Atlanta GA,XPO,Apparel,104,106,104,104,2,3328.0
11267,2024-08-13,2024-08-19,2024-08-16,2024-08-17,Atlanta GA,UPS,Apparel,120,142,120,120,1,3840.0
11999,2024-08-13,2024-08-21,2024-08-14,2024-08-18,Ontario CA,UPS,Home Goods,36,40,36,36,4,1728.0
12001,2024-08-13,2024-08-19,2024-08-16,2024-08-21,Dallas TX,FedEx,Electronics,49,53,49,49,5,4165.0
12059,2024-08-13,2024-08-18,2024-08-15,2024-08-16,Chicago IL,UPS,Apparel,34,37,34,34,1,1088.0
12138,2024-08-13,2024-08-21,2024-08-15,2024-08-18,Ontario CA,UPS,Apparel,70,68,70,70,3,2240.0
12773,2024-08-13,2024-08-21,2024-08-14,2024-08-16,Chicago IL,UPS,Home Goods,31,37,31,31,2,1488.0
10249,2024-08-14,2024-08-19,2024-08-15,2024-08-17,Dallas TX,XPO,Home Goods,23,21,23,23,2,1104.0
11042,2024-08-14,2024-08-19,2024-08-15,2024-08-16,Dallas TX,UPS,Home Goods,68,60,68,68,1,3264.0
12328,2024-08-14,2024-08-21,2024-08-15,2024-08-16,Ontario CA,UPS,Electronics,112,115,112,112,1,9520.0
10029,2024-08-15,2024-08-21,2024-08-18,2024-08-20,Ontario CA,FedEx,Electronics,110,123,110,110,2,9350.0
10481,2024-08-15,2024-08-20,2024-08-16,2024-08-19,Chicago IL,XPO,Industrial,119,95,94,94,3,11280.0
11247,2024-08-15,2024-08-23,2024-08-18,2024-08-19,Dallas TX,FedEx,Industrial,96,100,96,96,1,11520.0
11298,2024-08-15,2024-08-20,2024-08-17,2024-08-19,Chicago IL,UPS,Industrial,120,140,120,120,2,14400.0
11341,2024-08-15,2024-08-22,2024-08-17,2024-08-20,Atlanta GA,FedEx,Home Goods,12,10,12,12,3,576.0
11367,2024-08-15,2024-08-20,2024-08-17,2024-08-19,Ontario CA,UPS,Electronics,69,61,69,69,2,5865.0
11484,2024-08-15,2024-08-22,2024-08-16,2024-08-17,Chicago IL,FedEx,Home Goods,59,57,59,59,1,2832.0
11643,2024-08-15,2024-08-20,2024-08-18,2024-08-21,Ontario CA,FedEx,Apparel,42,35,42,42,3,1344.0
12264,2024-08-15,2024-08-22,2024-08-16,2024-08-18,Ontario CA,UPS,Electronics,118,119,118,118,2,10030.0
12408,2024-08-15,2024-08-22,2024-08-17,2024-08-19,Atlanta GA,XPO,Electronics,101,111,101,101,2,8585.0
13308,2024-08-15,2024-08-21,2024-08-19,2024-08-22,Chicago IL,FedEx,Home Goods,77,74,55,55,3,2640.0
10164,2024-08-16,2024-08-24,2024-08-19,2024-08-20,Dallas TX,XPO,Industrial,64,68,64,64,1,7680.0
10294,2024-08-16,2024-08-24,2024-08-19,2024-08-21,Ontario CA,UPS,Apparel,35,29,35,35,2,1120.0
11724,2024-08-16,2024-08-24,2024-08-20,2024-08-22,Chicago IL,XPO,Home Goods,118,104,118,118,2,5664.0
11837,2024-08-16,2024-08-21,2024-08-17,2024-08-22,Dallas TX,XPO,Apparel,79,89,79,79,5,2528.0
12309,2024-08-16,2024-08-24,2024-08-19,2024-08-22,Chicago IL,FedEx,Industrial,38,42,38,38,3,4560.0
12966,2024-08-16,2024-08-23,2024-08-19,2024-08-20,Atlanta GA,UPS,Electronics,27,30,27,27,1,2295.0
10434,2024-08-17,2024-08-24,2024-08-19,2024-08-20,Atlanta GA,XPO,Electronics,55,48,55,55,1,4675.0
10750,2024-08-17,2024-08-25,2024-08-24,2024-08-27,Chicago IL,FedEx,Electronics,94,102,94,94,3,7990.0
10864,2024-08-17,2024-08-22,2024-08-20,2024-08-23,Ontario CA,UPS,Apparel,20,23,20,20,3,640.0
11647,2024-08-17,2024-08-24,2024-08-20,2024-08-21,Atlanta GA,FedEx,Industrial,97,79,97,97,1,11640.0
11809,2024-08-17,2024-08-23,2024-08-18,2024-08-20,Atlanta GA,UPS,Home Goods,10,9,7,7,2,336.0
12647,2024-08-17,2024-08-24,2024-08-19,2024-08-21,Ontario CA,FedEx,Industrial,87,99,87,87,2,10440.0
13185,2024-08-17,2024-08-23,2024-08-18,2024-08-21,Atlanta GA,FedEx,Apparel,94,88,94,94,3,3008.0
11010,2024-08-18,2024-08-25,2024-08-19,2024-08-22,Dallas TX,XPO,Apparel,82,97,82,82,3,2624.0
11407,2024-08-18,2024-08-26,2024-08-21,2024-08-24,Dallas TX,XPO,Industrial,74,69,74,74,3,8880.0
11441,2024-08-18,2024-08-24,2024-08-20,2024-08-21,Ontario CA,UPS,Electronics,53,58,53,51,1,4335.0
11773,2024-08-18,2024-08-26,2024-08-23,2024-08-25,Chicago IL,UPS,Industrial,84,78,84,84,2,10080.0
11854,2024-08-18,2024-08-26,2024-08-20,2024-08-21,Chicago IL,FedEx,Industrial,93,91,93,93,1,11160.0
10080,2024-08-19,2024-08-24,2024-08-22,2024-08-24,Ontario CA,XPO,Industrial,107,109,107,107,2,12840.0
11374,2024-08-19,2024-08-26,2024-08-22,2024-08-25,Chicago IL,XPO,Industrial,85,81,85,85,3,10200.0
12192,2024-08-19,2024-08-27,2024-08-21,2024-08-23,Chicago IL,FedEx,Industrial,43,46,43,43,2,5160.0
12766,2024-08-19,2024-08-26,2024-08-21,2024-08-23,Atlanta GA,UPS,Home Goods,46,54,46,46,2,2208.0
12866,2024-08-19,2024-08-24,2024-08-20,2024-08-21,Atlanta GA,XPO,Industrial,54,57,54,54,1,6480.0
11665,2024-08-20,2024-08-25,2024-08-23,2024-08-24,Ontario CA,FedEx,Apparel,8,8,8,8,1,256.0
11731,2024-08-20,2024-08-27,2024-08-21,2024-08-24,Atlanta GA,UPS,Apparel,45,45,45,45,3,1440.0
11863,2024-08-20,2024-08-27,2024-08-21,2024-08-24,Atlanta GA,FedEx,Electronics,114,136,114,114,3,9690.0
10091,2024-08-21,2024-08-29,2024-08-23,2024-08-25,Ontario CA,FedEx,Apparel,98,82,98,98,2,3136.0
10477,2024-08-21,2024-08-26,2024-08-23,2024-08-24,Ontario CA,XPO,Electronics,53,61,53,53,1,4505.0
10812,2024-08-21,2024-08-28,2024-08-24,2024-08-26,Chicago IL,UPS,Apparel,104,87,104,104,2,3328.0
10958,2024-08-21,2024-08-28,2024-08-23,2024-08-26,Chicago IL,UPS,Electronics,23,24,23,23,3,1955.0
10963,2024-08-21,2024-08-28,2024-08-22,2024-08-25,Ontario CA,FedEx,Home Goods,82,74,82,82,3,3936.0
11076,2024-08-21,2024-08-27,2024-08-23,2024-08-25,Atlanta GA,UPS,Electronics,69,73,69,69,2,5865.0
11237,2024-08-21,2024-08-27,2024-08-24,2024-08-25,Atlanta GA,UPS,Industrial,51,47,39,39,1,4680.0
11388,2024-08-21,2024-08-28,2024-08-24,2024-08-26,Ontario CA,XPO,Apparel,73,60,73,73,2,2336.0
11680,2024-08-21,2024-08-28,2024-08-24,2024-08-27,Chicago IL,XPO,Apparel,42,47,42,42,3,1344.0
11822,2024-08-21,2024-08-29,2024-08-24,2024-08-25,Dallas TX,UPS,Electronics,28,30,28,28,1,2380.0
12532,2024-08-21,2024-08-28,2024-08-25,2024-08-27,Dallas TX,FedEx,Apparel,20,20,20,20,2,640.0
12536,2024-08-21,2024-08-26,2024-08-24,2024-08-25,Ontario CA,UPS,Electronics,77,88,77,77,1,6545.0
12758,2024-08-21,2024-08-28,2024-08-22,2024-08-25,Chicago IL,UPS,Electronics,29,34,29,29,3,2465.0
12913,2024-08-21,2024-08-27,2024-08-24,2024-08-25,Chicago IL,UPS,Apparel,48,56,48,48,1,1536.0
10710,2024-08-22,2024-08-27,2024-08-25,2024-08-28,Dallas TX,XPO,Apparel,57,63,57,57,3,1824.0
11151,2024-08-22,2024-08-28,2024-08-23,2024-08-27,Atlanta GA,UPS,Electronics,26,23,26,26,4,2210.0
11226,2024-08-22,2024-08-29,2024-08-24,2024-08-27,Chicago IL,FedEx,Home Goods,71,77,71,71,3,3408.0
11453,2024-08-22,2024-08-30,2024-08-24,2024-08-27,Chicago IL,FedEx,Electronics,16,15,16,16,3,1360.0
11707,2024-08-22,2024-08-30,2024-08-24,2024-08-25,Atlanta GA,FedEx,Electronics,56,48,56,56,1,4760.0
12754,2024-08-22,2024-08-30,2024-08-25,2024-08-28,Ontario CA,FedEx,Industrial,105,90,105,105,3,12600.0
13363,2024-08-22,2024-08-27,2024-08-24,2024-08-27,Ontario CA,UPS,Home Goods,5,5,5,5,3,240.0
10099,2024-08-23,2024-08-31,2024-08-24,2024-08-25,Atlanta GA,FedEx,Apparel,115,126,115,115,1,3680.0
10748,2024-08-23,2024-08-29,2024-08-26,2024-08-29,Ontario CA,UPS,Apparel,104,112,104,104,3,3328.0
11290,2024-08-23,2024-08-30,2024-08-26,2024-08-29,Ontario CA,XPO,Home Goods,81,88,81,81,3,3888.0
11631,2024-08-23,2024-08-28,2024-08-26,2024-08-27,Atlanta GA,UPS,Electronics,39,38,39,39,1,3315.0
12518,2024-08-23,2024-08-31,2024-08-26,2024-08-29,Chicago IL,FedEx,Industrial,28,26,28,28,3,3360.0
12861,2024-08-23,2024-08-29,2024-08-26,2024-08-29,Chicago IL,UPS,Apparel,89,76,89,89,3,2848.0
12942,2024-08-23,2024-08-29,2024-08-24,2024-08-25,Ontario CA,UPS,Apparel,61,52,61,61,1,1952.0
13134,2024-08-23,2024-08-28,2024-08-25,2024-08-27,Atlanta GA,FedEx,Industrial,18,19,18,18,2,2160.0
10724,2024-08-24,2024-08-29,2024-08-26,2024-08-28,Ontario CA,UPS,Electronics,70,68,70,70,2,5950.0
11457,2024-08-24,2024-08-29,2024-08-27,2024-08-28,Ontario CA,UPS,Industrial,50,48,50,50,1,6000.0
11704,2024-08-24,2024-08-29,2024-08-26,2024-08-29,Atlanta GA,UPS,Electronics,16,14,16,16,3,1360.0
11998,2024-08-24,2024-08-30,2024-08-27,2024-08-30,Atlanta GA,FedEx,Apparel,74,85,74,74,3,2368.0
12697,2024-08-24,2024-09-01,2024-08-27,2024-08-28,Atlanta GA,UPS,Electronics,14,16,14,14,1,1190.0
13293,2024-08-24,2024-08-31,2024-08-27,2024-08-28,Dallas TX,FedEx,Industrial,12,11,12,12,1,1440.0
10893,2024-08-25,2024-08-31,2024-08-28,2024-08-29,Ontario CA,UPS,Apparel,87,80,87,87,1,2784.0
11284,2024-08-25,2024-09-01,2024-08-29,2024-09-01,Chicago IL,XPO,Industrial,113,114,113,110,3,13200.0
11311,2024-08-25,2024-08-30,2024-08-27,2024-08-28,Chicago IL,FedEx,Electronics,117,132,117,117,1,9945.0
11860,2024-08-25,2024-08-30,2024-08-26,2024-08-27,Ontario CA,UPS,Industrial,59,70,59,59,1,7080.0
12115,2024-08-25,2024-09-01,2024-08-26,2024-08-28,Chicago IL,UPS,Electronics,28,28,28,28,2,2380.0
12992,2024-08-25,2024-08-31,2024-08-29,2024-08-31,Atlanta GA,FedEx,Industrial,36,41,36,36,2,4320.0
12997,2024-08-25,2024-08-30,2024-08-26,2024-08-28,Dallas TX,UPS,Apparel,67,79,67,67,2,2144.0
13025,2024-08-25,2024-09-02,2024-08-26,2024-08-27,Atlanta GA,UPS,Apparel,58,53,58,58,1,1856.0
10387,2024-08-26,2024-09-01,2024-08-29,2024-08-31,Atlanta GA,FedEx,Electronics,56,58,56,56,2,4760.0
13283,2024-08-26,2024-09-01,2024-08-27,2024-08-29,Dallas TX,FedEx,Electronics,6,7,6,6,2,510.0
10327,2024-08-27,2024-09-04,2024-08-29,2024-08-30,Chicago IL,UPS,Electronics,106,100,106,106,1,9010.0
12296,2024-08-27,2024-09-02,2024-08-29,2024-08-31,Dallas TX,XPO,Apparel,101,83,101,101,2,3232.0
12849,2024-08-27,2024-09-01,2024-08-29,2024-08-31,Chicago IL,FedEx,Home Goods,83,85,83,83,2,3984.0
10527,2024-08-28,2024-09-02,2024-08-30,2024-09-02,Dallas TX,XPO,Home Goods,13,15,13,13,3,624.0
10881,2024-08-28,2024-09-03,2024-08-30,2024-09-01,Ontario CA,UPS,Home Goods,28,32,28,28,2,1344.0
11289,2024-08-28,2024-09-03,2024-08-29,2024-08-30,Atlanta GA,UPS,Apparel,116,94,116,116,1,3712.0
12505,2024-08-28,2024-09-04,2024-08-30,2024-09-01,Dallas TX,FedEx,Apparel,74,61,52,52,2,1664.0
12556,2024-08-28,2024-09-03,2024-08-30,2024-09-02,Dallas TX,UPS,Apparel,95,77,95,95,3,3040.0
12803,2024-08-28,2024-09-04,2024-08-29,2024-08-30,Ontario CA,FedEx,Electronics,114,118,114,114,1,9690.0
13535,2024-08-28,2024-09-04,2024-08-30,2024-09-01,Ontario CA,FedEx,Electronics,21,24,21,21,2,1785.0
13549,2024-08-28,2024-09-05,2024-08-30,2024-09-01,Atlanta GA,UPS,Apparel,77,72,77,77,2,2464.0
10084,2024-08-29,2024-09-05,2024-08-30,2024-08-31,Dallas TX,XPO,Industrial,52,53,52,52,1,6240.0
10126,2024-08-29,2024-09-04,2024-09-01,2024-09-03,Atlanta GA,FedEx,Home Goods,77,63,77,77,2,3696.0
10590,2024-08-29,2024-09-04,2024-09-01,2024-09-04,Chicago IL,FedEx,Industrial,41,44,41,41,3,4920.0
12802,2024-08-29,2024-09-04,2024-08-31,2024-09-01,Atlanta GA,FedEx,Home Goods,24,22,24,24,1,1152.0
12806,2024-08-29,2024-09-06,2024-08-31,2024-09-01,Chicago IL,XPO,Home Goods,21,23,21,21,1,1008.0
10018,2024-08-30,2024-09-04,2024-08-31,2024-09-02,Ontario CA,UPS,Electronics,115,110,115,115,2,9775.0
11451,2024-08-30,2024-09-05,2024-09-02,2024-09-04,Chicago IL,FedEx,Apparel,53,55,53,53,2,1696.0
10727,2024-08-31,2024-09-06,2024-09-03,2024-09-06,Chicago IL,UPS,Home Goods,16,18,16,16,3,768.0
11700,2024-08-31,2024-09-06,2024-09-01,2024-09-03,Atlanta GA,FedEx,Home Goods,78,91,78,78,2,3744.0
12230,2024-08-31,2024-09-07,2024-09-03,2024-09-04,Chicago IL,XPO,Electronics,62,70,62,62,1,5270.0
13572,2024-08-31,2024-09-05,2024-09-01,2024-09-03,Ontario CA,FedEx,Apparel,27,32,24,24,2,768.0
10810,2024-09-01,2024-09-07,2024-09-02,2024-09-04,Dallas TX,FedEx,Electronics,47,55,47,47,2,3995.0
11068,2024-09-01,2024-09-08,2024-09-04,2024-09-07,Atlanta GA,UPS,Home Goods,60,56,60,60,3,2880.0
12719,2024-09-01,2024-09-08,2024-09-04,2024-09-05,Chicago IL,FedEx,Home Goods,120,109,120,120,1,5760.0
12974,2024-09-01,2024-09-07,2024-09-02,2024-09-03,Dallas TX,FedEx,Electronics,34,32,34,34,1,2890.0
13172,2024-09-01,2024-09-07,2024-09-04,2024-09-07,Atlanta GA,FedEx,Apparel,88,104,88,88,3,2816.0
13422,2024-09-01,2024-09-08,2024-09-03,2024-09-04,Dallas TX,FedEx,Electronics,54,48,54,54,1,4590.0
10220,2024-09-02,2024-09-07,2024-09-04,2024-09-05,Dallas TX,FedEx,Apparel,86,89,86,86,1,2752.0
10950,2024-09-02,2024-09-07,2024-09-03,2024-09-05,Chicago IL,FedEx,Electronics,42,35,42,42,2,3570.0
11037,2024-09-02,2024-09-07,2024-09-04,2024-09-07,Ontario CA,FedEx,Industrial,56,46,56,56,3,6720.0
12993,2024-09-02,2024-09-08,2024-09-04,2024-09-06,Atlanta GA,FedEx,Apparel,102,119,102,102,2,3264.0
10051,2024-09-03,2024-09-09,2024-09-05,2024-09-07,Ontario CA,UPS,Home Goods,7,6,7,7,2,336.0
10169,2024-09-03,2024-09-08,2024-09-06,2024-09-08,Atlanta GA,XPO,Industrial,23,26,23,23,2,2760.0
10243,2024-09-03,2024-09-11,2024-09-05,2024-09-06,Dallas TX,UPS,Electronics,33,34,33,33,1,2805.0
11043,2024-09-03,2024-09-10,2024-09-07,2024-09-10,Atlanta GA,XPO,Home Goods,54,61,54,54,3,2592.0
11221,2024-09-03,2024-09-08,2024-09-05,2024-09-06,Atlanta GA,UPS,Electronics,89,98,89,89,1,7565.0
11238,2024-09-03,2024-09-09,2024-09-04,2024-09-06,Ontario CA,UPS,Apparel,105,126,105,105,2,3360.0
12097,2024-09-03,2024-09-10,2024-09-06,2024-09-07,Ontario CA,UPS,Apparel,27,30,27,27,1,864.0
13190,2024-09-03,2024-09-11,2024-09-04,2024-09-07,Chicago IL,FedEx,Electronics,88,100,88,88,3,7480.0
10455,2024-09-04,2024-09-10,2024-09-06,2024-09-10,Chicago IL,UPS,Home Goods,91,98,58,58,4,2784.0
10779,2024-09-04,2024-09-11,2024-09-07,2024-09-10,Ontario CA,FedEx,Electronics,8,7,8,8,3,680.0
11440,2024-09-04,2024-09-10,2024-09-07,2024-09-09,Atlanta GA,UPS,Industrial,21,23,21,21,2,2520.0
12068,2024-09-04,2024-09-09,2024-09-06,2024-09-07,Atlanta GA,FedEx,Electronics,9,10,9,9,1,765.0
13188,2024-09-04,2024-09-09,2024-09-07,2024-09-09,Dallas TX,XPO,Home Goods,74,77,74,74,2,3552.0
10230,2024-09-05,2024-09-11,2024-09-10,2024-09-11,Ontario CA,XPO,Apparel,104,91,104,104,1,3328.0
10823,2024-09-05,2024-09-12,2024-09-06,2024-09-08,Atlanta GA,FedEx,Apparel,74,86,74,74,2,2368.0
11508,2024-09-05,2024-09-12,2024-09-07,2024-09-10,Atlanta GA,FedEx,Industrial,62,57,62,62,3,7440.0
11891,2024-09-05,2024-09-12,2024-09-07,2024-09-08,Atlanta GA,FedEx,Electronics,65,74,65,65,1,5525.0
11992,2024-09-05,2024-09-11,2024-09-08,2024-09-09,Ontario CA,XPO,Industrial,54,62,54,54,1,6480.0
12354,2024-09-05,2024-09-10,2024-09-10,2024-09-11,Atlanta GA,FedEx,Home Goods,93,91,93,93,1,4464.0
10179,2024-09-06,2024-09-11,2024-09-07,2024-09-09,Chicago IL,FedEx,Industrial,110,125,110,109,2,13080.0
11790,2024-09-06,2024-09-14,2024-09-07,2024-09-08,Ontario CA,XPO,Apparel,67,75,67,67,1,2144.0
13019,2024-09-06,2024-09-13,2024-09-07,2024-09-10,Ontario CA,XPO,Industrial,12,14,12,12,3,1440.0
10023,2024-09-07,2024-09-12,2024-09-10,2024-09-12,Chicago IL,UPS,Apparel,74,80,74,74,2,2368.0
10664,2024-09-07,2024-09-13,2024-09-09,2024-09-11,Chicago IL,FedEx,Apparel,78,76,78,78,2,2496.0
10848,2024-09-07,2024-09-12,2024-09-08,2024-09-11,Chicago IL,UPS,Industrial,66,70,66,66,3,7920.0
11444,2024-09-07,2024-09-12,2024-09-08,2024-09-10,Ontario CA,UPS,Electronics,36,29,36,36,2,3060.0
11899,2024-09-07,2024-09-13,2024-09-08,2024-09-10,Chicago IL,UPS,Electronics,53,44,53,53,2,4505.0
11953,2024-09-07,2024-09-13,2024-09-08,2024-09-09,Atlanta GA,UPS,Apparel,36,37,36,36,1,1152.0
12416,2024-09-07,2024-09-15,2024-09-08,2024-09-10,Dallas TX,UPS,Apparel,35,38,35,35,2,1120.0
13064,2024-09-07,2024-09-12,2024-09-08,2024-09-10,Chicago IL,UPS,Home Goods,35,30,35,35,2,1680.0
13126,2024-09-07,2024-09-12,2024-09-08,2024-09-10,Ontario CA,FedEx,Electronics,90,76,90,90,2,7650.0
13420,2024-09-07,2024-09-14,2024-09-08,2024-09-11,Atlanta GA,UPS,Electronics,108,118,108,108,3,9180.0
10608,2024-09-08,2024-09-15,2024-09-09,2024-09-10,Atlanta GA,FedEx,Home Goods,63,75,48,48,1,2304.0
11022,2024-09-08,2024-09-14,2024-09-09,2024-09-11,Atlanta GA,FedEx,Apparel,33,37,33,32,2,1024.0
12471,2024-09-08,2024-09-16,2024-09-11,2024-09-13,Dallas TX,UPS,Apparel,70,77,70,70,2,2240.0
12592,2024-09-08,2024-09-13,2024-09-10,2024-09-13,Ontario CA,FedEx,Apparel,5,6,5,5,3,160.0
12995,2024-09-08,2024-09-13,2024-09-10,2024-09-13,Dallas TX,UPS,Industrial,108,87,108,108,3,12960.0
10185,2024-09-09,2024-09-15,2024-09-12,2024-09-14,Dallas TX,FedEx,Home Goods,53,57,38,38,2,1824.0
11025,2024-09-09,2024-09-17,2024-09-12,2024-09-15,Chicago IL,FedEx,Home Goods,105,125,105,105,3,5040.0
11346,2024-09-09,2024-09-16,2024-09-11,2024-09-13,Chicago IL,FedEx,Electronics,11,12,11,11,2,935.0
11938,2024-09-09,2024-09-16,2024-09-11,2024-09-14,Ontario CA,UPS,Industrial,46,47,46,46,3,5520.0
13034,2024-09-09,2024-09-16,2024-09-10,2024-09-12,Dallas TX,FedEx,Apparel,87,76,87,87,2,2784.0
13141,2024-09-09,2024-09-17,2024-09-12,2024-09-15,Atlanta GA,UPS,Apparel,44,51,44,44,3,1408.0
13208,2024-09-09,2024-09-17,2024-09-12,2024-09-15,Chicago IL,UPS,Apparel,40,48,40,40,3,1280.0
13339,2024-09-09,2024-09-16,2024-09-11,2024-09-13,Chicago IL,UPS,Home Goods,68,67,68,68,2,3264.0
11204,2024-09-10,2024-09-15,2024-09-13,2024-09-15,Chicago IL,FedEx,Electronics,77,83,77,77,2,6545.0
12030,2024-09-10,2024-09-15,2024-09-13,2024-09-15,Ontario CA,FedEx,Apparel,112,96,112,112,2,3584.0
12644,2024-09-10,2024-09-18,2024-09-13,2024-09-16,Ontario CA,FedEx,Electronics,35,28,35,35,3,2975.0
13230,2024-09-10,2024-09-17,2024-09-12,2024-09-15,Ontario CA,UPS,Electronics,12,10,12,12,3,1020.0
10219,2024-09-11,2024-09-18,2024-09-12,2024-09-15,Atlanta GA,UPS,Apparel,93,75,93,93,3,2976.0
10236,2024-09-11,2024-09-17,2024-09-12,2024-09-14,Ontario CA,UPS,Industrial,91,84,91,91,2,10920.0
10662,2024-09-11,2024-09-17,2024-09-13,2024-09-14,Chicago IL,UPS,Industrial,53,53,53,53,1,6360.0
11104,2024-09-11,2024-09-16,2024-09-12,2024-09-13,Dallas TX,XPO,Electronics,114,93,114,114,1,9690.0
11240,2024-09-11,2024-09-16,2024-09-13,2024-09-14,Ontario CA,UPS,Apparel,29,29,29,29,1,928.0
11370,2024-09-11,2024-09-18,2024-09-16,2024-09-18,Atlanta GA,FedEx,Electronics,70,59,70,70,2,5950.0
12765,2024-09-11,2024-09-19,2024-09-13,2024-09-14,Atlanta GA,UPS,Apparel,21,21,21,21,1,672.0
11124,2024-09-12,2024-09-18,2024-09-14,2024-09-17,Chicago IL,UPS,Electronics,10,9,10,10,3,850.0
12620,2024-09-12,2024-09-18,2024-09-13,2024-09-14,Atlanta GA,FedEx,Electronics,60,58,60,60,1,5100.0
12900,2024-09-12,2024-09-18,2024-09-13,2024-09-16,Ontario CA,FedEx,Apparel,28,30,28,28,3,896.0
12934,2024-09-12,2024-09-17,2024-09-13,2024-09-15,Ontario CA,UPS,Electronics,76,63,76,76,2,6460.0
13269,2024-09-12,2024-09-17,2024-09-15,2024-09-16,Dallas TX,XPO,Apparel,111,110,78,78,1,2496.0
10370,2024-09-13,2024-09-21,2024-09-15,2024-09-16,Dallas TX,FedEx,Industrial,103,112,103,103,1,12360.0
10821,2024-09-13,2024-09-21,2024-09-16,2024-09-18,Chicago IL,FedEx,Electronics,15,14,15,15,2,1275.0
11881,2024-09-13,2024-09-18,2024-09-15,2024-09-16,Ontario CA,UPS,Electronics,26,27,26,26,1,2210.0
12563,2024-09-13,2024-09-18,2024-09-15,2024-09-17,Dallas TX,FedEx,Industrial,85,101,85,83,2,9960.0
12903,2024-09-13,2024-09-19,2024-09-16,2024-09-17,Dallas TX,FedEx,Electronics,11,9,11,11,1,935.0
13104,2024-09-13,2024-09-18,2024-09-14,2024-09-16,Ontario CA,FedEx,Apparel,61,64,61,61,2,1952.0
10329,2024-09-14,2024-09-21,2024-09-16,2024-09-21,Chicago IL,UPS,Apparel,50,56,50,50,5,1600.0
10532,2024-09-14,2024-09-19,2024-09-17,2024-09-18,Ontario CA,UPS,Home Goods,75,65,75,75,1,3600.0
10840,2024-09-14,2024-09-21,2024-09-15,2024-09-16,Atlanta GA,FedEx,Apparel,116,100,116,116,1,3712.0
11077,2024-09-14,2024-09-19,2024-09-17,2024-09-19,Chicago IL,FedEx,Electronics,13,13,13,13,2,1105.0
11708,2024-09-14,2024-09-19,2024-09-16,2024-09-19,Chicago IL,UPS,Apparel,118,124,118,118,3,3776.0
12540,2024-09-14,2024-09-22,2024-09-18,2024-09-20,Chicago IL,UPS,Apparel,72,63,72,72,2,2304.0
12562,2024-09-14,2024-09-19,2024-09-19,2024-09-20,Chicago IL,UPS,Apparel,38,45,38,38,1,1216.0
12689,2024-09-14,2024-09-20,2024-09-15,2024-09-17,Ontario CA,UPS,Apparel,15,16,15,15,2,480.0
12703,2024-09-14,2024-09-20,2024-09-16,2024-09-19,Chicago IL,UPS,Electronics,120,103,120,120,3,10200.0
10614,2024-09-15,2024-09-20,2024-09-17,2024-09-19,Ontario CA,FedEx,Home Goods,59,62,59,59,2,2832.0
11239,2024-09-15,2024-09-22,2024-09-18,2024-09-21,Dallas TX,XPO,Industrial,72,79,72,72,3,8640.0
13299,2024-09-15,2024-09-22,2024-09-16,2024-09-17,Dallas TX,XPO,Apparel,75,75,75,75,1,2400.0
11016,2024-09-16,2024-09-21,2024-09-18,2024-09-21,Atlanta GA,FedEx,Apparel,36,33,36,36,3,1152.0
12202,2024-09-16,2024-09-23,2024-09-17,2024-09-19,Chicago IL,UPS,Apparel,85,87,85,85,2,2720.0
12690,2024-09-16,2024-09-24,2024-09-20,2024-09-23,Ontario CA,UPS,Electronics,10,11,10,10,3,850.0
10385,2024-09-17,2024-09-22,2024-09-19,2024-09-22,Ontario CA,UPS,Apparel,55,44,55,54,3,1728.0
10703,2024-09-17,2024-09-24,2024-09-20,2024-09-21,Chicago IL,UPS,Home Goods,14,15,14,14,1,672.0
12254,2024-09-17,2024-09-24,2024-09-20,2024-09-22,Dallas TX,UPS,Industrial,116,115,116,116,2,13920.0
11000,2024-09-18,2024-09-25,2024-09-21,2024-09-23,Ontario CA,UPS,Apparel,63,67,50,50,2,1600.0
11262,2024-09-18,2024-09-26,2024-09-21,2024-09-23,Chicago IL,UPS,Apparel,81,88,81,81,2,2592.0
11447,2024-09-18,2024-09-23,2024-09-20,2024-09-22,Ontario CA,XPO,Apparel,93,97,93,93,2,2976.0
11616,2024-09-18,2024-09-26,2024-09-20,2024-09-21,Ontario CA,FedEx,Industrial,27,26,27,27,1,3240.0
10312,2024-09-19,2024-09-26,2024-09-22,2024-09-24,Atlanta GA,FedEx,Apparel,71,80,71,71,2,2272.0
10380,2024-09-19,2024-09-25,2024-09-22,2024-09-23,Chicago IL,UPS,Electronics,14,11,14,14,1,1190.0
12141,2024-09-19,2024-09-26,2024-09-21,2024-09-24,Atlanta GA,UPS,Industrial,76,66,76,76,3,9120.0
13402,2024-09-19,2024-09-24,2024-09-20,2024-09-22,Chicago IL,UPS,Home Goods,92,101,92,92,2,4416.0
13565,2024-09-19,2024-09-24,2024-09-21,2024-09-24,Atlanta GA,XPO,Apparel,107,118,107,107,3,3424.0
10860,2024-09-20,2024-09-27,2024-09-21,2024-09-23,Atlanta GA,UPS,Electronics,10,10,10,10,2,850.0
12137,2024-09-20,2024-09-25,2024-09-21,2024-09-23,Atlanta GA,UPS,Industrial,93,84,93,93,2,11160.0
12650,2024-09-20,2024-09-27,2024-09-22,2024-09-25,Dallas TX,FedEx,Home Goods,95,103,95,95,3,4560.0
12791,2024-09-20,2024-09-26,2024-09-21,2024-09-22,Chicago IL,FedEx,Electronics,94,82,94,94,1,7990.0
12950,2024-09-20,2024-09-26,2024-09-22,2024-09-23,Chicago IL,UPS,Apparel,98,98,98,98,1,3136.0
13021,2024-09-20,2024-09-27,2024-09-21,2024-09-22,Chicago IL,FedEx,Electronics,106,87,106,106,1,9010.0
13223,2024-09-20,2024-09-25,2024-09-22,2024-09-23,Dallas TX,FedEx,Industrial,9,8,9,9,1,1080.0
13516,2024-09-20,2024-09-27,2024-09-21,2024-09-24,Ontario CA,UPS,Home Goods,84,70,84,84,3,4032.0
10931,2024-09-21,2024-09-28,2024-09-23,2024-09-26,Dallas TX,UPS,Home Goods,107,124,107,107,3,5136.0
10956,2024-09-21,2024-09-26,2024-09-22,2024-09-25,Dallas TX,UPS,Apparel,23,23,23,23,3,736.0
11524,2024-09-21,2024-09-27,2024-09-22,2024-09-24,Chicago IL,FedEx,Industrial,32,29,32,32,2,3840.0
11988,2024-09-21,2024-09-29,2024-09-24,2024-09-25,Dallas TX,UPS,Electronics,51,55,51,51,1,4335.0
12962,2024-09-21,2024-09-29,2024-09-23,2024-09-25,Dallas TX,UPS,Home Goods,44,41,44,44,2,2112.0
10273,2024-09-22,2024-09-28,2024-09-24,2024-09-25,Ontario CA,FedEx,Industrial,9,9,9,9,1,1080.0
11357,2024-09-22,2024-09-30,2024-09-23,2024-09-24,Dallas TX,FedEx,Electronics,92,99,92,92,1,7820.0
11515,2024-09-22,2024-09-29,2024-09-23,2024-09-25,Ontario CA,FedEx,Home Goods,15,12,15,15,2,720.0
11526,2024-09-22,2024-09-30,2024-09-25,2024-09-27,Ontario CA,UPS,Home Goods,18,20,18,18,2,864.0
11685,2024-09-22,2024-09-28,2024-09-24,2024-09-26,Dallas TX,UPS,Electronics,111,116,111,111,2,9435.0
12454,2024-09-22,2024-09-29,2024-09-25,2024-09-28,Dallas TX,FedEx,Industrial,109,110,109,109,3,13080.0
13394,2024-09-22,2024-09-29,2024-09-25,2024-09-29,Atlanta GA,UPS,Industrial,97,98,97,97,4,11640.0
10128,2024-09-23,2024-10-01,2024-09-24,2024-09-25,Chicago IL,XPO,Home Goods,41,44,41,41,1,1968.0
10784,2024-09-23,2024-09-28,2024-09-24,2024-09-27,Atlanta GA,FedEx,Home Goods,23,24,23,23,3,1104.0
12312,2024-09-23,2024-09-30,2024-09-24,2024-09-26,Atlanta GA,XPO,Home Goods,26,31,26,26,2,1248.0
11097,2024-09-24,2024-09-30,2024-09-28,2024-09-29,Dallas TX,UPS,Electronics,76,62,76,76,1,6460.0
11351,2024-09-25,2024-10-02,2024-09-30,2024-10-03,Dallas TX,XPO,Apparel,77,85,77,77,3,2464.0
12136,2024-09-25,2024-10-03,2024-09-27,2024-09-30,Atlanta GA,XPO,Electronics,118,117,118,118,3,10030.0
12171,2024-09-25,2024-10-01,2024-09-28,2024-10-01,Dallas TX,UPS,Home Goods,57,49,35,35,3,1680.0
12276,2024-09-25,2024-09-30,2024-09-27,2024-09-29,Chicago IL,UPS,Electronics,69,80,69,69,2,5865.0
12353,2024-09-25,2024-10-03,2024-09-27,2024-09-29,Dallas TX,FedEx,Apparel,21,19,21,21,2,672.0
10348,2024-09-26,2024-10-01,2024-09-29,2024-10-01,Dallas TX,FedEx,Electronics,100,113,100,100,2,8500.0
10555,2024-09-26,2024-10-03,2024-09-29,2024-09-30,Atlanta GA,UPS,Home Goods,60,69,60,60,1,2880.0
11106,2024-09-26,2024-10-01,2024-09-28,2024-09-29,Chicago IL,FedEx,Apparel,86,94,86,86,1,2752.0
11387,2024-09-26,2024-10-02,2024-09-27,2024-09-29,Ontario CA,FedEx,Industrial,98,83,98,98,2,11760.0
11606,2024-09-26,2024-10-02,2024-09-29,2024-09-30,Atlanta GA,UPS,Home Goods,72,79,72,72,1,3456.0
12487,2024-09-26,2024-10-01,2024-09-27,2024-09-30,Chicago IL,UPS,Home Goods,76,67,76,76,3,3648.0
12792,2024-09-26,2024-10-03,2024-09-29,2024-10-01,Ontario CA,FedEx,Home Goods,69,70,69,69,2,3312.0
13452,2024-09-26,2024-10-01,2024-09-28,2024-09-29,Dallas TX,FedEx,Electronics,115,123,115,115,1,9775.0
10024,2024-09-27,2024-10-03,2024-09-30,2024-10-03,Dallas TX,UPS,Electronics,24,22,24,24,3,2040.0
11259,2024-09-27,2024-10-02,2024-09-30,2024-10-01,Dallas TX,FedEx,Electronics,43,50,43,43,1,3655.0
12413,2024-09-27,2024-10-03,2024-09-30,2024-10-03,Ontario CA,UPS,Home Goods,34,30,34,34,3,1632.0
12748,2024-09-27,2024-10-04,2024-09-30,2024-10-02,Atlanta GA,FedEx,Apparel,107,99,107,107,2,3424.0
13060,2024-09-27,2024-10-05,2024-09-29,2024-10-02,Ontario CA,UPS,Electronics,103,90,103,103,3,8755.0
13316,2024-09-27,2024-10-04,2024-09-29,2024-10-01,Dallas TX,UPS,Apparel,113,106,113,113,2,3616.0
10256,2024-09-28,2024-10-04,2024-10-04,2024-10-06,Ontario CA,FedEx,Electronics,118,112,118,118,2,10030.0
12287,2024-09-28,2024-10-03,2024-10-01,2024-10-04,Ontario CA,FedEx,Electronics,34,31,34,34,3,2890.0
12368,2024-09-28,2024-10-06,2024-09-29,2024-10-01,Atlanta GA,XPO,Apparel,48,42,48,48,2,1536.0
12736,2024-09-28,2024-10-06,2024-09-29,2024-10-01,Atlanta GA,UPS,Home Goods,20,17,20,20,2,960.0
11305,2024-09-29,2024-10-06,2024-10-03,2024-10-04,Chicago IL,UPS,Industrial,87,98,87,87,1,10440.0
11464,2024-09-29,2024-10-04,2024-10-02,2024-10-05,Dallas TX,UPS,Home Goods,113,114,113,113,3,5424.0
12316,2024-09-29,2024-10-07,2024-10-01,2024-10-02,Chicago IL,UPS,Industrial,19,18,19,19,1,2280.0
11109,2024-09-30,2024-10-08,2024-10-01,2024-10-02,Atlanta GA,XPO,Electronics,29,26,29,29,1,2465.0
11394,2024-09-30,2024-10-05,2024-10-01,2024-10-04,Chicago IL,FedEx,Home Goods,34,39,34,34,3,1632.0
11476,2024-09-30,2024-10-06,2024-10-03,2024-10-10,Ontario CA,FedEx,Industrial,68,60,68,68,7,8160.0
12082,2024-09-30,2024-10-08,2024-10-03,2024-10-06,Chicago IL,FedEx,Electronics,27,24,27,27,3,2295.0
12129,2024-09-30,2024-10-05,2024-10-01,2024-10-02,Dallas TX,UPS,Apparel,92,77,92,92,1,2944.0
12134,2024-09-30,2024-10-08,2024-10-01,2024-10-03,Ontario CA,UPS,Apparel,37,42,37,37,2,1184.0
12632,2024-09-30,2024-10-05,2024-10-02,2024-10-06,Atlanta GA,UPS,Apparel,103,99,103,103,4,3296.0
13036,2024-09-30,2024-10-05,2024-10-03,2024-10-05,Atlanta GA,XPO,Home Goods,47,48,47,47,2,2256.0
10809,2024-10-01,2024-10-08,2024-10-06,2024-10-09,Chicago IL,UPS,Apparel,49,52,49,49,3,1568.0
11432,2024-10-01,2024-10-07,2024-10-02,2024-10-04,Dallas TX,UPS,Home Goods,5,6,5,5,2,240.0
12228,2024-10-01,2024-10-09,2024-10-02,2024-10-03,Atlanta GA,UPS,Home Goods,17,18,17,17,1,816.0
13259,2024-10-01,2024-10-09,2024-10-03,2024-10-05,Dallas TX,XPO,Industrial,114,115,114,114,2,13680.0
13451,2024-10-01,2024-10-07,2024-10-03,2024-10-04,Chicago IL,UPS,Electronics,35,34,35,35,1,2975.0
13510,2024-10-01,2024-10-07,2024-10-04,2024-10-07,Atlanta GA,UPS,Electronics,53,44,53,53,3,4505.0
10225,2024-10-02,2024-10-10,2024-10-04,2024-10-06,Dallas TX,UPS,Home Goods,8,7,8,8,2,384.0
10368,2024-10-02,2024-10-07,2024-10-04,2024-10-06,Ontario CA,UPS,Electronics,34,28,34,34,2,2890.0
10560,2024-10-02,2024-10-10,2024-10-04,2024-10-07,Dallas TX,FedEx,Apparel,10,11,10,10,3,320.0
11629,2024-10-02,2024-10-07,2024-10-05,2024-10-06,Atlanta GA,FedEx,Apparel,100,89,100,100,1,3200.0
11709,2024-10-02,2024-10-07,2024-10-03,2024-10-04,Chicago IL,FedEx,Apparel,29,25,29,29,1,928.0
13037,2024-10-02,2024-10-09,2024-10-03,2024-10-05,Dallas TX,FedEx,Apparel,92,87,92,92,2,2944.0
13347,2024-10-02,2024-10-07,2024-10-03,2024-10-04,Dallas TX,UPS,Industrial,31,37,31,31,1,3720.0
13589,2024-10-02,2024-10-10,2024-10-05,2024-10-06,Dallas TX,UPS,Home Goods,51,57,51,51,1,2448.0
10186,2024-10-03,2024-10-11,2024-10-07,2024-10-10,Dallas TX,FedEx,Electronics,62,63,62,62,3,5270.0
10284,2024-10-03,2024-10-08,2024-10-05,2024-10-06,Chicago IL,UPS,Home Goods,120,101,120,120,1,5760.0
11192,2024-10-03,2024-10-11,2024-10-06,2024-10-09,Dallas TX,UPS,Industrial,48,41,48,48,3,5760.0
11652,2024-10-03,2024-10-09,2024-10-06,2024-10-07,Atlanta GA,UPS,Home Goods,111,92,104,104,1,4992.0
13366,2024-10-03,2024-10-11,2024-10-06,2024-10-08,Dallas TX,UPS,Electronics,5,6,5,5,2,425.0
10898,2024-10-04,2024-10-10,2024-10-07,2024-10-09,Atlanta GA,UPS,Apparel,26,22,26,26,2,832.0
10962,2024-10-04,2024-10-10,2024-10-05,2024-10-08,Dallas TX,XPO,Apparel,12,12,12,12,3,384.0
11610,2024-10-04,2024-10-09,2024-10-07,2024-10-10,Dallas TX,FedEx,Home Goods,31,32,31,31,3,1488.0
11710,2024-10-04,2024-10-10,2024-10-07,2024-10-10,Chicago IL,FedEx,Electronics,86,72,86,86,3,7310.0
11894,2024-10-04,2024-10-11,2024-10-05,2024-10-08,Ontario CA,UPS,Industrial,45,48,45,45,3,5400.0
10039,2024-10-05,2024-10-11,2024-10-08,2024-10-10,Dallas TX,FedEx,Apparel,34,32,34,34,2,1088.0
12500,2024-10-05,2024-10-11,2024-10-08,2024-10-11,Atlanta GA,FedEx,Apparel,68,76,68,68,3,2176.0
12822,2024-10-05,2024-10-11,2024-10-07,2024-10-09,Chicago IL,FedEx,Apparel,77,67,77,77,2,2464.0
13224,2024-10-05,2024-10-10,2024-10-09,2024-10-14,Atlanta GA,FedEx,Industrial,37,30,37,37,5,4440.0
13317,2024-10-05,2024-10-12,2024-10-08,2024-10-11,Chicago IL,FedEx,Industrial,58,67,58,58,3,6960.0
10079,2024-10-06,2024-10-13,2024-10-09,2024-10-10,Atlanta GA,XPO,Industrial,66,78,66,66,1,7920.0
10606,2024-10-06,2024-10-13,2024-10-07,2024-10-10,Ontario CA,XPO,Apparel,112,118,112,112,3,3584.0
12616,2024-10-06,2024-10-11,2024-10-07,2024-10-10,Chicago IL,UPS,Industrial,74,66,74,74,3,8880.0
10214,2024-10-07,2024-10-13,2024-10-08,2024-10-10,Atlanta GA,FedEx,Electronics,52,55,52,52,2,4420.0
10730,2024-10-07,2024-10-13,2024-10-10,2024-10-12,Chicago IL,FedEx,Home Goods,77,63,77,77,2,3696.0
10856,2024-10-07,2024-10-12,2024-10-08,2024-10-11,Atlanta GA,UPS,Apparel,108,120,108,108,3,3456.0
10973,2024-10-07,2024-10-14,2024-10-08,2024-10-10,Chicago IL,FedEx,Electronics,96,87,96,96,2,8160.0
11188,2024-10-07,2024-10-14,2024-10-10,2024-10-12,Ontario CA,FedEx,Apparel,116,137,116,116,2,3712.0
11211,2024-10-07,2024-10-12,2024-10-10,2024-10-12,Atlanta GA,FedEx,Apparel,64,55,64,64,2,2048.0
12080,2024-10-07,2024-10-12,2024-10-08,2024-10-10,Atlanta GA,FedEx,Electronics,68,64,68,68,2,5780.0
13271,2024-10-07,2024-10-12,2024-10-09,2024-10-12,Ontario CA,XPO,Home Goods,82,80,82,82,3,3936.0
13466,2024-10-07,2024-10-15,2024-10-10,2024-10-11,Atlanta GA,FedEx,Apparel,45,40,45,45,1,1440.0
10104,2024-10-08,2024-10-13,2024-10-09,2024-10-11,Atlanta GA,UPS,Apparel,44,43,44,44,2,1408.0
10637,2024-10-08,2024-10-15,2024-10-09,2024-10-11,Chicago IL,XPO,Electronics,101,110,101,101,2,8585.0
10829,2024-10-08,2024-10-13,2024-10-10,2024-10-13,Dallas TX,UPS,Apparel,109,106,109,109,3,3488.0
11223,2024-10-08,2024-10-14,2024-10-09,2024-10-11,Chicago IL,FedEx,Electronics,10,11,10,10,2,850.0
12154,2024-10-08,2024-10-13,2024-10-10,2024-10-12,Chicago IL,FedEx,Electronics,43,44,43,43,2,3655.0
12327,2024-10-08,2024-10-16,2024-10-11,2024-10-15,Ontario CA,FedEx,Electronics,31,32,31,31,4,2635.0
12572,2024-10-08,2024-10-14,2024-10-13,2024-10-14,Atlanta GA,XPO,Industrial,87,71,87,87,1,10440.0
12576,2024-10-08,2024-10-15,2024-10-09,2024-10-10,Dallas TX,UPS,Electronics,54,48,54,54,1,4590.0
13229,2024-10-08,2024-10-14,2024-10-09,2024-10-12,Ontario CA,XPO,Apparel,97,103,97,97,3,3104.0
10646,2024-10-09,2024-10-15,2024-10-12,2024-10-15,Chicago IL,UPS,Electronics,110,106,110,110,3,9350.0
10816,2024-10-09,2024-10-14,2024-10-11,2024-10-14,Dallas TX,UPS,Apparel,94,88,94,94,3,3008.0
11213,2024-10-09,2024-10-15,2024-10-10,2024-10-13,Ontario CA,FedEx,Industrial,66,59,66,66,3,7920.0
11675,2024-10-09,2024-10-17,2024-10-10,2024-10-11,Ontario CA,FedEx,Industrial,24,24,24,24,1,2880.0
12197,2024-10-09,2024-10-16,2024-10-12,2024-10-15,Chicago IL,XPO,Apparel,82,73,82,82,3,2624.0
12910,2024-10-09,2024-10-17,2024-10-11,2024-10-12,Ontario CA,UPS,Apparel,42,50,42,42,1,1344.0
10345,2024-10-10,2024-10-17,2024-10-11,2024-10-12,Chicago IL,UPS,Electronics,56,58,56,56,1,4760.0
10430,2024-10-10,2024-10-17,2024-10-12,2024-10-13,Ontario CA,UPS,Apparel,39,34,39,39,1,1248.0
10982,2024-10-10,2024-10-17,2024-10-12,2024-10-15,Chicago IL,UPS,Apparel,14,12,14,14,3,448.0
12016,2024-10-10,2024-10-18,2024-10-16,2024-10-19,Atlanta GA,XPO,Apparel,91,101,91,91,3,2912.0
12751,2024-10-10,2024-10-17,2024-10-11,2024-10-14,Atlanta GA,UPS,Industrial,54,50,54,54,3,6480.0
12998,2024-10-10,2024-10-18,2024-10-12,2024-10-15,Ontario CA,FedEx,Industrial,67,74,67,66,3,7920.0
13504,2024-10-10,2024-10-17,2024-10-12,2024-10-13,Ontario CA,FedEx,Apparel,45,40,45,45,1,1440.0
10536,2024-10-11,2024-10-19,2024-10-12,2024-10-13,Chicago IL,UPS,Home Goods,10,12,10,10,1,480.0
10733,2024-10-11,2024-10-17,2024-10-12,2024-10-13,Atlanta GA,XPO,Industrial,11,12,11,11,1,1320.0
12095,2024-10-11,2024-10-17,2024-10-13,2024-10-14,Dallas TX,UPS,Apparel,105,101,105,105,1,3360.0
12778,2024-10-11,2024-10-18,2024-10-14,2024-10-17,Chicago IL,XPO,Home Goods,9,11,9,9,3,432.0
12882,2024-10-11,2024-10-17,2024-10-13,2024-10-16,Chicago IL,FedEx,Industrial,6,6,6,6,3,720.0
10030,2024-10-12,2024-10-17,2024-10-13,2024-10-15,Ontario CA,UPS,Apparel,112,114,112,112,2,3584.0
10657,2024-10-12,2024-10-19,2024-10-15,2024-10-16,Atlanta GA,FedEx,Home Goods,118,105,118,118,1,5664.0
11273,2024-10-12,2024-10-20,2024-10-13,2024-10-16,Dallas TX,XPO,Electronics,46,38,46,46,3,3910.0
11585,2024-10-12,2024-10-20,2024-10-13,2024-10-15,Ontario CA,FedEx,Industrial,66,64,66,66,2,7920.0
11984,2024-10-12,2024-10-17,2024-10-14,2024-10-16,Atlanta GA,UPS,Electronics,67,59,67,67,2,5695.0
12070,2024-10-12,2024-10-19,2024-10-14,2024-10-16,Chicago IL,UPS,Industrial,24,21,24,24,2,2880.0
12313,2024-10-12,2024-10-20,2024-10-15,2024-10-16,Chicago IL,XPO,Home Goods,100,105,100,100,1,4800.0
12415,2024-10-12,2024-10-19,2024-10-13,2024-10-14,Ontario CA,FedEx,Industrial,67,65,67,67,1,8040.0
10400,2024-10-13,2024-10-21,2024-10-16,2024-10-19,Atlanta GA,XPO,Electronics,89,76,89,89,3,7565.0
10446,2024-10-13,2024-10-21,2024-10-16,2024-10-19,Dallas TX,UPS,Apparel,83,69,83,83,3,2656.0
10735,2024-10-13,2024-10-18,2024-10-16,2024-10-18,Dallas TX,UPS,Electronics,116,129,116,116,2,9860.0
11622,2024-10-13,2024-10-18,2024-10-15,2024-10-17,Dallas TX,XPO,Home Goods,19,20,19,19,2,912.0
11842,2024-10-13,2024-10-19,2024-10-14,2024-10-16,Ontario CA,XPO,Electronics,42,49,31,31,2,2635.0
12750,2024-10-13,2024-10-19,2024-10-15,2024-10-17,Chicago IL,FedEx,Industrial,31,30,31,31,2,3720.0
13165,2024-10-13,2024-10-18,2024-10-14,2024-10-16,Atlanta GA,UPS,Industrial,74,74,74,74,2,8880.0
13583,2024-10-13,2024-10-20,2024-10-14,2024-10-17,Atlanta GA,UPS,Apparel,66,60,66,66,3,2112.0
11518,2024-10-14,2024-10-22,2024-10-16,2024-10-17,Dallas TX,FedEx,Apparel,108,115,108,108,1,3456.0
12046,2024-10-14,2024-10-19,2024-10-15,2024-10-18,Dallas TX,UPS,Apparel,25,21,25,25,3,800.0
13159,2024-10-14,2024-10-20,2024-10-15,2024-10-17,Dallas TX,FedEx,Home Goods,6,6,6,6,2,288.0
13222,2024-10-14,2024-10-22,2024-10-16,2024-10-19,Chicago IL,FedEx,Electronics,98,94,92,92,3,7820.0
11100,2024-10-15,2024-10-22,2024-10-17,2024-10-19,Atlanta GA,UPS,Electronics,25,28,25,25,2,2125.0
11445,2024-10-15,2024-10-23,2024-10-17,2024-10-18,Atlanta GA,XPO,Industrial,63,59,63,63,1,7560.0
11466,2024-10-15,2024-10-21,2024-10-16,2024-10-17,Chicago IL,XPO,Industrial,90,74,76,76,1,9120.0
11786,2024-10-15,2024-10-21,2024-10-17,2024-10-18,Dallas TX,FedEx,Industrial,92,105,92,92,1,11040.0
11987,2024-10-15,2024-10-23,2024-10-18,2024-10-21,Ontario CA,UPS,Industrial,51,45,51,51,3,6120.0
12106,2024-10-15,2024-10-23,2024-10-17,2024-10-20,Chicago IL,FedEx,Electronics,115,114,115,115,3,9775.0
12391,2024-10-15,2024-10-22,2024-10-19,2024-10-22,Atlanta GA,UPS,Apparel,74,67,74,74,3,2368.0
12660,2024-10-15,2024-10-22,2024-10-18,2024-10-19,Chicago IL,FedEx,Apparel,83,97,83,83,1,2656.0
13261,2024-10-15,2024-10-20,2024-10-17,2024-10-19,Atlanta GA,UPS,Electronics,14,15,14,14,2,1190.0
11365,2024-10-16,2024-10-24,2024-10-17,2024-10-20,Ontario CA,FedEx,Industrial,36,39,36,33,3,3960.0
11798,2024-10-16,2024-10-23,2024-10-17,2024-10-20,Ontario CA,XPO,Home Goods,25,29,25,25,3,1200.0
12351,2024-10-16,2024-10-22,2024-10-19,2024-10-20,Chicago IL,UPS,Electronics,80,83,80,80,1,6800.0
12683,2024-10-16,2024-10-21,2024-10-17,2024-10-20,Atlanta GA,UPS,Electronics,42,35,42,42,3,3570.0
12722,2024-10-16,2024-10-24,2024-10-18,2024-10-21,Dallas TX,UPS,Industrial,71,77,71,71,3,8520.0
10431,2024-10-17,2024-10-25,2024-10-18,2024-10-20,Chicago IL,FedEx,Apparel,83,96,83,83,2,2656.0
10819,2024-10-17,2024-10-23,2024-10-19,2024-10-20,Chicago IL,XPO,Home Goods,96,87,89,89,1,4272.0
10944,2024-10-17,2024-10-23,2024-10-19,2024-10-20,Ontario CA,XPO,Apparel,53,62,53,53,1,1696.0
11212,2024-10-17,2024-10-22,2024-10-20,2024-10-22,Ontario CA,UPS,Electronics,65,72,65,65,2,5525.0
11761,2024-10-17,2024-10-25,2024-10-20,2024-10-21,Chicago IL,FedEx,Apparel,44,45,44,44,1,1408.0
11889,2024-10-17,2024-10-24,2024-10-20,2024-10-21,Chicago IL,FedEx,Apparel,69,66,69,69,1,2208.0
11916,2024-10-17,2024-10-23,2024-10-19,2024-10-22,Dallas TX,UPS,Industrial,15,18,15,15,3,1800.0
12460,2024-10-17,2024-10-23,2024-10-18,2024-10-21,Atlanta GA,UPS,Home Goods,14,15,14,14,3,672.0
12779,2024-10-17,2024-10-25,2024-10-18,2024-10-21,Ontario CA,FedEx,Electronics,98,103,98,98,3,8330.0
10321,2024-10-18,2024-10-25,2024-10-21,2024-10-24,Chicago IL,FedEx,Home Goods,62,58,62,62,3,2976.0
11164,2024-10-18,2024-10-23,2024-10-21,2024-10-24,Dallas TX,XPO,Apparel,102,101,102,102,3,3264.0
11177,2024-10-18,2024-10-23,2024-10-20,2024-10-23,Ontario CA,UPS,Electronics,38,33,38,38,3,3230.0
12400,2024-10-18,2024-10-23,2024-10-19,2024-10-20,Atlanta GA,UPS,Electronics,115,95,91,91,1,7735.0
12425,2024-10-18,2024-10-24,2024-10-20,2024-10-23,Atlanta GA,FedEx,Industrial,94,82,94,94,3,11280.0
12458,2024-10-18,2024-10-23,2024-10-20,2024-10-23,Atlanta GA,UPS,Home Goods,34,31,34,34,3,1632.0
12605,2024-10-18,2024-10-25,2024-10-21,2024-10-22,Atlanta GA,UPS,Apparel,99,96,99,99,1,3168.0
13127,2024-10-18,2024-10-23,2024-10-19,2024-10-21,Atlanta GA,UPS,Electronics,88,83,88,88,2,7480.0
10343,2024-10-19,2024-10-25,2024-10-24,2024-10-25,Chicago IL,UPS,Electronics,91,74,91,91,1,7735.0
12742,2024-10-19,2024-10-25,2024-10-20,2024-10-22,Atlanta GA,UPS,Home Goods,38,42,38,35,2,1680.0
10116,2024-10-20,2024-10-28,2024-10-22,2024-10-25,Ontario CA,UPS,Industrial,22,24,22,22,3,2640.0
10222,2024-10-20,2024-10-26,2024-10-22,2024-10-23,Ontario CA,UPS,Home Goods,56,47,56,56,1,2688.0
11776,2024-10-20,2024-10-28,2024-10-23,2024-10-25,Dallas TX,UPS,Apparel,68,66,68,68,2,2176.0
12421,2024-10-20,2024-10-26,2024-10-23,2024-10-25,Chicago IL,UPS,Industrial,25,27,25,25,2,3000.0
13216,2024-10-20,2024-10-25,2024-10-22,2024-10-24,Atlanta GA,UPS,Industrial,10,10,10,10,2,1200.0
13453,2024-10-20,2024-10-28,2024-10-21,2024-10-23,Chicago IL,FedEx,Apparel,31,28,31,31,2,992.0
13596,2024-10-20,2024-10-28,2024-10-21,2024-10-26,Atlanta GA,FedEx,Industrial,47,50,47,47,5,5640.0
10306,2024-10-21,2024-10-28,2024-10-24,2024-10-27,Dallas TX,XPO,Home Goods,54,52,54,54,3,2592.0
10395,2024-10-21,2024-10-27,2024-10-24,2024-10-25,Dallas TX,FedEx,Electronics,65,53,65,65,1,5525.0
11189,2024-10-21,2024-10-28,2024-10-22,2024-10-27,Chicago IL,XPO,Home Goods,54,55,54,54,5,2592.0
11436,2024-10-21,2024-10-27,2024-10-24,2024-10-28,Chicago IL,XPO,Industrial,103,112,103,103,4,12360.0
12098,2024-10-21,2024-10-29,2024-10-22,2024-10-24,Ontario CA,XPO,Apparel,116,95,116,116,2,3712.0
12167,2024-10-21,2024-10-28,2024-10-24,2024-10-25,Atlanta GA,FedEx,Home Goods,14,16,14,14,1,672.0
13505,2024-10-21,2024-10-26,2024-10-22,2024-10-25,Dallas TX,UPS,Electronics,53,46,53,53,3,4505.0
11690,2024-10-22,2024-10-28,2024-10-23,2024-10-28,Ontario CA,UPS,Electronics,34,28,34,34,5,2890.0
11868,2024-10-22,2024-10-28,2024-10-24,2024-10-27,Chicago IL,XPO,Home Goods,103,121,103,100,3,4800.0
12461,2024-10-22,2024-10-28,2024-10-25,2024-10-26,Chicago IL,FedEx,Electronics,49,54,49,49,1,4165.0
12604,2024-10-22,2024-10-27,2024-10-24,2024-10-26,Chicago IL,UPS,Home Goods,65,68,65,65,2,3120.0
12731,2024-10-22,2024-10-30,2024-10-24,2024-10-25,Chicago IL,FedEx,Electronics,38,44,38,38,1,3230.0
12870,2024-10-22,2024-10-28,2024-10-25,2024-10-27,Dallas TX,UPS,Electronics,73,79,73,73,2,6205.0
13204,2024-10-22,2024-10-28,2024-10-23,2024-10-24,Dallas TX,FedEx,Home Goods,22,25,22,22,1,1056.0
11355,2024-10-23,2024-10-28,2024-10-26,2024-10-28,Dallas TX,XPO,Apparel,62,70,62,62,2,1984.0
11927,2024-10-23,2024-10-31,2024-10-26,2024-10-27,Atlanta GA,XPO,Electronics,76,91,48,48,1,4080.0
12978,2024-10-23,2024-10-29,2024-10-24,2024-10-26,Chicago IL,FedEx,Apparel,14,13,14,14,2,448.0
10517,2024-10-24,2024-11-01,2024-10-27,2024-10-28,Ontario CA,FedEx,Industrial,13,15,13,13,1,1560.0
11243,2024-10-24,2024-10-31,2024-10-26,2024-10-27,Dallas TX,FedEx,Industrial,105,94,105,105,1,12600.0
12009,2024-10-24,2024-11-01,2024-10-27,2024-10-30,Ontario CA,FedEx,Electronics,104,99,104,104,3,8840.0
12173,2024-10-24,2024-10-29,2024-10-27,2024-10-29,Atlanta GA,UPS,Electronics,78,73,78,78,2,6630.0
12601,2024-10-24,2024-10-31,2024-10-26,2024-10-29,Atlanta GA,FedEx,Electronics,113,109,113,113,3,9605.0
12665,2024-10-24,2024-10-30,2024-10-25,2024-10-26,Dallas TX,UPS,Home Goods,78,93,78,78,1,3744.0
10943,2024-10-25,2024-10-31,2024-10-28,2024-10-30,Ontario CA,UPS,Home Goods,8,7,8,8,2,384.0
11531,2024-10-25,2024-11-01,2024-10-28,2024-10-31,Chicago IL,UPS,Home Goods,50,42,50,50,3,2400.0
11693,2024-10-25,2024-11-01,2024-10-27,2024-10-28,Chicago IL,FedEx,Apparel,111,109,111,111,1,3552.0
12367,2024-10-25,2024-11-01,2024-10-27,2024-10-30,Ontario CA,FedEx,Electronics,79,73,79,77,3,6545.0
13263,2024-10-25,2024-10-31,2024-10-27,2024-10-28,Chicago IL,XPO,Home Goods,45,37,29,29,1,1392.0
11507,2024-10-26,2024-11-02,2024-10-29,2024-11-01,Atlanta GA,UPS,Home Goods,105,87,105,105,3,5040.0
12094,2024-10-26,2024-11-02,2024-10-29,2024-10-31,Chicago IL,FedEx,Electronics,93,82,93,93,2,7905.0
12935,2024-10-26,2024-11-01,2024-10-29,2024-10-30,Dallas TX,UPS,Home Goods,25,28,25,25,1,1200.0
11415,2024-10-27,2024-11-01,2024-10-30,2024-11-01,Dallas TX,FedEx,Apparel,104,104,83,83,2,2656.0
11668,2024-10-27,2024-11-02,2024-10-28,2024-10-29,Chicago IL,FedEx,Electronics,55,65,55,55,1,4675.0
12611,2024-10-27,2024-11-03,2024-10-28,2024-10-31,Ontario CA,FedEx,Electronics,47,50,47,47,3,3995.0
13072,2024-10-27,2024-11-03,2024-10-30,2024-10-31,Ontario CA,UPS,Industrial,95,101,95,95,1,11400.0
10255,2024-10-28,2024-11-04,2024-10-29,2024-10-30,Ontario CA,FedEx,Industrial,8,7,8,8,1,960.0
10441,2024-10-28,2024-11-04,2024-10-29,2024-10-30,Dallas TX,FedEx,Electronics,76,86,76,76,1,6460.0
11255,2024-10-28,2024-11-02,2024-10-30,2024-11-01,Ontario CA,XPO,Electronics,10,11,10,10,2,850.0
11265,2024-10-28,2024-11-02,2024-10-30,2024-10-31,Ontario CA,UPS,Home Goods,76,90,76,76,1,3648.0
11574,2024-10-28,2024-11-05,2024-10-30,2024-11-02,Dallas TX,FedEx,Apparel,44,44,44,44,3,1408.0
12827,2024-10-28,2024-11-05,2024-10-31,2024-11-02,Ontario CA,UPS,Home Goods,84,68,84,84,2,4032.0
13221,2024-10-28,2024-11-04,2024-10-29,2024-10-31,Dallas TX,XPO,Industrial,38,31,38,38,2,4560.0
10033,2024-10-29,2024-11-04,2024-11-01,2024-11-03,Chicago IL,UPS,Apparel,53,57,37,37,2,1184.0
10076,2024-10-29,2024-11-03,2024-11-01,2024-11-03,Ontario CA,FedEx,Electronics,77,88,77,77,2,6545.0
10124,2024-10-29,2024-11-03,2024-11-01,2024-11-03,Ontario CA,FedEx,Apparel,61,57,61,61,2,1952.0
10305,2024-10-29,2024-11-04,2024-11-01,2024-11-03,Dallas TX,FedEx,Electronics,62,52,62,62,2,5270.0
10586,2024-10-29,2024-11-03,2024-10-31,2024-11-03,Atlanta GA,UPS,Apparel,45,52,45,45,3,1440.0
11138,2024-10-29,2024-11-06,2024-11-01,2024-11-02,Atlanta GA,UPS,Electronics,75,70,75,75,1,6375.0
11241,2024-10-29,2024-11-06,2024-11-01,2024-11-04,Atlanta GA,UPS,Home Goods,25,20,25,25,3,1200.0
12069,2024-10-29,2024-11-04,2024-11-01,2024-11-04,Atlanta GA,UPS,Apparel,48,52,48,48,3,1536.0
12511,2024-10-29,2024-11-05,2024-10-30,2024-11-01,Dallas TX,FedEx,Home Goods,56,59,56,56,2,2688.0
12543,2024-10-29,2024-11-03,2024-10-30,2024-10-31,Dallas TX,FedEx,Home Goods,38,34,38,38,1,1824.0
12767,2024-10-29,2024-11-06,2024-11-01,2024-11-03,Chicago IL,XPO,Home Goods,120,110,120,120,2,5760.0
13023,2024-10-29,2024-11-03,2024-11-01,2024-11-04,Ontario CA,FedEx,Electronics,97,101,97,97,3,8245.0
13163,2024-10-29,2024-11-06,2024-10-31,2024-11-02,Atlanta GA,FedEx,Apparel,87,73,87,87,2,2784.0
13534,2024-10-29,2024-11-04,2024-10-30,2024-10-31,Ontario CA,XPO,Electronics,96,104,96,96,1,8160.0
13571,2024-10-29,2024-11-06,2024-11-01,2024-11-03,Chicago IL,UPS,Electronics,37,34,37,37,2,3145.0
11020,2024-10-30,2024-11-04,2024-10-31,2024-11-03,Chicago IL,FedEx,Home Goods,94,78,94,94,3,4512.0
12285,2024-10-30,2024-11-04,2024-11-01,2024-11-03,Ontario CA,UPS,Home Goods,13,11,13,13,2,624.0
12733,2024-10-30,2024-11-05,2024-10-31,2024-11-02,Atlanta GA,FedEx,Electronics,22,20,22,22,2,1870.0
10770,2024-10-31,2024-11-06,2024-11-03,2024-11-06,Atlanta GA,XPO,Electronics,66,65,66,66,3,5610.0
12345,2024-10-31,2024-11-07,2024-11-02,2024-11-03,Atlanta GA,UPS,Home Goods,120,127,120,120,1,5760.0
12699,2024-10-31,2024-11-08,2024-11-03,2024-11-04,Ontario CA,FedEx,Apparel,49,48,49,49,1,1568.0
12906,2024-10-31,2024-11-08,2024-11-02,2024-11-03,Ontario CA,UPS,Apparel,18,21,18,18,1,576.0
13080,2024-10-31,2024-11-05,2024-11-01,2024-11-02,Ontario CA,FedEx,Industrial,97,94,97,97,1,11640.0
13305,2024-10-31,2024-11-07,2024-11-03,2024-11-06,Ontario CA,FedEx,Electronics,93,82,93,93,3,7905.0
10272,2024-11-01,2024-11-09,2024-11-04,2024-11-05,Chicago IL,XPO,Electronics,108,123,108,108,1,9180.0
10769,2024-11-01,2024-11-08,2024-11-02,2024-11-03,Ontario CA,XPO,Industrial,72,64,72,72,1,8640.0
11833,2024-11-01,2024-11-09,2024-11-02,2024-11-05,Atlanta GA,FedEx,Industrial,32,32,32,32,3,3840.0
12504,2024-11-01,2024-11-08,2024-11-02,2024-11-03,Chicago IL,FedEx,Home Goods,72,69,72,72,1,3456.0
13297,2024-11-01,2024-11-06,2024-11-03,2024-11-04,Dallas TX,UPS,Apparel,28,28,28,28,1,896.0
10075,2024-11-02,2024-11-08,2024-11-04,2024-11-05,Ontario CA,UPS,Home Goods,63,72,63,63,1,3024.0
11427,2024-11-02,2024-11-08,2024-11-04,2024-11-07,Chicago IL,UPS,Industrial,27,25,27,27,3,3240.0
11935,2024-11-02,2024-11-09,2024-11-03,2024-11-05,Dallas TX,FedEx,Apparel,33,35,33,33,2,1056.0
12233,2024-11-02,2024-11-10,2024-11-03,2024-11-04,Ontario CA,XPO,Apparel,79,76,79,79,1,2528.0
12252,2024-11-02,2024-11-08,2024-11-04,2024-11-05,Ontario CA,FedEx,Industrial,15,16,15,15,1,1800.0
12399,2024-11-02,2024-11-08,2024-11-05,2024-11-07,Dallas TX,FedEx,Electronics,61,72,61,61,2,5185.0
12789,2024-11-02,2024-11-09,2024-11-07,2024-11-10,Chicago IL,FedEx,Home Goods,60,50,60,60,3,2880.0
10022,2024-11-03,2024-11-08,2024-11-04,2024-11-07,Dallas TX,FedEx,Apparel,84,101,84,84,3,2688.0
10503,2024-11-03,2024-11-11,2024-11-04,2024-11-07,Ontario CA,FedEx,Industrial,90,104,78,78,3,9360.0
11626,2024-11-03,2024-11-10,2024-11-06,2024-11-09,Dallas TX,XPO,Home Goods,91,78,91,91,3,4368.0
11648,2024-11-03,2024-11-08,2024-11-05,2024-11-08,Dallas TX,FedEx,Apparel,16,15,16,16,3,512.0
11903,2024-11-03,2024-11-08,2024-11-06,2024-11-09,Ontario CA,XPO,Electronics,38,38,38,38,3,3230.0
12222,2024-11-03,2024-11-08,2024-11-08,2024-11-09,Dallas TX,FedEx,Electronics,102,89,102,102,1,8670.0
12953,2024-11-03,2024-11-10,2024-11-04,2024-11-06,Dallas TX,UPS,Industrial,26,28,26,26,2,3120.0
13398,2024-11-03,2024-11-10,2024-11-05,2024-11-08,Atlanta GA,XPO,Home Goods,61,60,61,61,3,2928.0
10507,2024-11-04,2024-11-10,2024-11-05,2024-11-07,Atlanta GA,FedEx,Electronics,79,74,79,79,2,6715.0
11765,2024-11-04,2024-11-11,2024-11-07,2024-11-08,Atlanta GA,UPS,Electronics,11,11,11,11,1,935.0
13481,2024-11-04,2024-11-09,2024-11-07,2024-11-09,Chicago IL,UPS,Apparel,76,63,76,76,2,2432.0
11802,2024-11-05,2024-11-12,2024-11-06,2024-11-08,Chicago IL,UPS,Electronics,44,43,44,44,2,3740.0
12218,2024-11-05,2024-11-13,2024-11-08,2024-11-10,Atlanta GA,FedEx,Industrial,8,8,5,5,2,600.0
13264,2024-11-05,2024-11-11,2024-11-07,2024-11-08,Ontario CA,XPO,Apparel,117,98,117,117,1,3744.0
12975,2024-11-06,2024-11-14,2024-11-08,2024-11-10,Dallas TX,FedEx,Industrial,62,64,62,62,2,7440.0
13240,2024-11-06,2024-11-11,2024-11-12,2024-11-14,Ontario CA,UPS,Industrial,66,77,66,66,2,7920.0
10589,2024-11-07,2024-11-14,2024-11-09,2024-11-11,Dallas TX,UPS,Home Goods,112,106,112,112,2,5376.0
10692,2024-11-07,2024-11-14,2024-11-08,2024-11-11,Chicago IL,UPS,Apparel,61,66,61,61,3,1952.0
11815,2024-11-07,2024-11-15,2024-11-10,2024-11-11,Atlanta GA,FedEx,Electronics,110,90,110,107,1,9095.0
12017,2024-11-07,2024-11-14,2024-11-09,2024-11-12,Atlanta GA,FedEx,Electronics,47,51,47,47,3,3995.0
12473,2024-11-07,2024-11-14,2024-11-08,2024-11-10,Ontario CA,XPO,Apparel,27,28,27,27,2,864.0
12709,2024-11-07,2024-11-13,2024-11-10,2024-11-12,Atlanta GA,FedEx,Electronics,16,16,16,16,2,1360.0
10483,2024-11-08,2024-11-16,2024-11-10,2024-11-13,Ontario CA,XPO,Electronics,100,103,100,100,3,8500.0
10715,2024-11-08,2024-11-16,2024-11-09,2024-11-12,Dallas TX,XPO,Industrial,119,125,119,119,3,14280.0
10853,2024-11-08,2024-11-15,2024-11-10,2024-11-13,Atlanta GA,XPO,Electronics,82,90,70,70,3,5950.0
13177,2024-11-08,2024-11-16,2024-11-09,2024-11-11,Ontario CA,FedEx,Industrial,91,107,91,91,2,10920.0
13258,2024-11-08,2024-11-16,2024-11-11,2024-11-12,Chicago IL,UPS,Home Goods,23,22,23,23,1,1104.0
11137,2024-11-09,2024-11-17,2024-11-12,2024-11-15,Atlanta GA,UPS,Electronics,57,52,57,57,3,4845.0
11462,2024-11-09,2024-11-14,2024-11-11,2024-11-13,Chicago IL,UPS,Home Goods,77,74,77,77,2,3696.0
11584,2024-11-09,2024-11-14,2024-11-10,2024-11-11,Chicago IL,XPO,Apparel,98,87,98,98,1,3136.0
12235,2024-11-09,2024-11-17,2024-11-10,2024-11-12,Atlanta GA,XPO,Electronics,84,97,84,84,2,7140.0
12333,2024-11-09,2024-11-15,2024-11-12,2024-11-13,Ontario CA,FedEx,Apparel,48,53,48,48,1,1536.0
12869,2024-11-09,2024-11-17,2024-11-11,2024-11-14,Atlanta GA,XPO,Electronics,15,12,15,15,3,1275.0
10012,2024-11-10,2024-11-18,2024-11-11,2024-11-14,Chicago IL,XPO,Electronics,15,13,15,15,3,1275.0
11280,2024-11-10,2024-11-17,2024-11-11,2024-11-13,Dallas TX,UPS,Electronics,26,30,26,26,2,2210.0
12236,2024-11-10,2024-11-15,2024-11-11,2024-11-14,Dallas TX,XPO,Electronics,83,97,83,83,3,7055.0
13470,2024-11-10,2024-11-18,2024-11-13,2024-11-14,Ontario CA,FedEx,Apparel,109,107,109,109,1,3488.0
10972,2024-11-11,2024-11-19,2024-11-12,2024-11-14,Ontario CA,UPS,Apparel,5,6,5,5,2,160.0
11135,2024-11-11,2024-11-17,2024-11-13,2024-11-16,Ontario CA,UPS,Industrial,54,60,54,54,3,6480.0
11342,2024-11-11,2024-11-18,2024-11-13,2024-11-14,Atlanta GA,UPS,Home Goods,91,101,91,91,1,4368.0
11758,2024-11-11,2024-11-16,2024-11-14,2024-11-16,Atlanta GA,FedEx,Electronics,102,99,102,102,2,8670.0
12567,2024-11-11,2024-11-17,2024-11-14,2024-11-17,Dallas TX,XPO,Home Goods,64,69,64,64,3,3072.0
12864,2024-11-11,2024-11-19,2024-11-12,2024-11-13,Atlanta GA,UPS,Home Goods,39,33,39,39,1,1872.0
12876,2024-11-11,2024-11-18,2024-11-14,2024-11-16,Dallas TX,XPO,Electronics,86,71,86,86,2,7310.0
13348,2024-11-11,2024-11-18,2024-11-13,2024-11-16,Dallas TX,XPO,Home Goods,70,58,70,70,3,3360.0
13577,2024-11-11,2024-11-17,2024-11-13,2024-11-16,Chicago IL,UPS,Industrial,57,51,57,57,3,6840.0
10095,2024-11-12,2024-11-20,2024-11-13,2024-11-16,Atlanta GA,FedEx,Industrial,116,99,116,116,3,13920.0
10402,2024-11-12,2024-11-18,2024-11-14,2024-11-17,Chicago IL,UPS,Home Goods,103,88,103,103,3,4944.0
11615,2024-11-12,2024-11-20,2024-11-13,2024-11-16,Chicago IL,FedEx,Electronics,40,41,40,40,3,3400.0
11649,2024-11-12,2024-11-20,2024-11-13,2024-11-15,Chicago IL,FedEx,Apparel,49,50,49,49,2,1568.0
12336,2024-11-12,2024-11-19,2024-11-15,2024-11-18,Chicago IL,FedEx,Industrial,119,106,119,119,3,14280.0
12355,2024-11-12,2024-11-20,2024-11-13,2024-11-14,Atlanta GA,UPS,Electronics,107,106,107,107,1,9095.0
12828,2024-11-12,2024-11-19,2024-11-13,2024-11-16,Chicago IL,UPS,Home Goods,92,104,92,92,3,4416.0
11242,2024-11-13,2024-11-21,2024-11-15,2024-11-18,Atlanta GA,FedEx,Industrial,116,95,116,116,3,13920.0
12119,2024-11-13,2024-11-19,2024-11-15,2024-11-18,Ontario CA,UPS,Industrial,17,15,17,17,3,2040.0
12179,2024-11-13,2024-11-19,2024-11-15,2024-11-18,Atlanta GA,XPO,Electronics,34,33,34,34,3,2890.0
12249,2024-11-13,2024-11-20,2024-11-14,2024-11-17,Chicago IL,FedEx,Electronics,102,101,102,102,3,8670.0
12724,2024-11-13,2024-11-21,2024-11-14,2024-11-16,Dallas TX,XPO,Apparel,105,91,105,103,2,3296.0
13486,2024-11-13,2024-11-18,2024-11-16,2024-11-18,Ontario CA,UPS,Home Goods,53,58,34,34,2,1632.0
10158,2024-11-14,2024-11-20,2024-11-16,2024-11-19,Atlanta GA,FedEx,Home Goods,33,29,33,33,3,1584.0
10913,2024-11-14,2024-11-19,2024-11-17,2024-11-18,Atlanta GA,FedEx,Electronics,64,66,64,64,1,5440.0
11350,2024-11-14,2024-11-22,2024-11-17,2024-11-19,Dallas TX,UPS,Industrial,106,90,106,103,2,12360.0
11380,2024-11-14,2024-11-19,2024-11-17,2024-11-19,Atlanta GA,UPS,Apparel,61,57,61,61,2,1952.0
11424,2024-11-14,2024-11-19,2024-11-15,2024-11-16,Dallas TX,FedEx,Industrial,103,112,103,103,1,12360.0
11452,2024-11-14,2024-11-22,2024-11-17,2024-11-20,Dallas TX,XPO,Industrial,22,19,22,22,3,2640.0
12737,2024-11-14,2024-11-21,2024-11-16,2024-11-18,Chicago IL,UPS,Electronics,94,78,94,94,2,7990.0
13142,2024-11-14,2024-11-19,2024-11-15,2024-11-17,Atlanta GA,FedEx,Apparel,26,25,26,26,2,832.0
10280,2024-11-15,2024-11-20,2024-11-17,2024-11-19,Ontario CA,UPS,Electronics,44,38,44,44,2,3740.0
10447,2024-11-15,2024-11-23,2024-11-18,2024-11-20,Atlanta GA,UPS,Home Goods,6,6,6,6,2,288.0
10509,2024-11-15,2024-11-22,2024-11-16,2024-11-17,Chicago IL,XPO,Home Goods,118,141,118,118,1,5664.0
11153,2024-11-15,2024-11-21,2024-11-17,2024-11-19,Dallas TX,FedEx,Electronics,16,17,16,16,2,1360.0
12359,2024-11-15,2024-11-21,2024-11-18,2024-11-19,Chicago IL,FedEx,Industrial,22,22,22,22,1,2640.0
12698,2024-11-15,2024-11-20,2024-11-17,2024-11-18,Dallas TX,FedEx,Home Goods,109,108,109,109,1,5232.0
12921,2024-11-15,2024-11-23,2024-11-18,2024-11-21,Ontario CA,UPS,Apparel,75,69,75,75,3,2400.0
13051,2024-11-15,2024-11-22,2024-11-16,2024-11-18,Dallas TX,UPS,Industrial,52,47,52,52,2,6240.0
11450,2024-11-16,2024-11-21,2024-11-18,2024-11-19,Ontario CA,UPS,Apparel,65,56,65,65,1,2080.0
12104,2024-11-16,2024-11-23,2024-11-19,2024-11-21,Ontario CA,XPO,Home Goods,38,42,38,38,2,1824.0
11172,2024-11-17,2024-11-25,2024-11-19,2024-11-21,Dallas TX,UPS,Industrial,109,106,109,109,2,13080.0
11506,2024-11-17,2024-11-25,2024-11-20,2024-11-22,Atlanta GA,UPS,Home Goods,49,57,49,49,2,2352.0
12348,2024-11-17,2024-11-22,2024-11-19,2024-11-21,Chicago IL,XPO,Apparel,68,63,68,68,2,2176.0
12820,2024-11-17,2024-11-25,2024-11-19,2024-11-21,Dallas TX,XPO,Industrial,70,66,70,70,2,8400.0
10007,2024-11-18,2024-11-25,2024-11-19,2024-11-22,Ontario CA,FedEx,Electronics,87,86,87,87,3,7395.0
10384,2024-11-18,2024-11-26,2024-11-21,2024-11-22,Atlanta GA,XPO,Apparel,57,63,57,57,1,1824.0
11197,2024-11-18,2024-11-23,2024-11-21,2024-11-23,Dallas TX,FedEx,Industrial,17,18,17,17,2,2040.0
11491,2024-11-18,2024-11-24,2024-11-19,2024-11-20,Atlanta GA,UPS,Electronics,88,90,88,88,1,7480.0
11523,2024-11-18,2024-11-23,2024-11-19,2024-11-20,Dallas TX,FedEx,Electronics,87,82,87,87,1,7395.0
11820,2024-11-18,2024-11-24,2024-11-19,2024-11-21,Dallas TX,XPO,Industrial,81,88,81,81,2,9720.0
12812,2024-11-18,2024-11-23,2024-11-20,2024-11-21,Dallas TX,XPO,Apparel,107,93,99,99,1,3168.0
13541,2024-11-18,2024-11-24,2024-11-19,2024-11-22,Dallas TX,UPS,Electronics,41,38,31,31,3,2635.0
10398,2024-11-19,2024-11-24,2024-11-20,2024-11-23,Dallas TX,FedEx,Apparel,69,82,69,69,3,2208.0
12063,2024-11-19,2024-11-27,2024-11-21,2024-11-23,Chicago IL,FedEx,Electronics,20,17,20,20,2,1700.0
12720,2024-11-19,2024-11-27,2024-11-20,2024-11-21,Ontario CA,FedEx,Electronics,45,51,45,45,1,3825.0
13270,2024-11-19,2024-11-27,2024-11-20,2024-11-21,Dallas TX,UPS,Home Goods,78,92,78,78,1,3744.0
13406,2024-11-19,2024-11-26,2024-11-20,2024-11-23,Ontario CA,UPS,Home Goods,14,12,14,14,3,672.0
10988,2024-11-20,2024-11-28,2024-11-22,2024-11-28,Chicago IL,XPO,Apparel,107,107,107,107,6,3424.0
11018,2024-11-20,2024-11-27,2024-11-23,2024-11-24,Dallas TX,XPO,Industrial,16,17,16,16,1,1920.0
11879,2024-11-20,2024-11-27,2024-11-22,2024-11-24,Chicago IL,XPO,Electronics,6,5,6,6,2,510.0
11980,2024-11-20,2024-11-27,2024-11-21,2024-11-23,Atlanta GA,XPO,Electronics,95,78,95,95,2,8075.0
12107,2024-11-20,2024-11-25,2024-11-21,2024-11-22,Chicago IL,UPS,Home Goods,31,26,31,31,1,1488.0
12474,2024-11-20,2024-11-25,2024-11-23,2024-11-26,Ontario CA,UPS,Apparel,51,55,51,51,3,1632.0
12770,2024-11-20,2024-11-26,2024-11-21,2024-11-23,Ontario CA,FedEx,Electronics,25,23,25,25,2,2125.0
12886,2024-11-20,2024-11-26,2024-11-22,2024-11-24,Atlanta GA,XPO,Electronics,34,35,34,34,2,2890.0
12989,2024-11-20,2024-11-26,2024-11-22,2024-11-25,Dallas TX,FedEx,Apparel,107,123,94,94,3,3008.0
13170,2024-11-20,2024-11-27,2024-11-21,2024-11-24,Atlanta GA,FedEx,Apparel,102,86,91,91,3,2912.0
13176,2024-11-20,2024-11-27,2024-11-21,2024-11-24,Dallas TX,FedEx,Industrial,38,33,38,38,3,4560.0
10442,2024-11-21,2024-11-27,2024-11-23,2024-11-26,Ontario CA,FedEx,Home Goods,74,65,74,74,3,3552.0
10781,2024-11-21,2024-11-26,2024-11-24,2024-11-26,Ontario CA,FedEx,Apparel,95,106,95,95,2,3040.0
10940,2024-11-21,2024-11-28,2024-11-24,2024-11-26,Chicago IL,FedEx,Electronics,46,41,46,46,2,3910.0
12245,2024-11-21,2024-11-27,2024-11-22,2024-11-24,Dallas TX,UPS,Electronics,41,36,41,41,2,3485.0
10883,2024-11-22,2024-11-30,2024-11-24,2024-11-27,Atlanta GA,UPS,Home Goods,95,81,95,95,3,4560.0
11079,2024-11-22,2024-11-29,2024-11-25,2024-11-26,Ontario CA,FedEx,Apparel,43,48,43,43,1,1376.0
11596,2024-11-22,2024-11-28,2024-11-25,2024-11-26,Ontario CA,FedEx,Electronics,100,85,100,100,1,8500.0
10725,2024-11-23,2024-11-30,2024-11-24,2024-11-26,Chicago IL,FedEx,Industrial,11,12,11,11,2,1320.0
11098,2024-11-23,2024-11-28,2024-11-26,2024-11-28,Ontario CA,FedEx,Apparel,102,93,102,102,2,3264.0
11803,2024-11-23,2024-11-28,2024-11-26,2024-11-27,Ontario CA,UPS,Home Goods,45,49,45,45,1,2160.0
13070,2024-11-23,2024-11-28,2024-11-26,2024-11-28,Ontario CA,FedEx,Electronics,48,40,48,48,2,4080.0
10152,2024-11-24,2024-11-30,2024-11-27,2024-11-28,Dallas TX,XPO,Electronics,16,17,16,16,1,1360.0
10167,2024-11-24,2024-12-01,2024-11-26,2024-11-29,Chicago IL,XPO,Electronics,71,63,71,71,3,6035.0
10313,2024-11-24,2024-11-29,2024-11-27,2024-11-30,Dallas TX,FedEx,Apparel,103,105,103,103,3,3296.0
10872,2024-11-24,2024-12-02,2024-11-30,2024-12-02,Atlanta GA,XPO,Apparel,17,15,17,17,2,544.0
11397,2024-11-24,2024-12-01,2024-11-27,2024-11-30,Dallas TX,FedEx,Electronics,63,75,63,63,3,5355.0
11715,2024-11-24,2024-12-01,2024-11-26,2024-11-29,Ontario CA,FedEx,Home Goods,105,91,105,105,3,5040.0
11764,2024-11-24,2024-12-02,2024-11-27,2024-11-30,Ontario CA,XPO,Home Goods,56,57,56,56,3,2688.0
11811,2024-11-24,2024-12-02,2024-11-25,2024-11-27,Atlanta GA,XPO,Industrial,93,87,93,93,2,11160.0
12652,2024-11-24,2024-11-30,2024-11-28,2024-12-01,Chicago IL,UPS,Apparel,79,84,79,79,3,2528.0
13046,2024-11-24,2024-11-29,2024-11-25,2024-11-28,Chicago IL,FedEx,Apparel,115,119,115,115,3,3680.0
11087,2024-11-25,2024-12-01,2024-11-27,2024-11-28,Chicago IL,UPS,Home Goods,83,74,83,83,1,3984.0
11712,2024-11-25,2024-11-30,2024-11-27,2024-11-29,Dallas TX,UPS,Home Goods,99,116,99,99,2,4752.0
12290,2024-11-25,2024-12-02,2024-11-27,2024-11-30,Dallas TX,FedEx,Electronics,41,33,41,41,3,3485.0
13236,2024-11-25,2024-12-03,2024-11-26,2024-11-29,Chicago IL,FedEx,Electronics,77,65,77,77,3,6545.0
10303,2024-11-26,2024-12-04,2024-11-29,2024-12-02,Atlanta GA,UPS,Home Goods,79,81,79,79,3,3792.0
12071,2024-11-26,2024-12-03,2024-11-28,2024-11-29,Dallas TX,UPS,Apparel,112,134,112,112,1,3584.0
12242,2024-11-26,2024-12-01,2024-11-28,2024-12-03,Ontario CA,XPO,Home Goods,66,74,66,66,5,3168.0
12891,2024-11-26,2024-12-03,2024-11-29,2024-11-30,Chicago IL,UPS,Apparel,115,104,115,115,1,3680.0
13441,2024-11-26,2024-12-04,2024-11-28,2024-11-29,Chicago IL,FedEx,Home Goods,28,33,28,28,1,1344.0
10833,2024-11-27,2024-12-02,2024-11-28,2024-11-29,Atlanta GA,UPS,Apparel,111,107,111,111,1,3552.0
10904,2024-11-27,2024-12-05,2024-11-29,2024-11-30,Dallas TX,FedEx,Electronics,108,105,108,108,1,9180.0
12761,2024-11-27,2024-12-04,2024-11-30,2024-12-03,Dallas TX,FedEx,Apparel,31,26,31,31,3,992.0
13187,2024-11-27,2024-12-05,2024-11-30,2024-12-01,Atlanta GA,FedEx,Home Goods,93,107,93,93,1,4464.0
13242,2024-11-27,2024-12-04,2024-11-30,2024-12-02,Ontario CA,XPO,Electronics,32,32,32,32,2,2720.0
10734,2024-11-28,2024-12-05,2024-11-30,2024-12-03,Atlanta GA,UPS,Electronics,57,66,57,57,3,4845.0
11487,2024-11-28,2024-12-04,2024-12-01,2024-12-02,Atlanta GA,FedEx,Apparel,31,37,31,31,1,992.0
12081,2024-11-28,2024-12-03,2024-12-01,2024-12-04,Dallas TX,UPS,Industrial,110,96,110,110,3,13200.0
12334,2024-11-28,2024-12-04,2024-12-01,2024-12-03,Ontario CA,XPO,Apparel,64,63,64,64,2,2048.0
13233,2024-11-28,2024-12-05,2024-12-01,2024-12-04,Dallas TX,UPS,Industrial,39,45,23,23,3,2760.0
13256,2024-11-28,2024-12-06,2024-11-30,2024-12-03,Chicago IL,FedEx,Electronics,98,85,98,98,3,8330.0
13368,2024-11-28,2024-12-05,2024-11-30,2024-12-01,Chicago IL,FedEx,Home Goods,11,11,11,11,1,528.0
10438,2024-11-29,2024-12-04,2024-12-02,2024-12-04,Ontario CA,FedEx,Apparel,56,46,56,56,2,1792.0
12337,2024-11-29,2024-12-07,2024-12-02,2024-12-03,Atlanta GA,UPS,Home Goods,61,57,61,61,1,2928.0
12501,2024-11-29,2024-12-04,2024-12-02,2024-12-05,Dallas TX,UPS,Electronics,54,53,54,54,3,4590.0
12700,2024-11-29,2024-12-06,2024-12-02,2024-12-05,Atlanta GA,FedEx,Industrial,104,117,104,104,3,12480.0
12813,2024-11-29,2024-12-05,2024-12-01,2024-12-02,Dallas TX,FedEx,Apparel,40,45,40,40,1,1280.0
10234,2024-11-30,2024-12-05,2024-12-01,2024-12-03,Atlanta GA,FedEx,Apparel,30,26,30,30,2,960.0
10390,2024-11-30,2024-12-08,2024-12-02,2024-12-05,Chicago IL,FedEx,Apparel,91,99,91,91,3,2912.0
11182,2024-11-30,2024-12-06,2024-12-01,2024-12-02,Ontario CA,UPS,Home Goods,101,104,101,101,1,4848.0
12624,2024-11-30,2024-12-07,2024-12-03,2024-12-05,Chicago IL,FedEx,Apparel,38,42,38,38,2,1216.0
12888,2024-11-30,2024-12-06,2024-12-02,2024-12-03,Chicago IL,FedEx,Industrial,16,16,16,16,1,1920.0
10043,2024-12-01,2024-12-09,2024-12-03,2024-12-06,Atlanta GA,FedEx,Electronics,117,111,117,117,3,9945.0
10631,2024-12-01,2024-12-09,2024-12-02,2024-12-04,Atlanta GA,XPO,Electronics,113,113,113,113,2,9605.0
12152,2024-12-01,2024-12-08,2024-12-04,2024-12-05,Chicago IL,FedEx,Apparel,40,34,40,40,1,1280.0
12302,2024-12-01,2024-12-07,2024-12-03,2024-12-05,Dallas TX,XPO,Apparel,34,35,34,34,2,1088.0
13192,2024-12-01,2024-12-08,2024-12-02,2024-12-04,Ontario CA,FedEx,Home Goods,7,8,7,7,2,336.0
10071,2024-12-02,2024-12-10,2024-12-06,2024-12-07,Ontario CA,XPO,Industrial,85,92,85,85,1,10200.0
10086,2024-12-02,2024-12-09,2024-12-03,2024-12-04,Dallas TX,FedEx,Home Goods,23,27,23,23,1,1104.0
11592,2024-12-02,2024-12-08,2024-12-05,2024-12-08,Atlanta GA,UPS,Industrial,31,30,31,31,3,3720.0
12587,2024-12-02,2024-12-08,2024-12-04,2024-12-05,Dallas TX,XPO,Home Goods,117,106,117,117,1,5616.0
11797,2024-12-03,2024-12-08,2024-12-06,2024-12-08,Dallas TX,FedEx,Electronics,7,7,7,7,2,595.0
11910,2024-12-03,2024-12-09,2024-12-04,2024-12-07,Atlanta GA,XPO,Apparel,12,11,12,12,3,384.0
13200,2024-12-03,2024-12-09,2024-12-06,2024-12-07,Chicago IL,UPS,Industrial,113,126,113,113,1,13560.0
10151,2024-12-04,2024-12-10,2024-12-06,2024-12-08,Dallas TX,UPS,Home Goods,22,18,22,22,2,1056.0
10899,2024-12-04,2024-12-09,2024-12-06,2024-12-07,Chicago IL,FedEx,Industrial,96,109,96,93,1,11160.0
13017,2024-12-04,2024-12-11,2024-12-07,2024-12-10,Atlanta GA,FedEx,Home Goods,31,34,31,31,3,1488.0
10263,2024-12-05,2024-12-10,2024-12-07,2024-12-09,Dallas TX,UPS,Home Goods,39,45,39,39,2,1872.0
12143,2024-12-05,2024-12-12,2024-12-08,2024-12-10,Chicago IL,UPS,Home Goods,55,55,55,55,2,2640.0
12144,2024-12-05,2024-12-11,2024-12-06,2024-12-07,Chicago IL,UPS,Apparel,26,25,26,26,1,832.0
12860,2024-12-05,2024-12-10,2024-12-06,2024-12-09,Ontario CA,XPO,Electronics,64,71,54,54,3,4590.0
13372,2024-12-05,2024-12-13,2024-12-07,2024-12-10,Atlanta GA,FedEx,Apparel,63,67,63,63,3,2016.0
11180,2024-12-06,2024-12-13,2024-12-09,2024-12-11,Chicago IL,UPS,Home Goods,60,58,60,60,2,2880.0
11186,2024-12-06,2024-12-14,2024-12-09,2024-12-11,Dallas TX,UPS,Electronics,117,113,117,117,2,9945.0
11230,2024-12-06,2024-12-12,2024-12-07,2024-12-08,Chicago IL,FedEx,Apparel,67,76,67,67,1,2144.0
12602,2024-12-06,2024-12-12,2024-12-09,2024-12-11,Dallas TX,XPO,Apparel,69,76,69,69,2,2208.0
13171,2024-12-06,2024-12-12,2024-12-08,2024-12-10,Ontario CA,UPS,Apparel,34,36,34,34,2,1088.0
10142,2024-12-07,2024-12-14,2024-12-10,2024-12-12,Ontario CA,FedEx,Industrial,119,120,119,119,2,14280.0
11103,2024-12-07,2024-12-13,2024-12-09,2024-12-12,Ontario CA,UPS,Electronics,63,75,63,63,3,5355.0
11201,2024-12-07,2024-12-12,2024-12-11,2024-12-14,Dallas TX,FedEx,Apparel,32,33,32,32,3,1024.0
12380,2024-12-07,2024-12-15,2024-12-10,2024-12-11,Ontario CA,FedEx,Home Goods,115,126,115,115,1,5520.0
12740,2024-12-07,2024-12-15,2024-12-13,2024-12-16,Chicago IL,UPS,Industrial,8,7,8,8,3,960.0
13514,2024-12-07,2024-12-13,2024-12-09,2024-12-11,Atlanta GA,XPO,Industrial,86,78,86,86,2,10320.0
11183,2024-12-08,2024-12-15,2024-12-09,2024-12-12,Chicago IL,FedEx,Electronics,82,82,82,82,3,6970.0
11500,2024-12-08,2024-12-13,2024-12-10,2024-12-12,Dallas TX,FedEx,Electronics,25,21,25,25,2,2125.0
11601,2024-12-08,2024-12-15,2024-12-10,2024-12-11,Ontario CA,FedEx,Industrial,67,69,67,67,1,8040.0
12105,2024-12-08,2024-12-15,2024-12-09,2024-12-10,Atlanta GA,XPO,Electronics,62,68,62,62,1,5270.0
12147,2024-12-08,2024-12-16,2024-12-10,2024-12-13,Chicago IL,FedEx,Electronics,30,25,30,30,3,2550.0
12571,2024-12-08,2024-12-15,2024-12-10,2024-12-12,Ontario CA,FedEx,Apparel,38,43,38,38,2,1216.0
12675,2024-12-08,2024-12-14,2024-12-09,2024-12-11,Atlanta GA,UPS,Industrial,25,20,25,25,2,3000.0
13320,2024-12-08,2024-12-16,2024-12-09,2024-12-10,Chicago IL,UPS,Home Goods,21,20,21,21,1,1008.0
10154,2024-12-09,2024-12-17,2024-12-11,2024-12-12,Ontario CA,XPO,Electronics,22,25,22,22,1,1870.0
10250,2024-12-09,2024-12-16,2024-12-10,2024-12-11,Atlanta GA,FedEx,Apparel,93,77,93,93,1,2976.0
10625,2024-12-09,2024-12-14,2024-12-11,2024-12-12,Ontario CA,FedEx,Home Goods,18,18,18,18,1,864.0
10659,2024-12-09,2024-12-14,2024-12-11,2024-12-13,Ontario CA,FedEx,Electronics,86,94,86,86,2,7310.0
10756,2024-12-09,2024-12-14,2024-12-11,2024-12-12,Atlanta GA,FedEx,Electronics,18,15,12,12,1,1020.0
11729,2024-12-09,2024-12-14,2024-12-10,2024-12-12,Ontario CA,UPS,Home Goods,62,64,62,62,2,2976.0
12680,2024-12-09,2024-12-16,2024-12-12,2024-12-13,Chicago IL,FedEx,Electronics,30,29,30,30,1,2550.0
13218,2024-12-09,2024-12-14,2024-12-14,2024-12-15,Chicago IL,FedEx,Home Goods,61,64,61,61,1,2928.0
10111,2024-12-10,2024-12-16,2024-12-13,2024-12-15,Chicago IL,UPS,Industrial,24,21,24,24,2,2880.0
10143,2024-12-10,2024-12-15,2024-12-12,2024-12-13,Ontario CA,UPS,Apparel,43,43,43,43,1,1376.0
10870,2024-12-10,2024-12-15,2024-12-11,2024-12-13,Atlanta GA,UPS,Industrial,83,70,83,83,2,9960.0
11218,2024-12-10,2024-12-15,2024-12-13,2024-12-16,Chicago IL,UPS,Apparel,68,61,68,68,3,2176.0
11594,2024-12-10,2024-12-16,2024-12-11,2024-12-17,Dallas TX,UPS,Apparel,84,89,84,84,6,2688.0
12701,2024-12-10,2024-12-15,2024-12-12,2024-12-15,Chicago IL,UPS,Electronics,100,93,100,100,3,8500.0
12890,2024-12-10,2024-12-17,2024-12-11,2024-12-14,Atlanta GA,UPS,Electronics,65,72,65,65,3,5525.0
11121,2024-12-11,2024-12-19,2024-12-12,2024-12-15,Ontario CA,FedEx,Electronics,44,45,44,44,3,3740.0
11335,2024-12-11,2024-12-19,2024-12-14,2024-12-17,Atlanta GA,XPO,Industrial,24,25,24,24,3,2880.0
11702,2024-12-11,2024-12-18,2024-12-14,2024-12-17,Dallas TX,FedEx,Electronics,56,58,56,56,3,4760.0
12266,2024-12-11,2024-12-16,2024-12-13,2024-12-15,Dallas TX,FedEx,Home Goods,43,40,43,43,2,2064.0
12270,2024-12-11,2024-12-16,2024-12-14,2024-12-19,Dallas TX,XPO,Apparel,42,44,42,42,5,1344.0
12385,2024-12-11,2024-12-19,2024-12-13,2024-12-14,Chicago IL,FedEx,Apparel,10,11,10,10,1,320.0
10292,2024-12-12,2024-12-19,2024-12-15,2024-12-17,Dallas TX,UPS,Apparel,98,88,98,98,2,3136.0
10585,2024-12-12,2024-12-18,2024-12-15,2024-12-18,Chicago IL,UPS,Apparel,55,61,55,55,3,1760.0
10694,2024-12-12,2024-12-17,2024-12-13,2024-12-15,Chicago IL,UPS,Apparel,56,50,56,56,2,1792.0
11366,2024-12-12,2024-12-18,2024-12-15,2024-12-18,Chicago IL,FedEx,Electronics,50,52,47,47,3,3995.0
11390,2024-12-12,2024-12-18,2024-12-13,2024-12-15,Chicago IL,XPO,Home Goods,14,12,14,14,2,672.0
11683,2024-12-12,2024-12-18,2024-12-13,2024-12-15,Ontario CA,UPS,Electronics,93,80,93,93,2,7905.0
12223,2024-12-12,2024-12-17,2024-12-13,2024-12-15,Chicago IL,XPO,Home Goods,23,25,23,23,2,1104.0
12507,2024-12-12,2024-12-19,2024-12-14,2024-12-16,Chicago IL,UPS,Electronics,109,117,109,109,2,9265.0
13095,2024-12-12,2024-12-20,2024-12-14,2024-12-16,Dallas TX,FedEx,Apparel,6,5,6,6,2,192.0
11528,2024-12-13,2024-12-20,2024-12-15,2024-12-18,Dallas TX,FedEx,Apparel,45,47,45,45,3,1440.0
11687,2024-12-13,2024-12-18,2024-12-14,2024-12-17,Chicago IL,UPS,Apparel,14,14,14,14,3,448.0
12301,2024-12-13,2024-12-21,2024-12-15,2024-12-18,Chicago IL,XPO,Electronics,52,57,52,50,3,4250.0
12863,2024-12-13,2024-12-19,2024-12-16,2024-12-19,Dallas TX,FedEx,Home Goods,120,108,120,120,3,5760.0
12968,2024-12-13,2024-12-19,2024-12-15,2024-12-20,Atlanta GA,UPS,Electronics,114,115,114,114,5,9690.0
10010,2024-12-14,2024-12-21,2024-12-17,2024-12-20,Ontario CA,FedEx,Electronics,5,6,5,5,3,425.0
11588,2024-12-14,2024-12-21,2024-12-16,2024-12-18,Dallas TX,UPS,Electronics,57,61,57,57,2,4845.0
12677,2024-12-14,2024-12-19,2024-12-16,2024-12-17,Atlanta GA,UPS,Industrial,11,12,11,11,1,1320.0
13042,2024-12-14,2024-12-22,2024-12-17,2024-12-20,Dallas TX,UPS,Industrial,119,97,119,119,3,14280.0
13595,2024-12-14,2024-12-20,2024-12-17,2024-12-20,Chicago IL,FedEx,Industrial,84,84,84,84,3,10080.0
11009,2024-12-15,2024-12-23,2024-12-17,2024-12-20,Dallas TX,FedEx,Industrial,119,107,119,119,3,14280.0
12196,2024-12-15,2024-12-23,2024-12-18,2024-12-19,Ontario CA,UPS,Industrial,22,19,22,22,1,2640.0
12347,2024-12-15,2024-12-20,2024-12-17,2024-12-20,Chicago IL,XPO,Apparel,71,66,71,71,3,2272.0
12519,2024-12-15,2024-12-23,2024-12-18,2024-12-20,Dallas TX,XPO,Home Goods,117,121,117,117,2,5616.0
12606,2024-12-15,2024-12-21,2024-12-17,2024-12-18,Ontario CA,FedEx,Home Goods,47,44,47,47,1,2256.0
12919,2024-12-15,2024-12-20,2024-12-16,2024-12-18,Atlanta GA,FedEx,Apparel,94,91,94,94,2,3008.0
10147,2024-12-16,2024-12-23,2024-12-19,2024-12-21,Atlanta GA,UPS,Apparel,29,34,29,29,2,928.0
10277,2024-12-16,2024-12-21,2024-12-18,2024-12-19,Ontario CA,FedEx,Apparel,115,125,115,115,1,3680.0
10721,2024-12-16,2024-12-21,2024-12-18,2024-12-19,Dallas TX,UPS,Apparel,42,38,42,42,1,1344.0
10969,2024-12-16,2024-12-22,2024-12-18,2024-12-20,Chicago IL,FedEx,Home Goods,18,20,18,18,2,864.0
11494,2024-12-16,2024-12-24,2024-12-19,2024-12-22,Atlanta GA,FedEx,Apparel,90,75,90,90,3,2880.0
12186,2024-12-16,2024-12-21,2024-12-19,2024-12-20,Ontario CA,XPO,Electronics,29,29,29,29,1,2465.0
10359,2024-12-17,2024-12-25,2024-12-19,2024-12-21,Atlanta GA,UPS,Electronics,95,86,95,95,2,8075.0
10787,2024-12-17,2024-12-23,2024-12-20,2024-12-21,Ontario CA,XPO,Industrial,81,83,49,49,1,5880.0
11564,2024-12-17,2024-12-22,2024-12-19,2024-12-20,Dallas TX,XPO,Electronics,42,47,42,42,1,3570.0
11876,2024-12-17,2024-12-24,2024-12-20,2024-12-23,Chicago IL,XPO,Electronics,105,125,105,105,3,8925.0
10052,2024-12-18,2024-12-25,2024-12-19,2024-12-20,Atlanta GA,FedEx,Apparel,63,57,63,63,1,2016.0
10162,2024-12-18,2024-12-26,2024-12-19,2024-12-20,Dallas TX,XPO,Home Goods,13,16,13,13,1,624.0
10319,2024-12-18,2024-12-25,2024-12-19,2024-12-22,Chicago IL,FedEx,Electronics,33,35,33,33,3,2805.0
11268,2024-12-18,2024-12-26,2024-12-22,2024-12-24,Dallas TX,XPO,Industrial,120,129,120,120,2,14400.0
12029,2024-12-18,2024-12-23,2024-12-20,2024-12-21,Atlanta GA,UPS,Industrial,33,35,33,33,1,3960.0
12215,2024-12-18,2024-12-25,2024-12-19,2024-12-20,Chicago IL,FedEx,Home Goods,73,84,73,73,1,3504.0
12393,2024-12-18,2024-12-26,2024-12-21,2024-12-24,Chicago IL,UPS,Industrial,115,135,115,115,3,13800.0
12582,2024-12-18,2024-12-23,2024-12-21,2024-12-24,Chicago IL,UPS,Home Goods,28,31,28,28,3,1344.0
12755,2024-12-18,2024-12-24,2024-12-19,2024-12-22,Dallas TX,FedEx,Electronics,5,5,5,5,3,425.0
12967,2024-12-18,2024-12-24,2024-12-19,2024-12-21,Chicago IL,XPO,Apparel,104,106,104,104,2,3328.0
13298,2024-12-18,2024-12-25,2024-12-19,2024-12-21,Chicago IL,FedEx,Apparel,93,80,93,93,2,2976.0
10196,2024-12-19,2024-12-24,2024-12-20,2024-12-23,Ontario CA,FedEx,Industrial,58,68,58,58,3,6960.0
10452,2024-12-19,2024-12-27,2024-12-21,2024-12-23,Atlanta GA,UPS,Electronics,19,16,19,19,2,1615.0
11181,2024-12-19,2024-12-25,2024-12-21,2024-12-23,Dallas TX,XPO,Electronics,107,96,107,107,2,9095.0
11236,2024-12-19,2024-12-25,2024-12-21,2024-12-22,Dallas TX,FedEx,Home Goods,71,65,71,71,1,3408.0
11957,2024-12-19,2024-12-27,2024-12-21,2024-12-23,Chicago IL,UPS,Electronics,111,105,111,111,2,9435.0
12199,2024-12-19,2024-12-24,2024-12-20,2024-12-21,Chicago IL,UPS,Electronics,43,35,43,43,1,3655.0
12201,2024-12-19,2024-12-24,2024-12-20,2024-12-23,Ontario CA,XPO,Apparel,119,122,119,119,3,3808.0
12489,2024-12-19,2024-12-26,2024-12-20,2024-12-22,Dallas TX,UPS,Home Goods,98,80,98,98,2,4704.0
13139,2024-12-19,2024-12-26,2024-12-22,2024-12-24,Chicago IL,UPS,Home Goods,106,102,106,106,2,5088.0
13219,2024-12-19,2024-12-26,2024-12-20,2024-12-23,Dallas TX,XPO,Apparel,45,49,45,45,3,1440.0
12925,2024-12-20,2024-12-26,2024-12-21,2024-12-23,Ontario CA,FedEx,Electronics,105,90,105,105,2,8925.0
12937,2024-12-20,2024-12-28,2024-12-21,2024-12-24,Chicago IL,XPO,Electronics,95,112,95,95,3,8075.0
13517,2024-12-20,2024-12-25,2024-12-21,2024-12-28,Atlanta GA,UPS,Home Goods,58,63,58,58,7,2784.0
10575,2024-12-21,2024-12-29,2024-12-23,2024-12-26,Ontario CA,FedEx,Apparel,41,45,41,41,3,1312.0
10927,2024-12-21,2024-12-27,2024-12-23,2024-12-26,Dallas TX,FedEx,Apparel,82,71,82,82,3,2624.0
11434,2024-12-21,2024-12-26,2024-12-23,2024-12-25,Atlanta GA,UPS,Industrial,118,124,118,118,2,14160.0
12538,2024-12-21,2024-12-27,2024-12-22,2024-12-24,Ontario CA,FedEx,Industrial,94,86,94,94,2,11280.0
12865,2024-12-21,2024-12-29,2024-12-24,2024-12-25,Chicago IL,UPS,Electronics,75,82,75,75,1,6375.0
12923,2024-12-21,2024-12-26,2024-12-22,2024-12-24,Dallas TX,UPS,Industrial,22,20,22,20,2,2400.0
13289,2024-12-21,2024-12-26,2024-12-22,2024-12-23,Ontario CA,XPO,Apparel,100,88,100,100,1,3200.0
13395,2024-12-21,2024-12-29,2024-12-22,2024-12-23,Chicago IL,UPS,Apparel,116,127,116,116,1,3712.0
13593,2024-12-21,2024-12-28,2024-12-22,2024-12-24,Ontario CA,UPS,Electronics,54,62,54,54,2,4590.0
10669,2024-12-22,2024-12-30,2024-12-24,2024-12-25,Ontario CA,UPS,Apparel,52,56,52,52,1,1664.0
10681,2024-12-22,2024-12-27,2024-12-25,2024-12-28,Ontario CA,XPO,Apparel,114,123,114,114,3,3648.0
11307,2024-12-22,2024-12-30,2024-12-24,2024-12-26,Chicago IL,XPO,Apparel,76,85,76,76,2,2432.0
11971,2024-12-22,2024-12-28,2024-12-25,2024-12-26,Atlanta GA,FedEx,Apparel,32,36,32,32,1,1024.0
12524,2024-12-22,2024-12-29,2024-12-23,2024-12-26,Dallas TX,UPS,Apparel,23,24,19,19,3,608.0
13129,2024-12-22,2024-12-30,2024-12-23,2024-12-25,Dallas TX,XPO,Home Goods,33,37,33,33,2,1584.0
13175,2024-12-22,2024-12-27,2024-12-24,2024-12-27,Dallas TX,FedEx,Electronics,64,75,64,64,3,5440.0
10102,2024-12-23,2024-12-29,2024-12-26,2024-12-29,Chicago IL,FedEx,Apparel,23,21,23,23,3,736.0
10526,2024-12-23,2024-12-28,2024-12-25,2024-12-27,Dallas TX,UPS,Industrial,85,80,85,85,2,10200.0
11612,2024-12-23,2024-12-31,2024-12-24,2024-12-25,Ontario CA,XPO,Electronics,28,29,28,28,1,2380.0
13393,2024-12-23,2024-12-31,2024-12-24,2024-12-26,Ontario CA,UPS,Home Goods,118,115,118,116,2,5568.0
13454,2024-12-23,2024-12-29,2024-12-24,2024-12-26,Ontario CA,XPO,Home Goods,62,72,62,62,2,2976.0
13518,2024-12-23,2024-12-29,2024-12-24,2024-12-26,Ontario CA,FedEx,Home Goods,61,53,61,61,2,2928.0
10716,2024-12-24,2025-01-01,2024-12-25,2024-12-28,Chicago IL,UPS,Industrial,6,5,6,6,3,720.0
11007,2024-12-24,2024-12-30,2024-12-25,2024-12-28,Atlanta GA,FedEx,Electronics,56,48,56,56,3,4760.0
11774,2024-12-24,2024-12-30,2024-12-25,2024-12-27,Ontario CA,FedEx,Electronics,78,86,78,78,2,6630.0
11873,2024-12-24,2024-12-31,2024-12-25,2024-12-27,Atlanta GA,XPO,Electronics,51,50,51,51,2,4335.0
11119,2024-12-25,2024-12-30,2024-12-27,2024-12-30,Ontario CA,XPO,Electronics,54,59,54,54,3,4590.0
11651,2024-12-25,2024-12-30,2024-12-28,2024-12-30,Ontario CA,XPO,Industrial,114,97,114,114,2,13680.0
11734,2024-12-25,2025-01-02,2024-12-26,2024-12-27,Atlanta GA,XPO,Industrial,113,112,113,113,1,13560.0
12449,2024-12-25,2025-01-02,2024-12-28,2024-12-29,Chicago IL,UPS,Industrial,69,82,69,69,1,8280.0
13419,2024-12-25,2024-12-31,2024-12-27,2024-12-31,Chicago IL,FedEx,Electronics,19,22,19,19,4,1615.0
13552,2024-12-25,2024-12-31,2024-12-26,2024-12-29,Dallas TX,UPS,Home Goods,53,58,53,53,3,2544.0
10701,2024-12-26,2025-01-01,2024-12-27,2024-12-29,Chicago IL,UPS,Home Goods,89,100,89,89,2,4272.0
10806,2024-12-26,2025-01-03,2024-12-29,2024-12-31,Dallas TX,FedEx,Electronics,32,28,32,32,2,2720.0
11558,2024-12-26,2025-01-02,2024-12-28,2024-12-29,Ontario CA,UPS,Industrial,73,77,62,62,1,7440.0
12010,2024-12-26,2024-12-31,2024-12-29,2024-12-31,Atlanta GA,XPO,Industrial,73,74,66,66,2,7920.0
12133,2024-12-26,2025-01-01,2024-12-27,2024-12-28,Chicago IL,UPS,Apparel,63,52,63,63,1,2016.0
12801,2024-12-26,2025-01-02,2024-12-28,2025-01-02,Ontario CA,FedEx,Home Goods,44,50,44,44,5,2112.0
13022,2024-12-26,2025-01-03,2024-12-27,2024-12-28,Dallas TX,UPS,Electronics,24,28,24,24,1,2040.0
13144,2024-12-26,2025-01-01,2024-12-28,2024-12-30,Chicago IL,XPO,Electronics,85,80,85,85,2,7225.0
13288,2024-12-26,2025-01-03,2024-12-27,2024-12-29,Dallas TX,FedEx,Industrial,55,54,55,55,2,6600.0
13371,2024-12-26,2025-01-03,2024-12-27,2024-12-28,Ontario CA,FedEx,Industrial,112,92,112,112,1,13440.0
11056,2024-12-27,2025-01-04,2024-12-29,2024-12-31,Ontario CA,UPS,Electronics,58,57,58,58,2,4930.0
11297,2024-12-27,2025-01-02,2024-12-30,2025-01-02,Atlanta GA,FedEx,Industrial,36,38,36,36,3,4320.0
11600,2024-12-27,2025-01-03,2024-12-29,2025-01-01,Dallas TX,UPS,Electronics,85,79,85,85,3,7225.0
12026,2024-12-27,2025-01-02,2024-12-29,2024-12-30,Atlanta GA,XPO,Apparel,26,25,26,26,1,832.0
12551,2024-12-27,2025-01-02,2024-12-28,2024-12-31,Dallas TX,UPS,Apparel,62,59,62,62,3,1984.0
13094,2024-12-27,2025-01-04,2024-12-29,2024-12-31,Dallas TX,UPS,Home Goods,11,13,11,11,2,528.0
11364,2024-12-28,2025-01-05,2024-12-29,2024-12-30,Ontario CA,UPS,Electronics,114,128,114,114,1,9690.0
11489,2024-12-28,2025-01-04,2024-12-29,2024-12-30,Ontario CA,FedEx,Apparel,118,124,118,118,1,3776.0
12745,2024-12-28,2025-01-03,2024-12-29,2025-01-01,Ontario CA,FedEx,Home Goods,101,98,81,81,3,3888.0
12883,2024-12-28,2025-01-04,2024-12-30,2025-01-02,Chicago IL,UPS,Apparel,112,104,112,112,3,3584.0
13047,2024-12-28,2025-01-02,2025-01-01,2025-01-02,Dallas TX,UPS,Apparel,55,52,55,55,1,1760.0
10515,2024-12-29,2025-01-05,2024-12-30,2025-01-02,Ontario CA,FedEx,Industrial,34,33,34,34,3,4080.0
12627,2024-12-29,2025-01-05,2024-12-30,2025-01-02,Atlanta GA,UPS,Electronics,27,22,27,27,3,2295.0
12721,2024-12-29,2025-01-05,2025-01-01,2025-01-04,Atlanta GA,FedEx,Electronics,92,107,92,92,3,7820.0
12003,2024-12-30,2025-01-04,2025-01-02,2025-01-04,Dallas TX,UPS,Home Goods,67,65,67,67,2,3216.0
12150,2024-12-30,2025-01-06,2024-12-31,2025-01-02,Dallas TX,UPS,Home Goods,104,110,104,104,2,4992.0
12609,2024-12-30,2025-01-05,2024-12-31,2025-01-03,Atlanta GA,XPO,Home Goods,51,60,51,51,3,2448.0
13585,2024-12-30,2025-01-05,2025-01-02,2025-01-04,Dallas TX,FedEx,Apparel,120,120,120,120,2,3840.0
11778,2024-12-31,2025-01-07,2025-01-01,2025-01-03,Chicago IL,XPO,Electronics,26,30,26,26,2,2210.0
12251,2024-12-31,2025-01-07,2025-01-03,2025-01-04,Ontario CA,FedEx,Apparel,80,95,80,80,1,2560.0
10611,2025-01-01,2025-01-09,2025-01-07,2025-01-10,Atlanta GA,XPO,Electronics,33,29,33,33,3,2805.0
11369,2025-01-01,2025-01-09,2025-01-02,2025-01-04,Chicago IL,XPO,Home Goods,116,102,116,116,2,5568.0
11569,2025-01-01,2025-01-09,2025-01-04,2025-01-06,Dallas TX,UPS,Apparel,103,106,103,103,2,3296.0
12780,2025-01-01,2025-01-08,2025-01-03,2025-01-06,Ontario CA,UPS,Industrial,111,89,111,111,3,13320.0
10244,2025-01-02,2025-01-08,2025-01-05,2025-01-07,Dallas TX,UPS,Industrial,50,59,50,50,2,6000.0
10274,2025-01-02,2025-01-09,2025-01-03,2025-01-06,Chicago IL,XPO,Apparel,117,120,117,117,3,3744.0
11411,2025-01-02,2025-01-07,2025-01-05,2025-01-06,Chicago IL,FedEx,Apparel,43,51,43,43,1,1376.0
12688,2025-01-02,2025-01-09,2025-01-05,2025-01-08,Chicago IL,XPO,Apparel,35,32,35,35,3,1120.0
12166,2025-01-03,2025-01-08,2025-01-04,2025-01-07,Ontario CA,FedEx,Apparel,11,12,11,11,3,352.0
13191,2025-01-03,2025-01-11,2025-01-06,2025-01-09,Atlanta GA,XPO,Electronics,14,15,13,13,3,1105.0
10372,2025-01-04,2025-01-11,2025-01-05,2025-01-07,Chicago IL,XPO,Industrial,35,37,35,35,2,4200.0
10591,2025-01-04,2025-01-09,2025-01-05,2025-01-06,Chicago IL,UPS,Apparel,111,107,111,111,1,3552.0
10978,2025-01-04,2025-01-12,2025-01-05,2025-01-07,Ontario CA,UPS,Industrial,32,28,32,32,2,3840.0
12908,2025-01-04,2025-01-11,2025-01-07,2025-01-09,Chicago IL,UPS,Apparel,103,87,103,103,2,3296.0
13086,2025-01-04,2025-01-12,2025-01-07,2025-01-08,Dallas TX,UPS,Electronics,28,30,28,28,1,2380.0
13247,2025-01-04,2025-01-12,2025-01-06,2025-01-08,Ontario CA,UPS,Electronics,55,62,55,55,2,4675.0
10130,2025-01-05,2025-01-13,2025-01-06,2025-01-09,Dallas TX,XPO,Apparel,106,91,106,106,3,3392.0
10338,2025-01-05,2025-01-13,2025-01-08,2025-01-10,Ontario CA,UPS,Electronics,37,33,37,37,2,3145.0
10615,2025-01-05,2025-01-13,2025-01-08,2025-01-09,Dallas TX,XPO,Apparel,33,27,33,33,1,1056.0
10768,2025-01-05,2025-01-13,2025-01-07,2025-01-08,Ontario CA,FedEx,Home Goods,32,37,32,32,1,1536.0
11142,2025-01-05,2025-01-12,2025-01-06,2025-01-09,Dallas TX,FedEx,Home Goods,13,12,13,13,3,624.0
11493,2025-01-05,2025-01-12,2025-01-06,2025-01-09,Dallas TX,UPS,Apparel,85,90,85,85,3,2720.0
11677,2025-01-05,2025-01-13,2025-01-06,2025-01-11,Ontario CA,XPO,Electronics,86,70,86,86,5,7310.0
11726,2025-01-05,2025-01-11,2025-01-07,2025-01-08,Ontario CA,XPO,Apparel,101,82,101,101,1,3232.0
11844,2025-01-05,2025-01-10,2025-01-07,2025-01-08,Atlanta GA,UPS,Industrial,75,78,75,75,1,9000.0
12036,2025-01-05,2025-01-10,2025-01-06,2025-01-08,Ontario CA,FedEx,Home Goods,28,29,28,28,2,1344.0
12111,2025-01-05,2025-01-13,2025-01-07,2025-01-08,Dallas TX,FedEx,Industrial,93,103,93,93,1,11160.0
12657,2025-01-05,2025-01-10,2025-01-07,2025-01-08,Dallas TX,XPO,Apparel,109,94,109,109,1,3488.0
13474,2025-01-05,2025-01-10,2025-01-08,2025-01-11,Atlanta GA,XPO,Apparel,69,62,69,69,3,2208.0
12545,2025-01-06,2025-01-14,2025-01-07,2025-01-10,Chicago IL,XPO,Electronics,105,108,105,105,3,8925.0
13130,2025-01-06,2025-01-12,2025-01-08,2025-01-10,Dallas TX,UPS,Apparel,72,79,72,72,2,2304.0
11410,2025-01-07,2025-01-15,2025-01-11,2025-01-13,Ontario CA,FedEx,Electronics,63,72,63,63,2,5355.0
11918,2025-01-07,2025-01-14,2025-01-10,2025-01-12,Dallas TX,XPO,Electronics,64,66,64,64,2,5440.0
12584,2025-01-07,2025-01-13,2025-01-08,2025-01-11,Atlanta GA,XPO,Apparel,18,19,18,18,3,576.0
10005,2025-01-08,2025-01-13,2025-01-11,2025-01-14,Atlanta GA,FedEx,Electronics,39,42,39,39,3,3315.0
10687,2025-01-08,2025-01-13,2025-01-14,2025-01-16,Chicago IL,UPS,Home Goods,82,85,82,82,2,3936.0
11977,2025-01-08,2025-01-14,2025-01-10,2025-01-12,Chicago IL,UPS,Industrial,80,89,80,80,2,9600.0
12941,2025-01-08,2025-01-15,2025-01-09,2025-01-15,Chicago IL,FedEx,Industrial,6,7,6,6,6,720.0
13117,2025-01-08,2025-01-16,2025-01-11,2025-01-14,Ontario CA,FedEx,Electronics,85,84,64,64,3,5440.0
11467,2025-01-09,2025-01-16,2025-01-11,2025-01-14,Ontario CA,UPS,Industrial,52,62,52,52,3,6240.0
11580,2025-01-09,2025-01-16,2025-01-10,2025-01-12,Atlanta GA,UPS,Home Goods,43,42,43,43,2,2064.0
13032,2025-01-09,2025-01-16,2025-01-10,2025-01-13,Dallas TX,FedEx,Industrial,25,26,25,25,3,3000.0
11070,2025-01-10,2025-01-17,2025-01-13,2025-01-14,Ontario CA,UPS,Industrial,48,41,48,48,1,5760.0
11345,2025-01-10,2025-01-17,2025-01-13,2025-01-14,Chicago IL,UPS,Apparel,116,126,116,116,1,3712.0
12382,2025-01-10,2025-01-16,2025-01-12,2025-01-14,Chicago IL,FedEx,Electronics,104,124,104,104,2,8840.0
12634,2025-01-10,2025-01-16,2025-01-11,2025-01-14,Dallas TX,UPS,Electronics,6,6,6,6,3,510.0
10123,2025-01-11,2025-01-19,2025-01-14,2025-01-15,Atlanta GA,XPO,Industrial,98,95,98,98,1,11760.0
12079,2025-01-11,2025-01-16,2025-01-12,2025-01-15,Atlanta GA,UPS,Electronics,49,53,49,49,3,4165.0
12420,2025-01-11,2025-01-19,2025-01-12,2025-01-15,Atlanta GA,FedEx,Electronics,88,79,88,88,3,7480.0
12608,2025-01-11,2025-01-16,2025-01-12,2025-01-14,Chicago IL,FedEx,Industrial,68,79,68,68,2,8160.0
10417,2025-01-12,2025-01-19,2025-01-14,2025-01-17,Dallas TX,UPS,Industrial,112,114,112,112,3,13440.0
10564,2025-01-12,2025-01-19,2025-01-14,2025-01-17,Ontario CA,UPS,Home Goods,16,13,16,16,3,768.0
10745,2025-01-12,2025-01-18,2025-01-15,2025-01-16,Dallas TX,UPS,Industrial,115,135,115,115,1,13800.0
10799,2025-01-12,2025-01-17,2025-01-16,2025-01-17,Dallas TX,XPO,Industrial,116,95,116,116,1,13920.0
10908,2025-01-12,2025-01-20,2025-01-17,2025-01-19,Dallas TX,UPS,Industrial,9,10,9,9,2,1080.0
11126,2025-01-12,2025-01-20,2025-01-13,2025-01-15,Dallas TX,UPS,Home Goods,9,8,9,9,2,432.0
11196,2025-01-12,2025-01-19,2025-01-13,2025-01-15,Dallas TX,FedEx,Electronics,29,23,29,29,2,2465.0
11295,2025-01-12,2025-01-19,2025-01-14,2025-01-17,Atlanta GA,XPO,Electronics,89,103,89,89,3,7565.0
11946,2025-01-12,2025-01-18,2025-01-16,2025-01-19,Atlanta GA,FedEx,Apparel,62,64,62,62,3,1984.0
12100,2025-01-12,2025-01-20,2025-01-13,2025-01-15,Ontario CA,UPS,Electronics,72,68,72,72,2,6120.0
12823,2025-01-12,2025-01-20,2025-01-15,2025-01-17,Chicago IL,UPS,Industrial,21,19,21,21,2,2520.0
12965,2025-01-12,2025-01-17,2025-01-15,2025-01-18,Ontario CA,UPS,Electronics,113,135,113,113,3,9605.0
13109,2025-01-12,2025-01-17,2025-01-15,2025-01-16,Ontario CA,FedEx,Home Goods,110,114,110,110,1,5280.0
13296,2025-01-12,2025-01-17,2025-01-13,2025-01-16,Chicago IL,FedEx,Electronics,103,84,103,103,3,8755.0
10494,2025-01-13,2025-01-21,2025-01-16,2025-01-19,Dallas TX,UPS,Electronics,49,42,49,49,3,4165.0
10629,2025-01-13,2025-01-21,2025-01-16,2025-01-17,Chicago IL,XPO,Industrial,107,128,107,107,1,12840.0
11300,2025-01-13,2025-01-18,2025-01-16,2025-01-18,Dallas TX,UPS,Electronics,55,52,55,55,2,4675.0
11678,2025-01-13,2025-01-20,2025-01-14,2025-01-15,Ontario CA,UPS,Home Goods,64,55,64,64,1,3072.0
11760,2025-01-13,2025-01-19,2025-01-19,2025-01-21,Ontario CA,UPS,Electronics,30,36,30,30,2,2550.0
11969,2025-01-13,2025-01-18,2025-01-14,2025-01-16,Dallas TX,XPO,Home Goods,32,30,32,32,2,1536.0
12035,2025-01-13,2025-01-19,2025-01-16,2025-01-19,Chicago IL,UPS,Home Goods,51,42,51,51,3,2448.0
10709,2025-01-14,2025-01-20,2025-01-16,2025-01-18,Chicago IL,UPS,Home Goods,58,63,58,58,2,2784.0
11052,2025-01-14,2025-01-19,2025-01-16,2025-01-17,Dallas TX,UPS,Electronics,5,5,5,5,1,425.0
11795,2025-01-14,2025-01-20,2025-01-20,2025-01-21,Atlanta GA,FedEx,Apparel,19,20,19,19,1,608.0
12358,2025-01-14,2025-01-22,2025-01-15,2025-01-21,Atlanta GA,UPS,Apparel,11,9,11,11,6,352.0
13491,2025-01-14,2025-01-22,2025-01-16,2025-01-18,Dallas TX,FedEx,Electronics,35,34,35,35,2,2975.0
10426,2025-01-15,2025-01-22,2025-01-16,2025-01-17,Atlanta GA,FedEx,Apparel,43,37,33,33,1,1056.0
11161,2025-01-15,2025-01-21,2025-01-18,2025-01-20,Ontario CA,FedEx,Industrial,11,10,11,11,2,1320.0
11471,2025-01-15,2025-01-21,2025-01-16,2025-01-18,Ontario CA,FedEx,Apparel,62,54,62,62,2,1984.0
12387,2025-01-15,2025-01-23,2025-01-18,2025-01-21,Dallas TX,XPO,Industrial,37,36,37,37,3,4440.0
12625,2025-01-15,2025-01-20,2025-01-17,2025-01-20,Ontario CA,UPS,Industrial,76,81,76,76,3,9120.0
12920,2025-01-15,2025-01-21,2025-01-16,2025-01-19,Chicago IL,FedEx,Industrial,82,79,82,82,3,9840.0
10354,2025-01-16,2025-01-22,2025-01-17,2025-01-18,Ontario CA,FedEx,Apparel,28,29,28,28,1,896.0
12114,2025-01-16,2025-01-21,2025-01-19,2025-01-20,Atlanta GA,UPS,Home Goods,81,84,81,81,1,3888.0
12275,2025-01-16,2025-01-21,2025-01-17,2025-01-20,Ontario CA,UPS,Apparel,113,134,113,113,3,3616.0
13447,2025-01-16,2025-01-22,2025-01-19,2025-01-22,Ontario CA,UPS,Apparel,81,94,81,81,3,2592.0
10318,2025-01-17,2025-01-22,2025-01-18,2025-01-20,Dallas TX,UPS,Industrial,76,65,76,76,2,9120.0
11115,2025-01-17,2025-01-24,2025-01-20,2025-01-21,Ontario CA,UPS,Apparel,109,104,109,109,1,3488.0
11698,2025-01-17,2025-01-22,2025-01-19,2025-01-21,Dallas TX,UPS,Electronics,74,72,74,73,2,6205.0
11878,2025-01-17,2025-01-22,2025-01-18,2025-01-21,Atlanta GA,UPS,Home Goods,30,26,30,30,3,1440.0
12374,2025-01-17,2025-01-22,2025-01-20,2025-01-23,Atlanta GA,FedEx,Home Goods,56,63,56,54,3,2592.0
12442,2025-01-17,2025-01-22,2025-01-18,2025-01-19,Atlanta GA,UPS,Apparel,50,46,50,50,1,1600.0
12669,2025-01-17,2025-01-24,2025-01-18,2025-01-19,Atlanta GA,XPO,Apparel,28,32,28,28,1,896.0
10634,2025-01-18,2025-01-25,2025-01-19,2025-01-21,Dallas TX,FedEx,Electronics,15,14,15,15,2,1275.0
10925,2025-01-18,2025-01-26,2025-01-21,2025-01-23,Chicago IL,FedEx,Electronics,65,66,65,65,2,5525.0
12361,2025-01-18,2025-01-23,2025-01-20,2025-01-23,Dallas TX,UPS,Industrial,63,70,63,63,3,7560.0
12423,2025-01-18,2025-01-23,2025-01-21,2025-01-24,Atlanta GA,FedEx,Apparel,12,13,12,12,3,384.0
13018,2025-01-18,2025-01-25,2025-01-20,2025-01-22,Ontario CA,UPS,Electronics,108,104,108,108,2,9180.0
13167,2025-01-18,2025-01-25,2025-01-22,2025-01-23,Ontario CA,FedEx,Home Goods,19,16,18,18,1,864.0
10046,2025-01-19,2025-01-25,2025-01-20,2025-01-22,Chicago IL,FedEx,Apparel,93,105,93,93,2,2976.0
10695,2025-01-19,2025-01-27,2025-01-21,2025-01-23,Dallas TX,UPS,Home Goods,115,130,115,115,2,5520.0
13189,2025-01-19,2025-01-26,2025-01-22,2025-01-24,Chicago IL,XPO,Electronics,40,34,40,40,2,3400.0
10096,2025-01-20,2025-01-25,2025-01-21,2025-01-25,Atlanta GA,FedEx,Apparel,44,48,44,44,4,1408.0
10191,2025-01-20,2025-01-26,2025-01-23,2025-01-24,Ontario CA,FedEx,Electronics,77,68,77,77,1,6545.0
10270,2025-01-20,2025-01-28,2025-01-23,2025-01-26,Ontario CA,FedEx,Industrial,64,59,64,64,3,7680.0
10471,2025-01-20,2025-01-26,2025-01-21,2025-01-24,Dallas TX,XPO,Home Goods,15,12,15,15,3,720.0
11091,2025-01-20,2025-01-25,2025-01-21,2025-01-23,Dallas TX,FedEx,Apparel,31,27,31,31,2,992.0
10193,2025-01-21,2025-01-29,2025-01-27,2025-01-30,Ontario CA,UPS,Electronics,73,73,73,73,3,6205.0
10739,2025-01-21,2025-01-26,2025-01-22,2025-01-23,Dallas TX,XPO,Apparel,102,115,102,102,1,3264.0
10815,2025-01-21,2025-01-29,2025-01-24,2025-01-27,Atlanta GA,XPO,Home Goods,91,93,91,91,3,4368.0
10836,2025-01-21,2025-01-28,2025-01-22,2025-01-23,Chicago IL,FedEx,Electronics,67,65,67,67,1,5695.0
10889,2025-01-21,2025-01-26,2025-01-22,2025-01-25,Chicago IL,XPO,Home Goods,117,106,117,114,3,5472.0
11887,2025-01-21,2025-01-26,2025-01-22,2025-01-23,Dallas TX,FedEx,Electronics,89,98,89,89,1,7565.0
12091,2025-01-21,2025-01-28,2025-01-24,2025-01-26,Ontario CA,UPS,Apparel,80,81,80,78,2,2496.0
12185,2025-01-21,2025-01-28,2025-01-23,2025-01-24,Chicago IL,FedEx,Industrial,92,104,92,92,1,11040.0
12274,2025-01-21,2025-01-29,2025-01-24,2025-01-27,Atlanta GA,FedEx,Electronics,104,97,104,104,3,8840.0
12291,2025-01-22,2025-01-27,2025-01-25,2025-01-27,Atlanta GA,UPS,Home Goods,71,59,71,71,2,3408.0
12569,2025-01-22,2025-01-29,2025-01-23,2025-01-24,Ontario CA,XPO,Industrial,109,127,109,109,1,13080.0
10453,2025-01-23,2025-01-31,2025-01-24,2025-01-26,Ontario CA,UPS,Home Goods,23,23,23,23,2,1104.0
10714,2025-01-23,2025-01-28,2025-01-25,2025-01-27,Dallas TX,FedEx,Electronics,91,82,75,75,2,6375.0
10800,2025-01-23,2025-01-29,2025-01-25,2025-01-28,Chicago IL,XPO,Electronics,79,78,79,79,3,6715.0
10845,2025-01-23,2025-01-31,2025-01-26,2025-01-29,Dallas TX,UPS,Home Goods,11,11,11,11,3,528.0
12214,2025-01-23,2025-01-31,2025-01-26,2025-01-28,Ontario CA,XPO,Electronics,118,96,118,115,2,9775.0
13079,2025-01-23,2025-01-28,2025-01-26,2025-01-28,Atlanta GA,UPS,Apparel,65,77,65,65,2,2080.0
13169,2025-01-23,2025-01-28,2025-01-24,2025-01-27,Dallas TX,XPO,Electronics,24,21,24,24,3,2040.0
10145,2025-01-24,2025-01-29,2025-01-26,2025-01-27,Chicago IL,FedEx,Electronics,94,79,94,94,1,7990.0
10987,2025-01-24,2025-01-29,2025-01-25,2025-01-26,Dallas TX,FedEx,Apparel,27,27,27,27,1,864.0
11336,2025-01-24,2025-01-30,2025-01-27,2025-01-30,Dallas TX,XPO,Industrial,99,105,99,99,3,11880.0
12130,2025-01-24,2025-01-30,2025-01-25,2025-01-26,Dallas TX,FedEx,Home Goods,119,131,119,119,1,5712.0
10081,2025-01-25,2025-02-01,2025-01-28,2025-01-29,Atlanta GA,FedEx,Industrial,34,34,34,34,1,4080.0
10317,2025-01-25,2025-02-02,2025-01-28,2025-01-31,Dallas TX,UPS,Apparel,73,65,73,73,3,2336.0
10502,2025-01-25,2025-02-01,2025-01-27,2025-01-29,Ontario CA,FedEx,Electronics,110,101,110,110,2,9350.0
10642,2025-01-25,2025-01-30,2025-01-27,2025-01-29,Ontario CA,FedEx,Electronics,54,47,54,54,2,4590.0
10685,2025-01-25,2025-02-01,2025-01-26,2025-01-28,Ontario CA,XPO,Home Goods,33,30,33,33,2,1584.0
10855,2025-01-25,2025-02-01,2025-01-26,2025-01-29,Chicago IL,FedEx,Apparel,6,5,6,6,3,192.0
11755,2025-01-25,2025-02-02,2025-01-26,2025-01-27,Chicago IL,UPS,Home Goods,47,56,47,47,1,2256.0
12153,2025-01-25,2025-02-02,2025-01-28,2025-01-29,Dallas TX,UPS,Apparel,71,79,71,71,1,2272.0
10113,2025-01-26,2025-02-01,2025-01-28,2025-01-30,Ontario CA,XPO,Apparel,109,96,109,109,2,3488.0
11669,2025-01-26,2025-02-03,2025-01-28,2025-01-30,Ontario CA,FedEx,Apparel,90,89,90,90,2,2880.0
13302,2025-01-26,2025-02-01,2025-01-27,2025-01-28,Atlanta GA,UPS,Apparel,70,69,70,70,1,2240.0
13522,2025-01-26,2025-02-02,2025-01-29,2025-02-01,Atlanta GA,UPS,Industrial,52,50,52,52,3,6240.0
11403,2025-01-27,2025-02-03,2025-01-29,2025-02-01,Atlanta GA,FedEx,Home Goods,97,87,97,97,3,4656.0
12281,2025-01-27,2025-02-01,2025-01-28,2025-01-31,Atlanta GA,UPS,Electronics,105,117,105,105,3,8925.0
13430,2025-01-27,2025-02-03,2025-01-28,2025-01-29,Atlanta GA,FedEx,Home Goods,67,64,67,67,1,3216.0
10204,2025-01-28,2025-02-05,2025-01-30,2025-02-04,Ontario CA,UPS,Industrial,67,65,67,67,5,8040.0
10671,2025-01-28,2025-02-03,2025-01-30,2025-02-01,Dallas TX,UPS,Apparel,29,33,29,29,2,928.0
11276,2025-01-28,2025-02-04,2025-01-29,2025-02-01,Chicago IL,UPS,Industrial,82,68,82,82,3,9840.0
11635,2025-01-28,2025-02-03,2025-01-30,2025-02-02,Chicago IL,XPO,Apparel,22,24,22,22,3,704.0
13234,2025-01-28,2025-02-03,2025-01-31,2025-02-03,Atlanta GA,XPO,Apparel,35,40,35,35,3,1120.0
10187,2025-01-29,2025-02-04,2025-02-01,2025-02-04,Ontario CA,FedEx,Electronics,15,16,15,15,3,1275.0
10289,2025-01-29,2025-02-04,2025-01-30,2025-02-04,Ontario CA,UPS,Home Goods,88,102,88,88,5,4224.0
10803,2025-01-29,2025-02-05,2025-01-31,2025-02-03,Dallas TX,FedEx,Electronics,109,113,109,109,3,9265.0
11463,2025-01-29,2025-02-06,2025-02-01,2025-02-04,Dallas TX,FedEx,Electronics,23,21,23,23,3,1955.0
11930,2025-01-29,2025-02-03,2025-02-01,2025-02-03,Atlanta GA,UPS,Electronics,76,80,76,76,2,6460.0
12124,2025-01-29,2025-02-04,2025-01-30,2025-02-01,Chicago IL,UPS,Electronics,109,95,109,109,2,9265.0
12756,2025-01-29,2025-02-06,2025-01-30,2025-02-01,Ontario CA,XPO,Industrial,111,104,111,110,2,13200.0
10108,2025-01-30,2025-02-06,2025-02-01,2025-02-04,Chicago IL,FedEx,Electronics,79,84,79,79,3,6715.0
10820,2025-01-30,2025-02-05,2025-02-02,2025-02-04,Dallas TX,XPO,Apparel,43,45,43,43,2,1376.0
11830,2025-01-30,2025-02-05,2025-02-01,2025-02-03,Atlanta GA,UPS,Apparel,108,104,108,108,2,3456.0
12485,2025-01-30,2025-02-05,2025-01-31,2025-02-03,Atlanta GA,FedEx,Electronics,98,111,98,98,3,8330.0
12949,2025-01-30,2025-02-04,2025-02-01,2025-02-02,Atlanta GA,UPS,Electronics,64,71,64,64,1,5440.0
13324,2025-01-30,2025-02-06,2025-02-02,2025-02-04,Ontario CA,UPS,Electronics,45,51,45,45,2,3825.0
11024,2025-01-31,2025-02-07,2025-02-01,2025-02-03,Atlanta GA,XPO,Home Goods,38,37,38,38,2,1824.0
11074,2025-01-31,2025-02-08,2025-02-03,2025-02-05,Chicago IL,UPS,Apparel,30,32,30,30,2,960.0
11393,2025-01-31,2025-02-05,2025-02-02,2025-02-03,Dallas TX,FedEx,Industrial,96,101,96,96,1,11520.0
12456,2025-01-31,2025-02-08,2025-02-03,2025-02-05,Atlanta GA,FedEx,Apparel,111,93,111,111,2,3552.0
12955,2025-01-31,2025-02-06,2025-02-04,2025-02-07,Atlanta GA,XPO,Industrial,112,93,112,112,3,13440.0
13490,2025-01-31,2025-02-06,2025-02-02,2025-02-05,Ontario CA,FedEx,Home Goods,36,30,36,36,3,1728.0
10632,2025-02-01,2025-02-08,2025-02-04,2025-02-07,Atlanta GA,UPS,Home Goods,64,56,64,64,3,3072.0
11385,2025-02-01,2025-02-09,2025-02-04,2025-02-06,Dallas TX,UPS,Industrial,73,59,73,73,2,8760.0
11545,2025-02-01,2025-02-06,2025-02-04,2025-02-05,Atlanta GA,XPO,Home Goods,56,62,56,56,1,2688.0
11662,2025-02-01,2025-02-06,2025-02-04,2025-02-05,Chicago IL,UPS,Industrial,50,54,50,50,1,6000.0
11671,2025-02-01,2025-02-06,2025-02-04,2025-02-06,Ontario CA,XPO,Electronics,32,28,32,32,2,2720.0
11674,2025-02-01,2025-02-08,2025-02-02,2025-02-03,Ontario CA,UPS,Home Goods,36,32,36,36,1,1728.0
11902,2025-02-01,2025-02-07,2025-02-04,2025-02-05,Atlanta GA,FedEx,Industrial,56,49,56,56,1,6720.0
12775,2025-02-01,2025-02-06,2025-02-03,2025-02-06,Dallas TX,UPS,Apparel,105,114,105,105,3,3360.0
13436,2025-02-01,2025-02-08,2025-02-04,2025-02-05,Ontario CA,UPS,Electronics,49,54,49,49,1,4165.0
10941,2025-02-02,2025-02-10,2025-02-03,2025-02-06,Dallas TX,FedEx,Apparel,45,42,45,45,3,1440.0
11864,2025-02-02,2025-02-10,2025-02-04,2025-02-06,Ontario CA,XPO,Electronics,43,39,43,43,2,3655.0
12808,2025-02-02,2025-02-08,2025-02-05,2025-02-06,Dallas TX,FedEx,Apparel,92,83,92,92,1,2944.0
13401,2025-02-02,2025-02-10,2025-02-03,2025-02-06,Atlanta GA,FedEx,Electronics,25,26,25,25,3,2125.0
10366,2025-02-03,2025-02-10,2025-02-05,2025-02-08,Chicago IL,FedEx,Industrial,59,62,59,59,3,7080.0
10942,2025-02-03,2025-02-11,2025-02-06,2025-02-07,Dallas TX,UPS,Electronics,78,93,78,78,1,6630.0
10975,2025-02-03,2025-02-08,2025-02-04,2025-02-06,Ontario CA,FedEx,Home Goods,82,85,82,82,2,3936.0
12039,2025-02-03,2025-02-09,2025-02-06,2025-02-08,Atlanta GA,XPO,Industrial,62,55,62,62,2,7440.0
12924,2025-02-03,2025-02-11,2025-02-04,2025-02-07,Dallas TX,UPS,Electronics,16,16,16,16,3,1360.0
13330,2025-02-03,2025-02-08,2025-02-06,2025-02-08,Dallas TX,UPS,Home Goods,60,50,60,60,2,2880.0
10691,2025-02-04,2025-02-12,2025-02-05,2025-02-08,Atlanta GA,FedEx,Apparel,29,31,29,29,3,928.0
10758,2025-02-04,2025-02-09,2025-02-07,2025-02-12,Chicago IL,UPS,Home Goods,17,16,17,17,5,816.0
11559,2025-02-04,2025-02-11,2025-02-07,2025-02-08,Ontario CA,UPS,Apparel,102,89,102,102,1,3264.0
13158,2025-02-04,2025-02-10,2025-02-06,2025-02-07,Chicago IL,FedEx,Apparel,10,10,10,10,1,320.0
10201,2025-02-05,2025-02-12,2025-02-08,2025-02-11,Atlanta GA,FedEx,Apparel,63,66,63,63,3,2016.0
11362,2025-02-05,2025-02-12,2025-02-06,2025-02-08,Ontario CA,UPS,Apparel,11,10,11,11,2,352.0
12255,2025-02-05,2025-02-11,2025-02-07,2025-02-08,Chicago IL,FedEx,Apparel,70,74,70,70,1,2240.0
10210,2025-02-06,2025-02-11,2025-02-08,2025-02-10,Atlanta GA,UPS,Apparel,53,52,53,53,2,1696.0
10542,2025-02-06,2025-02-13,2025-02-07,2025-02-08,Atlanta GA,FedEx,Industrial,110,121,110,110,1,13200.0
10790,2025-02-06,2025-02-14,2025-02-08,2025-02-10,Atlanta GA,FedEx,Electronics,31,37,31,31,2,2635.0
11862,2025-02-06,2025-02-11,2025-02-08,2025-02-11,Chicago IL,UPS,Industrial,22,23,22,22,3,2640.0
12793,2025-02-06,2025-02-13,2025-02-08,2025-02-11,Dallas TX,FedEx,Electronics,57,59,57,57,3,4845.0
13485,2025-02-06,2025-02-12,2025-02-10,2025-02-11,Ontario CA,UPS,Home Goods,39,43,39,39,1,1872.0
10391,2025-02-07,2025-02-15,2025-02-09,2025-02-12,Atlanta GA,FedEx,Electronics,78,86,78,78,3,6630.0
10832,2025-02-07,2025-02-13,2025-02-10,2025-02-13,Ontario CA,FedEx,Electronics,65,68,65,65,3,5525.0
11066,2025-02-07,2025-02-13,2025-02-10,2025-02-13,Dallas TX,XPO,Industrial,106,126,106,106,3,12720.0
11461,2025-02-07,2025-02-14,2025-02-09,2025-02-11,Dallas TX,FedEx,Apparel,41,46,41,41,2,1312.0
11565,2025-02-07,2025-02-12,2025-02-08,2025-02-14,Atlanta GA,XPO,Industrial,20,23,20,20,6,2400.0
12578,2025-02-07,2025-02-13,2025-02-09,2025-02-12,Dallas TX,FedEx,Industrial,113,129,113,113,3,13560.0
12979,2025-02-07,2025-02-13,2025-02-10,2025-02-12,Chicago IL,UPS,Industrial,6,5,6,6,2,720.0
13482,2025-02-07,2025-02-14,2025-02-08,2025-02-11,Atlanta GA,XPO,Electronics,66,58,66,66,3,5610.0
10344,2025-02-08,2025-02-13,2025-02-11,2025-02-14,Chicago IL,UPS,Apparel,99,107,99,99,3,3168.0
12157,2025-02-08,2025-02-14,2025-02-11,2025-02-13,Atlanta GA,UPS,Industrial,13,11,13,13,2,1560.0
12303,2025-02-08,2025-02-13,2025-02-12,2025-02-14,Chicago IL,FedEx,Apparel,21,22,18,18,2,576.0
12769,2025-02-08,2025-02-15,2025-02-09,2025-02-12,Ontario CA,UPS,Home Goods,24,29,24,24,3,1152.0
13367,2025-02-08,2025-02-16,2025-02-10,2025-02-11,Ontario CA,XPO,Apparel,97,83,97,97,1,3104.0
13531,2025-02-08,2025-02-16,2025-02-10,2025-02-12,Atlanta GA,XPO,Home Goods,119,116,119,119,2,5712.0
10612,2025-02-09,2025-02-15,2025-02-12,2025-02-15,Atlanta GA,UPS,Electronics,68,59,68,68,3,5780.0
10887,2025-02-09,2025-02-16,2025-02-11,2025-02-14,Chicago IL,FedEx,Industrial,25,29,22,22,3,2640.0
10935,2025-02-09,2025-02-17,2025-02-11,2025-02-13,Dallas TX,UPS,Electronics,21,23,21,21,2,1785.0
11395,2025-02-09,2025-02-16,2025-02-10,2025-02-12,Atlanta GA,UPS,Apparel,13,15,13,13,2,416.0
13048,2025-02-09,2025-02-17,2025-02-10,2025-02-13,Dallas TX,FedEx,Electronics,50,41,50,50,3,4250.0
13312,2025-02-09,2025-02-17,2025-02-10,2025-02-13,Dallas TX,UPS,Electronics,89,93,89,89,3,7565.0
11326,2025-02-10,2025-02-15,2025-02-12,2025-02-14,Dallas TX,UPS,Home Goods,27,22,27,27,2,1296.0
11429,2025-02-10,2025-02-17,2025-02-12,2025-02-14,Chicago IL,UPS,Electronics,6,6,6,3,2,255.0
10182,2025-02-11,2025-02-19,2025-02-14,2025-02-16,Atlanta GA,FedEx,Industrial,35,36,35,35,2,4200.0
10673,2025-02-11,2025-02-16,2025-02-12,2025-02-14,Dallas TX,XPO,Home Goods,109,109,109,109,2,5232.0
11331,2025-02-11,2025-02-16,2025-02-14,2025-02-16,Chicago IL,UPS,Electronics,19,17,19,19,2,1615.0
11936,2025-02-11,2025-02-17,2025-02-13,2025-02-14,Atlanta GA,UPS,Electronics,112,112,112,112,1,9520.0
12224,2025-02-11,2025-02-16,2025-02-12,2025-02-14,Ontario CA,UPS,Electronics,89,102,89,89,2,7565.0
12807,2025-02-11,2025-02-18,2025-02-13,2025-02-14,Chicago IL,UPS,Electronics,65,77,65,65,1,5525.0
12815,2025-02-11,2025-02-19,2025-02-14,2025-02-16,Chicago IL,FedEx,Home Goods,64,64,64,64,2,3072.0
13160,2025-02-11,2025-02-18,2025-02-13,2025-02-15,Ontario CA,FedEx,Home Goods,27,32,27,27,2,1296.0
10678,2025-02-12,2025-02-17,2025-02-13,2025-02-16,Dallas TX,XPO,Apparel,116,108,116,116,3,3712.0
10841,2025-02-12,2025-02-17,2025-02-14,2025-02-15,Dallas TX,UPS,Home Goods,38,40,38,38,1,1824.0
12155,2025-02-12,2025-02-19,2025-02-14,2025-02-16,Ontario CA,FedEx,Apparel,49,46,49,49,2,1568.0
10520,2025-02-13,2025-02-21,2025-02-14,2025-02-16,Ontario CA,XPO,Apparel,70,64,70,70,2,2240.0
10720,2025-02-13,2025-02-19,2025-02-14,2025-02-15,Ontario CA,FedEx,Apparel,18,20,18,18,1,576.0
13334,2025-02-13,2025-02-21,2025-02-14,2025-02-16,Dallas TX,FedEx,Apparel,62,51,62,62,2,1984.0
13408,2025-02-13,2025-02-20,2025-02-15,2025-02-17,Ontario CA,UPS,Electronics,69,73,69,69,2,5865.0
10063,2025-02-14,2025-02-19,2025-02-16,2025-02-17,Dallas TX,UPS,Industrial,45,41,45,45,1,5400.0
10101,2025-02-14,2025-02-21,2025-02-15,2025-02-18,Ontario CA,XPO,Apparel,100,94,100,100,3,3200.0
10342,2025-02-14,2025-02-20,2025-02-17,2025-02-18,Atlanta GA,UPS,Home Goods,81,67,81,81,1,3888.0
12172,2025-02-14,2025-02-22,2025-02-17,2025-02-20,Ontario CA,UPS,Industrial,17,15,17,17,3,2040.0
12220,2025-02-14,2025-02-20,2025-02-17,2025-02-20,Chicago IL,XPO,Industrial,104,107,104,104,3,12480.0
12371,2025-02-14,2025-02-19,2025-02-19,2025-02-20,Dallas TX,UPS,Home Goods,101,96,101,101,1,4848.0
12509,2025-02-14,2025-02-19,2025-02-15,2025-02-17,Chicago IL,UPS,Electronics,45,49,45,45,2,3825.0
10983,2025-02-15,2025-02-21,2025-02-17,2025-02-19,Dallas TX,UPS,Apparel,54,44,54,54,2,1728.0
11543,2025-02-15,2025-02-22,2025-02-17,2025-02-18,Dallas TX,FedEx,Electronics,79,67,79,79,1,6715.0
12554,2025-02-15,2025-02-21,2025-02-16,2025-02-18,Ontario CA,FedEx,Apparel,39,40,39,39,2,1248.0
12786,2025-02-15,2025-02-23,2025-02-17,2025-02-19,Atlanta GA,FedEx,Home Goods,88,85,88,88,2,4224.0
13275,2025-02-15,2025-02-22,2025-02-17,2025-02-18,Ontario CA,XPO,Apparel,46,53,46,46,1,1472.0
13460,2025-02-15,2025-02-21,2025-02-18,2025-02-20,Ontario CA,FedEx,Electronics,28,31,28,28,2,2380.0
10140,2025-02-16,2025-02-23,2025-02-17,2025-02-19,Ontario CA,FedEx,Apparel,76,67,76,76,2,2432.0
11425,2025-02-16,2025-02-23,2025-02-18,2025-02-19,Chicago IL,FedEx,Electronics,119,109,119,119,1,10115.0
11688,2025-02-16,2025-02-22,2025-02-17,2025-02-18,Chicago IL,UPS,Home Goods,31,27,31,31,1,1488.0
12438,2025-02-16,2025-02-22,2025-02-17,2025-02-23,Ontario CA,FedEx,Industrial,82,74,82,82,6,9840.0
13149,2025-02-16,2025-02-21,2025-02-19,2025-02-21,Atlanta GA,UPS,Apparel,82,97,82,82,2,2624.0
13375,2025-02-16,2025-02-24,2025-02-18,2025-02-19,Ontario CA,UPS,Industrial,60,72,60,60,1,7200.0
13455,2025-02-16,2025-02-23,2025-02-17,2025-02-18,Dallas TX,FedEx,Electronics,116,123,116,116,1,9860.0
11892,2025-02-17,2025-02-25,2025-02-18,2025-02-19,Atlanta GA,UPS,Apparel,13,12,13,13,1,416.0
12203,2025-02-17,2025-02-23,2025-02-19,2025-02-22,Ontario CA,XPO,Apparel,6,6,6,6,3,192.0
12730,2025-02-17,2025-02-22,2025-02-18,2025-02-21,Chicago IL,FedEx,Industrial,7,6,7,7,3,840.0
13110,2025-02-17,2025-02-25,2025-02-20,2025-02-23,Ontario CA,UPS,Industrial,102,107,102,102,3,12240.0
11170,2025-02-18,2025-02-24,2025-02-21,2025-02-22,Atlanta GA,XPO,Electronics,37,31,37,37,1,3145.0
12288,2025-02-18,2025-02-24,2025-02-20,2025-02-22,Dallas TX,FedEx,Industrial,54,44,54,54,2,6480.0
13013,2025-02-18,2025-02-25,2025-02-20,2025-02-23,Atlanta GA,FedEx,Electronics,94,88,94,94,3,7990.0
10638,2025-02-19,2025-02-25,2025-02-21,2025-02-24,Dallas TX,UPS,Industrial,70,84,70,70,3,8400.0
11556,2025-02-19,2025-02-27,2025-02-22,2025-02-25,Ontario CA,UPS,Industrial,17,18,17,17,3,2040.0
11882,2025-02-19,2025-02-27,2025-02-20,2025-02-23,Atlanta GA,UPS,Home Goods,21,20,19,19,3,912.0
12462,2025-02-19,2025-02-27,2025-02-21,2025-02-24,Dallas TX,UPS,Home Goods,11,13,11,11,3,528.0
10265,2025-02-20,2025-02-25,2025-02-22,2025-02-24,Atlanta GA,XPO,Home Goods,70,78,70,70,2,3360.0
10537,2025-02-20,2025-02-26,2025-02-21,2025-02-24,Dallas TX,FedEx,Industrial,112,122,112,112,3,13440.0
10543,2025-02-20,2025-02-28,2025-02-22,2025-02-24,Atlanta GA,XPO,Home Goods,110,122,110,110,2,5280.0
10705,2025-02-20,2025-02-26,2025-02-21,2025-02-22,Dallas TX,FedEx,Electronics,47,52,47,47,1,3995.0
10772,2025-02-20,2025-02-28,2025-02-23,2025-02-26,Dallas TX,XPO,Electronics,111,127,111,111,3,9435.0
11684,2025-02-20,2025-02-28,2025-02-23,2025-02-27,Dallas TX,UPS,Industrial,71,83,71,71,4,8520.0
11742,2025-02-20,2025-02-26,2025-02-23,2025-02-26,Chicago IL,XPO,Apparel,102,84,68,68,3,2176.0
13024,2025-02-20,2025-02-28,2025-02-21,2025-02-23,Chicago IL,XPO,Apparel,26,30,26,26,2,832.0
13502,2025-02-20,2025-02-25,2025-02-22,2025-02-23,Ontario CA,UPS,Apparel,113,114,113,113,1,3616.0
11465,2025-02-21,2025-03-01,2025-02-23,2025-02-26,Chicago IL,UPS,Electronics,110,119,110,110,3,9350.0
11763,2025-02-21,2025-02-27,2025-02-24,2025-02-27,Atlanta GA,FedEx,Electronics,80,93,80,80,3,6800.0
11993,2025-02-21,2025-02-28,2025-02-23,2025-02-26,Chicago IL,UPS,Apparel,23,21,23,23,3,736.0
13471,2025-02-21,2025-02-28,2025-02-24,2025-02-25,Ontario CA,XPO,Electronics,29,30,29,29,1,2465.0
10082,2025-02-22,2025-02-27,2025-02-23,2025-02-26,Dallas TX,XPO,Electronics,43,52,43,43,3,3655.0
10884,2025-02-22,2025-03-02,2025-02-24,2025-02-25,Atlanta GA,FedEx,Electronics,45,43,45,45,1,3825.0
12108,2025-02-22,2025-03-01,2025-02-25,2025-02-26,Atlanta GA,UPS,Apparel,24,22,24,24,1,768.0
12113,2025-02-22,2025-03-02,2025-02-24,2025-02-26,Dallas TX,FedEx,Apparel,64,70,64,64,2,2048.0
12629,2025-02-22,2025-03-01,2025-02-23,2025-02-26,Dallas TX,FedEx,Apparel,45,52,45,45,3,1440.0
13397,2025-02-22,2025-02-28,2025-02-23,2025-02-25,Atlanta GA,XPO,Industrial,13,11,13,13,2,1560.0
10298,2025-02-23,2025-03-03,2025-02-24,2025-02-25,Chicago IL,FedEx,Electronics,114,109,114,114,1,9690.0
10866,2025-02-23,2025-03-03,2025-02-26,2025-02-28,Atlanta GA,UPS,Apparel,14,16,14,14,2,448.0
11080,2025-02-23,2025-03-03,2025-02-25,2025-02-27,Ontario CA,FedEx,Apparel,106,121,106,106,2,3392.0
11549,2025-02-23,2025-03-01,2025-02-26,2025-02-28,Chicago IL,UPS,Electronics,12,10,12,12,2,1020.0
11603,2025-02-23,2025-03-02,2025-02-25,2025-02-28,Chicago IL,FedEx,Electronics,71,59,71,71,3,6035.0
11929,2025-02-23,2025-02-28,2025-02-24,2025-02-27,Atlanta GA,UPS,Home Goods,85,72,85,85,3,4080.0
12146,2025-02-23,2025-03-01,2025-02-25,2025-02-28,Dallas TX,UPS,Home Goods,56,51,56,56,3,2688.0
10069,2025-02-24,2025-03-02,2025-02-26,2025-02-27,Ontario CA,UPS,Electronics,108,103,108,108,1,9180.0
10262,2025-02-24,2025-03-03,2025-02-26,2025-03-01,Ontario CA,UPS,Electronics,65,53,65,65,3,5525.0
10333,2025-02-24,2025-03-03,2025-02-26,2025-02-27,Chicago IL,UPS,Home Goods,70,63,70,70,1,3360.0
10850,2025-02-24,2025-03-02,2025-02-26,2025-02-27,Ontario CA,FedEx,Home Goods,31,36,31,31,1,1488.0
11849,2025-02-24,2025-03-04,2025-02-25,2025-02-28,Dallas TX,XPO,Electronics,7,8,7,7,3,595.0
12411,2025-02-24,2025-03-04,2025-02-28,2025-03-01,Chicago IL,XPO,Apparel,106,104,106,106,1,3392.0
10357,2025-02-25,2025-03-03,2025-02-27,2025-03-02,Chicago IL,UPS,Electronics,88,93,88,88,3,7480.0
10480,2025-02-25,2025-03-05,2025-03-03,2025-03-06,Ontario CA,XPO,Industrial,32,33,32,32,3,3840.0
11274,2025-02-25,2025-03-04,2025-02-26,2025-02-28,Dallas TX,UPS,Home Goods,33,35,33,33,2,1584.0
13112,2025-02-25,2025-03-04,2025-02-27,2025-02-28,Ontario CA,UPS,Electronics,68,68,68,68,1,5780.0
13337,2025-02-25,2025-03-05,2025-02-27,2025-03-02,Atlanta GA,UPS,Electronics,117,110,117,117,3,9945.0
10028,2025-02-26,2025-03-04,2025-02-28,2025-03-03,Atlanta GA,UPS,Electronics,57,64,57,57,3,4845.0
10406,2025-02-26,2025-03-06,2025-03-01,2025-03-03,Chicago IL,UPS,Electronics,13,11,13,13,2,1105.0
11344,2025-02-26,2025-03-03,2025-02-28,2025-03-04,Dallas TX,UPS,Apparel,40,44,40,40,4,1280.0
12377,2025-02-26,2025-03-03,2025-02-27,2025-02-28,Dallas TX,FedEx,Electronics,13,11,13,13,1,1105.0
13373,2025-02-26,2025-03-06,2025-02-27,2025-02-28,Ontario CA,UPS,Apparel,75,74,75,75,1,2400.0
10251,2025-02-27,2025-03-07,2025-03-02,2025-03-05,Ontario CA,FedEx,Apparel,53,45,53,53,3,1696.0
10393,2025-02-27,2025-03-04,2025-03-01,2025-03-03,Atlanta GA,FedEx,Apparel,49,51,49,49,2,1568.0
10421,2025-02-27,2025-03-05,2025-03-02,2025-03-03,Atlanta GA,UPS,Electronics,86,76,86,86,1,7310.0
10584,2025-02-27,2025-03-06,2025-02-28,2025-03-01,Ontario CA,XPO,Industrial,71,79,71,71,1,8520.0
11691,2025-02-27,2025-03-07,2025-03-01,2025-03-02,Dallas TX,FedEx,Industrial,118,107,118,118,1,14160.0
11959,2025-02-27,2025-03-04,2025-02-28,2025-03-01,Ontario CA,FedEx,Apparel,73,86,73,73,1,2336.0
12819,2025-02-27,2025-03-06,2025-03-02,2025-03-03,Atlanta GA,XPO,Industrial,103,85,103,103,1,12360.0
13336,2025-02-27,2025-03-06,2025-02-28,2025-03-02,Ontario CA,UPS,Apparel,50,41,50,50,2,1600.0
10115,2025-02-28,2025-03-05,2025-03-02,2025-03-05,Atlanta GA,FedEx,Electronics,15,14,15,15,3,1275.0
12516,2025-02-28,2025-03-05,2025-03-02,2025-03-04,Chicago IL,UPS,Home Goods,88,78,88,88,2,4224.0
13220,2025-02-28,2025-03-08,2025-03-03,2025-03-06,Atlanta GA,FedEx,Apparel,60,56,60,60,3,1920.0
10381,2025-03-01,2025-03-06,2025-03-03,2025-03-04,Dallas TX,XPO,Industrial,39,39,39,39,1,4680.0
10444,2025-03-01,2025-03-09,2025-03-03,2025-03-04,Ontario CA,UPS,Industrial,63,63,49,49,1,5880.0
10742,2025-03-01,2025-03-08,2025-03-04,2025-03-07,Chicago IL,FedEx,Electronics,59,56,59,59,3,5015.0
10797,2025-03-01,2025-03-08,2025-03-03,2025-03-05,Atlanta GA,FedEx,Home Goods,49,47,49,49,2,2352.0
11316,2025-03-01,2025-03-06,2025-03-04,2025-03-06,Chicago IL,FedEx,Electronics,75,74,75,75,2,6375.0
11517,2025-03-01,2025-03-06,2025-03-04,2025-03-07,Ontario CA,UPS,Apparel,74,84,74,74,3,2368.0
12269,2025-03-01,2025-03-06,2025-03-02,2025-03-03,Atlanta GA,UPS,Electronics,91,78,91,91,1,7735.0
12880,2025-03-01,2025-03-06,2025-03-04,2025-03-05,Chicago IL,UPS,Home Goods,19,22,19,19,1,912.0
13085,2025-03-01,2025-03-08,2025-03-04,2025-03-06,Chicago IL,UPS,Apparel,85,98,85,85,2,2720.0
13156,2025-03-01,2025-03-09,2025-03-04,2025-03-06,Dallas TX,UPS,Electronics,9,7,6,6,2,510.0
10135,2025-03-02,2025-03-09,2025-03-04,2025-03-07,Dallas TX,UPS,Home Goods,85,87,85,85,3,4080.0
11893,2025-03-02,2025-03-08,2025-03-03,2025-03-06,Dallas TX,FedEx,Apparel,105,126,105,105,3,3360.0
12019,2025-03-02,2025-03-09,2025-03-03,2025-03-06,Chicago IL,UPS,Industrial,55,62,55,55,3,6600.0
10100,2025-03-03,2025-03-11,2025-03-06,2025-03-07,Ontario CA,FedEx,Electronics,46,40,46,46,1,3910.0
11719,2025-03-03,2025-03-10,2025-03-05,2025-03-06,Ontario CA,FedEx,Apparel,57,55,57,57,1,1824.0
11960,2025-03-03,2025-03-08,2025-03-06,2025-03-07,Chicago IL,UPS,Home Goods,34,37,34,34,1,1632.0
12131,2025-03-03,2025-03-11,2025-03-05,2025-03-07,Chicago IL,FedEx,Industrial,15,16,15,15,2,1800.0
12259,2025-03-03,2025-03-08,2025-03-06,2025-03-07,Dallas TX,UPS,Home Goods,81,70,81,81,1,3888.0
10301,2025-03-04,2025-03-12,2025-03-05,2025-03-08,Chicago IL,FedEx,Industrial,48,57,48,48,3,5760.0
11382,2025-03-04,2025-03-11,2025-03-05,2025-03-06,Atlanta GA,FedEx,Apparel,55,58,55,55,1,1760.0
11644,2025-03-04,2025-03-09,2025-03-06,2025-03-08,Chicago IL,UPS,Industrial,46,43,35,35,2,4200.0
13369,2025-03-04,2025-03-12,2025-03-05,2025-03-06,Ontario CA,XPO,Industrial,47,42,47,47,1,5640.0
10041,2025-03-05,2025-03-10,2025-03-07,2025-03-10,Chicago IL,UPS,Apparel,39,38,39,39,3,1248.0
10228,2025-03-05,2025-03-10,2025-03-08,2025-03-11,Chicago IL,UPS,Electronics,97,90,97,97,3,8245.0
10261,2025-03-05,2025-03-10,2025-03-06,2025-03-07,Chicago IL,FedEx,Electronics,80,83,80,80,1,6800.0
10786,2025-03-05,2025-03-11,2025-03-09,2025-03-12,Atlanta GA,UPS,Apparel,62,70,62,62,3,1984.0
11081,2025-03-05,2025-03-11,2025-03-07,2025-03-09,Chicago IL,UPS,Industrial,53,63,53,53,2,6360.0
11697,2025-03-05,2025-03-12,2025-03-07,2025-03-10,Atlanta GA,XPO,Apparel,63,72,63,63,3,2016.0
12948,2025-03-05,2025-03-10,2025-03-11,2025-03-15,Atlanta GA,XPO,Electronics,104,104,104,104,4,8840.0
13011,2025-03-05,2025-03-13,2025-03-08,2025-03-09,Dallas TX,XPO,Apparel,54,50,54,54,1,1728.0
13231,2025-03-05,2025-03-11,2025-03-06,2025-03-07,Chicago IL,FedEx,Electronics,44,37,44,44,1,3740.0
13387,2025-03-05,2025-03-12,2025-03-08,2025-03-09,Dallas TX,UPS,Electronics,80,95,80,80,1,6800.0
13526,2025-03-05,2025-03-10,2025-03-06,2025-03-08,Atlanta GA,UPS,Electronics,53,56,53,53,2,4505.0
10163,2025-03-06,2025-03-12,2025-03-09,2025-03-10,Ontario CA,UPS,Apparel,53,50,53,53,1,1696.0
12261,2025-03-06,2025-03-14,2025-03-08,2025-03-11,Dallas TX,XPO,Industrial,85,69,85,85,3,10200.0
12455,2025-03-06,2025-03-13,2025-03-09,2025-03-10,Ontario CA,XPO,Electronics,47,51,47,47,1,3995.0
13088,2025-03-06,2025-03-13,2025-03-07,2025-03-09,Dallas TX,FedEx,Electronics,102,104,102,102,2,8670.0
13306,2025-03-06,2025-03-13,2025-03-07,2025-03-09,Dallas TX,FedEx,Apparel,101,103,101,101,2,3232.0
11014,2025-03-07,2025-03-15,2025-03-10,2025-03-11,Dallas TX,FedEx,Industrial,105,102,105,105,1,12600.0
11800,2025-03-07,2025-03-12,2025-03-09,2025-03-10,Ontario CA,FedEx,Industrial,30,28,30,30,1,3600.0
11922,2025-03-07,2025-03-12,2025-03-12,2025-03-14,Atlanta GA,FedEx,Industrial,94,94,94,94,2,11280.0
10017,2025-03-08,2025-03-13,2025-03-09,2025-03-12,Ontario CA,FedEx,Electronics,14,14,14,14,3,1190.0
10216,2025-03-08,2025-03-13,2025-03-09,2025-03-11,Ontario CA,FedEx,Home Goods,54,45,54,54,2,2592.0
10807,2025-03-08,2025-03-16,2025-03-11,2025-03-16,Chicago IL,UPS,Electronics,81,74,81,81,5,6885.0
10937,2025-03-08,2025-03-13,2025-03-10,2025-03-11,Chicago IL,XPO,Apparel,37,40,37,37,1,1184.0
11044,2025-03-08,2025-03-15,2025-03-10,2025-03-12,Atlanta GA,FedEx,Home Goods,117,124,117,117,2,5616.0
11279,2025-03-08,2025-03-15,2025-03-10,2025-03-11,Atlanta GA,FedEx,Electronics,68,69,68,68,1,5780.0
11406,2025-03-08,2025-03-15,2025-03-10,2025-03-13,Dallas TX,FedEx,Electronics,87,83,87,87,3,7395.0
11572,2025-03-08,2025-03-13,2025-03-10,2025-03-11,Ontario CA,XPO,Apparel,52,45,52,52,1,1664.0
12089,2025-03-08,2025-03-16,2025-03-10,2025-03-12,Chicago IL,FedEx,Electronics,17,19,17,17,2,1445.0
12101,2025-03-08,2025-03-15,2025-03-10,2025-03-13,Atlanta GA,UPS,Electronics,32,34,32,32,3,2720.0
12109,2025-03-08,2025-03-14,2025-03-10,2025-03-11,Atlanta GA,XPO,Apparel,30,34,30,30,1,960.0
12397,2025-03-08,2025-03-15,2025-03-10,2025-03-12,Atlanta GA,UPS,Home Goods,118,98,118,118,2,5664.0
13181,2025-03-08,2025-03-15,2025-03-10,2025-03-12,Dallas TX,FedEx,Electronics,13,14,13,13,2,1105.0
13515,2025-03-08,2025-03-14,2025-03-11,2025-03-14,Dallas TX,UPS,Industrial,70,58,70,70,3,8400.0
10016,2025-03-09,2025-03-17,2025-03-12,2025-03-13,Dallas TX,UPS,Apparel,87,73,87,87,1,2784.0
10019,2025-03-09,2025-03-14,2025-03-12,2025-03-13,Ontario CA,FedEx,Home Goods,42,37,42,42,1,2016.0
10093,2025-03-09,2025-03-14,2025-03-12,2025-03-13,Dallas TX,XPO,Industrial,81,75,81,81,1,9720.0
10539,2025-03-09,2025-03-16,2025-03-12,2025-03-15,Dallas TX,FedEx,Electronics,40,39,40,40,3,3400.0
10540,2025-03-09,2025-03-15,2025-03-11,2025-03-13,Chicago IL,XPO,Apparel,117,130,110,110,2,3520.0
11446,2025-03-09,2025-03-15,2025-03-10,2025-03-11,Ontario CA,FedEx,Apparel,112,100,112,112,1,3584.0
11595,2025-03-09,2025-03-16,2025-03-12,2025-03-13,Chicago IL,XPO,Apparel,52,43,52,52,1,1664.0
12015,2025-03-09,2025-03-16,2025-03-10,2025-03-12,Ontario CA,FedEx,Electronics,65,77,65,65,2,5525.0
13152,2025-03-09,2025-03-16,2025-03-10,2025-03-12,Dallas TX,XPO,Electronics,116,121,116,116,2,9860.0
10932,2025-03-10,2025-03-17,2025-03-13,2025-03-14,Ontario CA,XPO,Apparel,15,13,15,15,1,480.0
12372,2025-03-10,2025-03-15,2025-03-11,2025-03-14,Ontario CA,UPS,Electronics,55,56,55,55,3,4675.0
12626,2025-03-10,2025-03-18,2025-03-11,2025-03-12,Atlanta GA,XPO,Electronics,38,34,38,38,1,3230.0
12817,2025-03-10,2025-03-18,2025-03-12,2025-03-13,Ontario CA,XPO,Home Goods,118,110,118,118,1,5664.0
13543,2025-03-10,2025-03-16,2025-03-13,2025-03-14,Chicago IL,FedEx,Electronics,18,18,18,18,1,1530.0
11217,2025-03-11,2025-03-18,2025-03-12,2025-03-15,Atlanta GA,UPS,Electronics,85,82,85,85,3,7225.0
11227,2025-03-11,2025-03-16,2025-03-12,2025-03-14,Ontario CA,FedEx,Electronics,38,40,38,38,2,3230.0
11480,2025-03-11,2025-03-16,2025-03-12,2025-03-15,Atlanta GA,FedEx,Electronics,78,84,78,78,3,6630.0
11737,2025-03-11,2025-03-19,2025-03-14,2025-03-16,Chicago IL,FedEx,Apparel,55,55,55,55,2,1760.0
10469,2025-03-12,2025-03-18,2025-03-14,2025-03-15,Ontario CA,FedEx,Apparel,92,95,92,92,1,2944.0
10876,2025-03-12,2025-03-17,2025-03-14,2025-03-16,Chicago IL,XPO,Home Goods,42,49,42,42,2,2016.0
11039,2025-03-12,2025-03-19,2025-03-15,2025-03-17,Ontario CA,FedEx,Apparel,8,8,8,8,2,256.0
12346,2025-03-12,2025-03-20,2025-03-14,2025-03-15,Atlanta GA,FedEx,Electronics,34,31,30,30,1,2550.0
12696,2025-03-12,2025-03-19,2025-03-13,2025-03-14,Ontario CA,XPO,Apparel,99,116,99,99,1,3168.0
13472,2025-03-12,2025-03-19,2025-03-15,2025-03-17,Ontario CA,FedEx,Apparel,94,91,94,94,2,3008.0
13495,2025-03-12,2025-03-20,2025-03-15,2025-03-18,Ontario CA,UPS,Industrial,6,6,6,6,3,720.0
10168,2025-03-13,2025-03-20,2025-03-16,2025-03-17,Dallas TX,XPO,Apparel,87,93,87,87,1,2784.0
10854,2025-03-13,2025-03-20,2025-03-16,2025-03-19,Dallas TX,XPO,Home Goods,75,72,75,75,3,3600.0
11396,2025-03-13,2025-03-18,2025-03-15,2025-03-16,Chicago IL,XPO,Electronics,117,111,117,117,1,9945.0
13002,2025-03-13,2025-03-20,2025-03-16,2025-03-17,Ontario CA,UPS,Electronics,63,58,63,63,1,5355.0
13057,2025-03-13,2025-03-20,2025-03-15,2025-03-18,Dallas TX,XPO,Industrial,59,62,59,59,3,7080.0
13100,2025-03-13,2025-03-19,2025-03-15,2025-03-18,Dallas TX,FedEx,Electronics,80,80,80,80,3,6800.0
10656,2025-03-14,2025-03-22,2025-03-17,2025-03-19,Chicago IL,FedEx,Electronics,46,40,46,46,2,3910.0
11310,2025-03-14,2025-03-19,2025-03-15,2025-03-17,Dallas TX,FedEx,Industrial,113,91,113,113,2,13560.0
11727,2025-03-14,2025-03-22,2025-03-15,2025-03-17,Ontario CA,FedEx,Industrial,48,40,48,48,2,5760.0
11770,2025-03-14,2025-03-22,2025-03-15,2025-03-18,Dallas TX,UPS,Home Goods,38,39,38,38,3,1824.0
13282,2025-03-14,2025-03-20,2025-03-17,2025-03-20,Ontario CA,UPS,Industrial,60,58,60,60,3,7200.0
13512,2025-03-14,2025-03-19,2025-03-15,2025-03-18,Atlanta GA,FedEx,Apparel,100,83,100,100,3,3200.0
10212,2025-03-15,2025-03-21,2025-03-18,2025-03-20,Ontario CA,FedEx,Industrial,111,101,111,111,2,13320.0
11085,2025-03-15,2025-03-21,2025-03-17,2025-03-19,Chicago IL,UPS,Home Goods,48,52,48,48,2,2304.0
11897,2025-03-15,2025-03-21,2025-03-17,2025-03-20,Dallas TX,UPS,Electronics,17,16,17,17,3,1445.0
12000,2025-03-15,2025-03-22,2025-03-17,2025-03-19,Atlanta GA,XPO,Apparel,115,127,115,115,2,3680.0
12929,2025-03-15,2025-03-20,2025-03-18,2025-03-21,Atlanta GA,UPS,Industrial,57,68,57,57,3,6840.0
13147,2025-03-15,2025-03-20,2025-03-18,2025-03-20,Ontario CA,XPO,Apparel,47,55,47,47,2,1504.0
13197,2025-03-15,2025-03-22,2025-03-16,2025-03-17,Chicago IL,UPS,Electronics,94,80,94,94,1,7990.0
13365,2025-03-15,2025-03-23,2025-03-18,2025-03-19,Dallas TX,UPS,Industrial,108,104,108,108,1,12960.0
10195,2025-03-16,2025-03-22,2025-03-18,2025-03-20,Dallas TX,FedEx,Electronics,70,77,70,70,2,5950.0
10523,2025-03-16,2025-03-24,2025-03-20,2025-03-23,Dallas TX,FedEx,Industrial,45,51,45,45,3,5400.0
10780,2025-03-16,2025-03-21,2025-03-19,2025-03-22,Ontario CA,FedEx,Electronics,87,83,87,87,3,7395.0
12021,2025-03-16,2025-03-23,2025-03-18,2025-03-20,Atlanta GA,XPO,Industrial,9,8,6,6,2,720.0
12300,2025-03-16,2025-03-22,2025-03-18,2025-03-19,Atlanta GA,UPS,Electronics,17,17,17,17,1,1445.0
12832,2025-03-16,2025-03-23,2025-03-19,2025-03-21,Dallas TX,FedEx,Apparel,17,20,17,17,2,544.0
11281,2025-03-17,2025-03-22,2025-03-19,2025-03-20,Dallas TX,FedEx,Electronics,31,33,31,31,1,2635.0
12445,2025-03-17,2025-03-22,2025-03-20,2025-03-21,Atlanta GA,FedEx,Home Goods,34,34,34,34,1,1632.0
13217,2025-03-17,2025-03-24,2025-03-18,2025-03-20,Ontario CA,FedEx,Apparel,51,59,51,51,2,1632.0
10635,2025-03-18,2025-03-26,2025-03-19,2025-03-20,Ontario CA,FedEx,Apparel,53,43,53,53,1,1696.0
10648,2025-03-18,2025-03-23,2025-03-19,2025-03-20,Chicago IL,UPS,Apparel,17,16,17,17,1,544.0
11015,2025-03-18,2025-03-25,2025-03-19,2025-03-21,Dallas TX,FedEx,Home Goods,28,23,28,28,2,1344.0
11108,2025-03-18,2025-03-23,2025-03-21,2025-03-23,Ontario CA,FedEx,Industrial,6,6,6,6,2,720.0
11632,2025-03-18,2025-03-26,2025-03-21,2025-03-22,Dallas TX,FedEx,Electronics,26,23,26,26,1,2210.0
11785,2025-03-18,2025-03-23,2025-03-21,2025-03-24,Ontario CA,XPO,Apparel,10,10,10,10,3,320.0
11884,2025-03-18,2025-03-24,2025-03-19,2025-03-20,Atlanta GA,XPO,Industrial,7,7,7,5,1,600.0
12128,2025-03-18,2025-03-24,2025-03-21,2025-03-22,Atlanta GA,FedEx,Electronics,118,109,118,118,1,10030.0
12429,2025-03-18,2025-03-26,2025-03-19,2025-03-20,Ontario CA,UPS,Home Goods,58,48,58,57,1,2736.0
12795,2025-03-18,2025-03-25,2025-03-21,2025-03-24,Chicago IL,UPS,Industrial,31,35,31,31,3,3720.0
12797,2025-03-18,2025-03-26,2025-03-21,2025-03-24,Ontario CA,XPO,Electronics,44,46,44,44,3,3740.0
13028,2025-03-18,2025-03-23,2025-03-20,2025-03-23,Ontario CA,UPS,Apparel,46,42,46,46,3,1472.0
13381,2025-03-18,2025-03-23,2025-03-20,2025-03-21,Atlanta GA,UPS,Home Goods,12,13,12,12,1,576.0
11162,2025-03-19,2025-03-24,2025-03-21,2025-03-23,Atlanta GA,FedEx,Electronics,70,71,70,70,2,5950.0
12246,2025-03-19,2025-03-25,2025-03-22,2025-03-23,Atlanta GA,XPO,Apparel,39,46,39,37,1,1184.0
12402,2025-03-19,2025-03-25,2025-03-21,2025-03-22,Atlanta GA,FedEx,Apparel,8,7,8,8,1,256.0
12403,2025-03-19,2025-03-26,2025-03-20,2025-03-21,Atlanta GA,XPO,Apparel,83,75,83,83,1,2656.0
10697,2025-03-20,2025-03-26,2025-03-22,2025-03-23,Chicago IL,FedEx,Electronics,13,14,13,13,1,1105.0
11094,2025-03-20,2025-03-25,2025-03-23,2025-03-26,Ontario CA,FedEx,Home Goods,83,94,65,65,3,3120.0
11269,2025-03-20,2025-03-27,2025-03-22,2025-03-27,Dallas TX,UPS,Home Goods,53,55,53,53,5,2544.0
11816,2025-03-20,2025-03-26,2025-03-22,2025-03-23,Atlanta GA,UPS,Apparel,59,58,59,59,1,1888.0
12480,2025-03-20,2025-03-28,2025-03-21,2025-03-24,Atlanta GA,FedEx,Electronics,73,86,73,73,3,6205.0
12618,2025-03-20,2025-03-25,2025-03-23,2025-03-25,Ontario CA,UPS,Apparel,88,82,88,88,2,2816.0
10437,2025-03-21,2025-03-26,2025-03-24,2025-03-27,Atlanta GA,UPS,Apparel,35,30,35,35,3,1120.0
10534,2025-03-21,2025-03-28,2025-03-24,2025-03-27,Dallas TX,UPS,Apparel,113,109,113,113,3,3616.0
10549,2025-03-21,2025-03-27,2025-03-22,2025-03-24,Ontario CA,XPO,Home Goods,68,58,68,68,2,3264.0
10921,2025-03-21,2025-03-28,2025-03-23,2025-03-27,Ontario CA,XPO,Home Goods,37,40,37,37,4,1776.0
10933,2025-03-21,2025-03-28,2025-03-22,2025-03-25,Atlanta GA,FedEx,Electronics,116,116,116,116,3,9860.0
11502,2025-03-21,2025-03-28,2025-03-22,2025-03-23,Atlanta GA,UPS,Apparel,80,78,80,80,1,2560.0
11941,2025-03-21,2025-03-27,2025-03-24,2025-03-26,Dallas TX,UPS,Apparel,17,17,17,17,2,544.0
11968,2025-03-21,2025-03-28,2025-03-24,2025-03-25,Chicago IL,FedEx,Industrial,52,61,52,52,1,6240.0
12528,2025-03-21,2025-03-29,2025-03-24,2025-03-27,Chicago IL,FedEx,Electronics,71,60,71,71,3,6035.0
13323,2025-03-21,2025-03-29,2025-03-23,2025-03-24,Atlanta GA,XPO,Electronics,61,62,61,61,1,5185.0
13556,2025-03-21,2025-03-27,2025-03-23,2025-03-25,Ontario CA,UPS,Apparel,85,99,85,85,2,2720.0
13580,2025-03-21,2025-03-27,2025-03-22,2025-03-23,Dallas TX,FedEx,Electronics,76,76,76,76,1,6460.0
10062,2025-03-22,2025-03-29,2025-03-24,2025-03-25,Ontario CA,XPO,Home Goods,65,61,65,65,1,3120.0
10871,2025-03-22,2025-03-27,2025-03-23,2025-03-26,Ontario CA,UPS,Electronics,98,86,98,98,3,8330.0
11573,2025-03-22,2025-03-28,2025-03-23,2025-03-24,Chicago IL,FedEx,Industrial,59,65,59,59,1,7080.0
12086,2025-03-22,2025-03-29,2025-03-24,2025-03-25,Atlanta GA,UPS,Industrial,69,67,69,69,1,8280.0
11349,2025-03-23,2025-03-29,2025-03-26,2025-03-30,Dallas TX,FedEx,Industrial,13,13,13,13,4,1560.0
11469,2025-03-23,2025-03-31,2025-03-24,2025-03-26,Ontario CA,XPO,Apparel,39,37,39,39,2,1248.0
11575,2025-03-23,2025-03-29,2025-03-26,2025-03-27,Dallas TX,XPO,Apparel,109,97,109,109,1,3488.0
11853,2025-03-23,2025-03-28,2025-03-25,2025-03-27,Ontario CA,XPO,Home Goods,36,39,36,36,2,1728.0
12181,2025-03-23,2025-03-30,2025-03-24,2025-03-27,Chicago IL,FedEx,Industrial,8,8,8,8,3,960.0
10192,2025-03-24,2025-04-01,2025-03-25,2025-03-26,Dallas TX,XPO,Home Goods,106,119,106,106,1,5088.0
10518,2025-03-24,2025-03-29,2025-03-27,2025-03-28,Dallas TX,FedEx,Apparel,55,53,55,55,1,1760.0
12273,2025-03-24,2025-04-01,2025-03-25,2025-03-27,Ontario CA,FedEx,Industrial,39,38,39,39,2,4680.0
10060,2025-03-25,2025-04-02,2025-03-27,2025-03-28,Atlanta GA,UPS,Electronics,39,39,39,39,1,3315.0
10166,2025-03-25,2025-04-01,2025-03-26,2025-03-29,Chicago IL,UPS,Electronics,104,86,104,104,3,8840.0
10207,2025-03-25,2025-04-01,2025-03-28,2025-03-30,Dallas TX,UPS,Industrial,35,31,35,35,2,4200.0
10375,2025-03-25,2025-04-01,2025-03-26,2025-03-28,Dallas TX,UPS,Home Goods,50,54,50,50,2,2400.0
10718,2025-03-25,2025-03-31,2025-03-26,2025-03-27,Atlanta GA,UPS,Electronics,5,5,5,5,1,425.0
12447,2025-03-25,2025-04-02,2025-03-26,2025-03-29,Dallas TX,UPS,Electronics,96,85,96,96,3,8160.0
13467,2025-03-25,2025-03-30,2025-03-27,2025-03-30,Atlanta GA,XPO,Electronics,58,49,58,58,3,4930.0
10070,2025-03-26,2025-04-01,2025-03-27,2025-03-29,Ontario CA,FedEx,Electronics,23,22,23,23,2,1955.0
10556,2025-03-26,2025-04-02,2025-03-27,2025-03-29,Chicago IL,FedEx,Electronics,28,23,28,28,2,2380.0
10627,2025-03-26,2025-04-02,2025-03-27,2025-03-29,Atlanta GA,FedEx,Electronics,8,7,8,8,2,680.0
13206,2025-03-26,2025-03-31,2025-03-28,2025-03-31,Chicago IL,UPS,Industrial,26,22,26,26,3,3120.0
13563,2025-03-26,2025-04-03,2025-03-28,2025-03-31,Atlanta GA,UPS,Electronics,10,10,10,10,3,850.0
11065,2025-03-27,2025-04-03,2025-03-29,2025-03-31,Chicago IL,UPS,Apparel,7,8,7,7,2,224.0
11958,2025-03-27,2025-04-03,2025-03-30,2025-04-04,Ontario CA,FedEx,Apparel,40,45,40,40,5,1280.0
10557,2025-03-28,2025-04-03,2025-03-29,2025-03-30,Ontario CA,UPS,Apparel,19,22,19,19,1,608.0
10619,2025-03-28,2025-04-02,2025-03-30,2025-04-01,Ontario CA,FedEx,Electronics,91,75,91,91,2,7735.0
11231,2025-03-28,2025-04-04,2025-03-31,2025-04-01,Dallas TX,UPS,Electronics,46,45,46,46,1,3910.0
11951,2025-03-28,2025-04-03,2025-03-29,2025-03-31,Ontario CA,UPS,Electronics,31,29,31,31,2,2635.0
12446,2025-03-28,2025-04-02,2025-03-31,2025-04-03,Dallas TX,FedEx,Apparel,50,50,50,50,3,1600.0
13123,2025-03-28,2025-04-03,2025-03-30,2025-04-02,Chicago IL,FedEx,Apparel,6,6,6,6,3,192.0
10218,2025-03-29,2025-04-06,2025-03-31,2025-04-02,Dallas TX,XPO,Industrial,22,24,22,22,2,2640.0
10307,2025-03-29,2025-04-04,2025-04-01,2025-04-03,Atlanta GA,UPS,Industrial,74,81,74,74,2,8880.0
10598,2025-03-29,2025-04-05,2025-04-01,2025-04-04,Dallas TX,XPO,Home Goods,95,77,95,95,3,4560.0
10966,2025-03-29,2025-04-06,2025-03-30,2025-04-01,Chicago IL,UPS,Home Goods,86,90,86,86,2,4128.0
12211,2025-03-29,2025-04-04,2025-04-01,2025-04-03,Ontario CA,UPS,Industrial,52,51,52,52,2,6240.0
12477,2025-03-29,2025-04-06,2025-03-31,2025-04-01,Dallas TX,UPS,Electronics,96,106,96,96,1,8160.0
12525,2025-03-29,2025-04-05,2025-03-31,2025-04-02,Chicago IL,FedEx,Industrial,29,31,29,29,2,3480.0
13097,2025-03-29,2025-04-04,2025-03-30,2025-04-02,Ontario CA,XPO,Electronics,30,35,30,30,3,2550.0
13232,2025-03-30,2025-04-07,2025-04-02,2025-04-05,Atlanta GA,XPO,Home Goods,92,99,92,92,3,4416.0
10622,2025-03-31,2025-04-08,2025-04-03,2025-04-05,Chicago IL,UPS,Electronics,12,10,12,12,2,1020.0
11431,2025-03-31,2025-04-05,2025-04-02,2025-04-04,Dallas TX,UPS,Home Goods,27,23,27,27,2,1296.0
12366,2025-03-31,2025-04-05,2025-04-01,2025-04-02,Chicago IL,FedEx,Home Goods,29,25,29,29,1,1392.0
13266,2025-03-31,2025-04-05,2025-04-01,2025-04-02,Chicago IL,FedEx,Electronics,81,80,81,81,1,6885.0
10038,2025-04-01,2025-04-08,2025-04-04,2025-04-05,Ontario CA,UPS,Industrial,101,91,101,101,1,12120.0
10323,2025-04-01,2025-04-06,2025-04-03,2025-04-04,Atlanta GA,UPS,Apparel,18,16,18,18,1,576.0
10413,2025-04-01,2025-04-06,2025-04-04,2025-04-05,Chicago IL,FedEx,Electronics,21,25,21,21,1,1785.0
10456,2025-04-01,2025-04-06,2025-04-02,2025-04-05,Atlanta GA,FedEx,Apparel,9,7,9,9,3,288.0
10497,2025-04-01,2025-04-07,2025-04-03,2025-04-04,Atlanta GA,FedEx,Apparel,87,76,87,87,1,2784.0
11101,2025-04-01,2025-04-06,2025-04-04,2025-04-05,Ontario CA,FedEx,Home Goods,19,16,19,19,1,912.0
11638,2025-04-01,2025-04-08,2025-04-04,2025-04-07,Dallas TX,UPS,Electronics,15,14,15,15,3,1275.0
12710,2025-04-01,2025-04-09,2025-04-02,2025-04-03,Chicago IL,FedEx,Home Goods,13,12,13,13,1,624.0
13355,2025-04-01,2025-04-08,2025-04-03,2025-04-05,Chicago IL,FedEx,Apparel,90,80,90,90,2,2880.0
10801,2025-04-02,2025-04-09,2025-04-04,2025-04-06,Chicago IL,UPS,Home Goods,89,89,89,89,2,4272.0
11640,2025-04-02,2025-04-10,2025-04-04,2025-04-08,Atlanta GA,FedEx,Apparel,118,128,118,118,4,3776.0
13035,2025-04-02,2025-04-09,2025-04-05,2025-04-06,Atlanta GA,FedEx,Home Goods,79,70,79,79,1,3792.0
13096,2025-04-02,2025-04-09,2025-04-04,2025-04-05,Ontario CA,FedEx,Apparel,111,106,111,111,1,3552.0
13527,2025-04-02,2025-04-07,2025-04-05,2025-04-07,Ontario CA,XPO,Apparel,11,12,11,11,2,352.0
11536,2025-04-03,2025-04-09,2025-04-06,2025-04-08,Chicago IL,FedEx,Apparel,86,91,86,86,2,2752.0
12002,2025-04-03,2025-04-08,2025-04-06,2025-04-09,Atlanta GA,XPO,Home Goods,17,17,17,17,3,816.0
12006,2025-04-03,2025-04-09,2025-04-06,2025-04-09,Dallas TX,XPO,Home Goods,109,101,109,109,3,5232.0
12263,2025-04-03,2025-04-08,2025-04-05,2025-04-08,Chicago IL,UPS,Electronics,50,48,50,50,3,4250.0
12383,2025-04-03,2025-04-08,2025-04-06,2025-04-08,Dallas TX,UPS,Apparel,120,114,120,120,2,3840.0
12957,2025-04-03,2025-04-09,2025-04-04,2025-04-06,Chicago IL,FedEx,Home Goods,53,48,53,53,2,2544.0
13074,2025-04-03,2025-04-09,2025-04-05,2025-04-07,Ontario CA,UPS,Home Goods,37,43,37,37,2,1776.0
13133,2025-04-03,2025-04-08,2025-04-05,2025-04-08,Ontario CA,XPO,Electronics,80,80,80,80,3,6800.0
11275,2025-04-04,2025-04-10,2025-04-07,2025-04-10,Ontario CA,UPS,Industrial,57,61,57,57,3,6840.0
11682,2025-04-04,2025-04-12,2025-04-07,2025-04-09,Atlanta GA,FedEx,Apparel,62,66,62,62,2,1984.0
12323,2025-04-04,2025-04-09,2025-04-06,2025-04-07,Atlanta GA,FedEx,Industrial,65,59,65,65,1,7800.0
12404,2025-04-04,2025-04-10,2025-04-07,2025-04-10,Atlanta GA,FedEx,Industrial,36,30,36,36,3,4320.0
10466,2025-04-05,2025-04-10,2025-04-07,2025-04-10,Dallas TX,FedEx,Industrial,12,11,12,12,3,1440.0
10568,2025-04-05,2025-04-11,2025-04-06,2025-04-09,Atlanta GA,FedEx,Home Goods,116,130,116,116,3,5568.0
10597,2025-04-05,2025-04-13,2025-04-07,2025-04-09,Chicago IL,XPO,Home Goods,46,38,46,46,2,2208.0
11308,2025-04-05,2025-04-12,2025-04-08,2025-04-11,Atlanta GA,FedEx,Apparel,26,22,26,26,3,832.0
11686,2025-04-05,2025-04-12,2025-04-07,2025-04-10,Atlanta GA,UPS,Apparel,45,39,45,45,3,1440.0
13488,2025-04-05,2025-04-11,2025-04-06,2025-04-09,Chicago IL,FedEx,Home Goods,100,116,100,100,3,4800.0
11692,2025-04-06,2025-04-14,2025-04-07,2025-04-08,Dallas TX,XPO,Apparel,108,130,108,108,1,3456.0
11973,2025-04-06,2025-04-14,2025-04-09,2025-04-12,Dallas TX,FedEx,Apparel,82,67,82,82,3,2624.0
12453,2025-04-06,2025-04-11,2025-04-08,2025-04-11,Chicago IL,FedEx,Electronics,104,113,104,104,3,8840.0
12741,2025-04-06,2025-04-12,2025-04-08,2025-04-11,Atlanta GA,FedEx,Industrial,106,120,106,106,3,12720.0
13007,2025-04-06,2025-04-13,2025-04-07,2025-04-08,Ontario CA,FedEx,Electronics,9,10,9,9,1,765.0
11359,2025-04-07,2025-04-15,2025-04-10,2025-04-11,Atlanta GA,UPS,Industrial,99,116,99,96,1,11520.0
11757,2025-04-07,2025-04-15,2025-04-08,2025-04-10,Dallas TX,FedEx,Apparel,53,56,53,53,2,1696.0
12061,2025-04-07,2025-04-12,2025-04-08,2025-04-10,Chicago IL,FedEx,Electronics,20,20,20,20,2,1700.0
12205,2025-04-07,2025-04-14,2025-04-08,2025-04-10,Ontario CA,XPO,Apparel,38,46,38,38,2,1216.0
12603,2025-04-07,2025-04-14,2025-04-09,2025-04-10,Ontario CA,FedEx,Home Goods,78,90,78,78,1,3744.0
10297,2025-04-08,2025-04-15,2025-04-11,2025-04-14,Chicago IL,FedEx,Electronics,50,57,50,50,3,4250.0
11872,2025-04-08,2025-04-16,2025-04-09,2025-04-10,Atlanta GA,FedEx,Home Goods,43,39,43,43,1,2064.0
11934,2025-04-08,2025-04-15,2025-04-09,2025-04-10,Atlanta GA,UPS,Home Goods,10,8,10,10,1,480.0
12409,2025-04-08,2025-04-15,2025-04-11,2025-04-12,Dallas TX,FedEx,Apparel,47,42,47,47,1,1504.0
10458,2025-04-09,2025-04-16,2025-04-11,2025-04-12,Atlanta GA,UPS,Industrial,93,108,93,93,1,11160.0
12759,2025-04-09,2025-04-14,2025-04-12,2025-04-15,Atlanta GA,UPS,Home Goods,111,129,69,69,3,3312.0
13415,2025-04-09,2025-04-14,2025-04-12,2025-04-13,Ontario CA,FedEx,Electronics,118,121,108,108,1,9180.0
13547,2025-04-09,2025-04-16,2025-04-10,2025-04-12,Ontario CA,XPO,Industrial,52,44,52,52,2,6240.0
10478,2025-04-10,2025-04-17,2025-04-12,2025-04-14,Atlanta GA,FedEx,Electronics,97,85,97,97,2,8245.0
11054,2025-04-10,2025-04-16,2025-04-12,2025-04-13,Chicago IL,UPS,Apparel,117,110,117,117,1,3744.0
11736,2025-04-10,2025-04-18,2025-04-11,2025-04-12,Ontario CA,FedEx,Home Goods,35,33,35,35,1,1680.0
11751,2025-04-10,2025-04-16,2025-04-13,2025-04-15,Chicago IL,UPS,Electronics,81,95,81,81,2,6885.0
12204,2025-04-10,2025-04-16,2025-04-11,2025-04-12,Chicago IL,XPO,Home Goods,86,95,86,86,1,4128.0
12586,2025-04-10,2025-04-16,2025-04-11,2025-04-14,Atlanta GA,UPS,Apparel,98,89,98,98,3,3136.0
10177,2025-04-11,2025-04-19,2025-04-15,2025-04-18,Ontario CA,UPS,Apparel,7,6,6,6,3,192.0
10226,2025-04-11,2025-04-17,2025-04-13,2025-04-16,Dallas TX,UPS,Apparel,77,67,77,77,3,2464.0
10732,2025-04-11,2025-04-18,2025-04-14,2025-04-17,Atlanta GA,FedEx,Apparel,33,30,33,33,3,1056.0
11986,2025-04-11,2025-04-17,2025-04-12,2025-04-17,Dallas TX,UPS,Apparel,97,104,97,97,5,3104.0
13014,2025-04-11,2025-04-19,2025-04-14,2025-04-16,Chicago IL,FedEx,Industrial,46,44,46,46,2,5520.0
13349,2025-04-11,2025-04-18,2025-04-14,2025-04-17,Dallas TX,FedEx,Electronics,8,8,8,8,3,680.0
10296,2025-04-12,2025-04-20,2025-04-14,2025-04-17,Atlanta GA,XPO,Industrial,109,97,109,109,3,13080.0
12050,2025-04-12,2025-04-17,2025-04-15,2025-04-18,Chicago IL,FedEx,Electronics,51,59,51,51,3,4335.0
12717,2025-04-12,2025-04-17,2025-04-14,2025-04-17,Chicago IL,FedEx,Industrial,73,75,73,73,3,8760.0
12840,2025-04-12,2025-04-17,2025-04-13,2025-04-16,Atlanta GA,FedEx,Apparel,78,84,78,78,3,2496.0
12902,2025-04-12,2025-04-17,2025-04-13,2025-04-16,Atlanta GA,FedEx,Apparel,47,49,47,47,3,1504.0
13427,2025-04-12,2025-04-18,2025-04-14,2025-04-16,Dallas TX,XPO,Industrial,100,103,100,98,2,11760.0
13538,2025-04-12,2025-04-20,2025-04-15,2025-04-18,Atlanta GA,UPS,Electronics,39,38,39,39,3,3315.0
10121,2025-04-13,2025-04-20,2025-04-15,2025-04-18,Chicago IL,FedEx,Electronics,30,35,25,25,3,2125.0
10189,2025-04-13,2025-04-21,2025-04-15,2025-04-17,Atlanta GA,FedEx,Electronics,55,51,55,55,2,4675.0
11001,2025-04-13,2025-04-20,2025-04-15,2025-04-18,Dallas TX,UPS,Industrial,42,36,42,42,3,5040.0
11896,2025-04-13,2025-04-19,2025-04-15,2025-04-18,Ontario CA,XPO,Industrial,100,105,100,100,3,12000.0
12418,2025-04-13,2025-04-21,2025-04-15,2025-04-17,Chicago IL,FedEx,Electronics,63,51,63,63,2,5355.0
13148,2025-04-13,2025-04-19,2025-04-14,2025-04-16,Chicago IL,XPO,Home Goods,42,38,42,42,2,2016.0
13237,2025-04-13,2025-04-18,2025-04-16,2025-04-18,Ontario CA,UPS,Apparel,93,97,93,93,2,2976.0
10347,2025-04-14,2025-04-20,2025-04-17,2025-04-19,Dallas TX,UPS,Home Goods,38,31,38,38,2,1824.0
10383,2025-04-14,2025-04-22,2025-04-17,2025-04-18,Ontario CA,XPO,Home Goods,26,29,26,26,1,1248.0
10551,2025-04-14,2025-04-22,2025-04-17,2025-04-19,Ontario CA,FedEx,Electronics,46,55,46,46,2,3910.0
10891,2025-04-14,2025-04-21,2025-04-16,2025-04-18,Atlanta GA,XPO,Electronics,78,77,78,78,2,6630.0
11972,2025-04-14,2025-04-19,2025-04-16,2025-04-18,Dallas TX,FedEx,Apparel,84,89,84,84,2,2688.0
12271,2025-04-14,2025-04-20,2025-04-15,2025-04-17,Ontario CA,FedEx,Electronics,53,44,53,53,2,4505.0
12565,2025-04-14,2025-04-22,2025-04-17,2025-04-18,Atlanta GA,FedEx,Electronics,27,22,27,27,1,2295.0
13053,2025-04-14,2025-04-19,2025-04-15,2025-04-16,Chicago IL,FedEx,Apparel,58,59,58,58,1,1856.0
13497,2025-04-14,2025-04-20,2025-04-16,2025-04-17,Chicago IL,FedEx,Electronics,39,37,39,39,1,3315.0
13590,2025-04-14,2025-04-22,2025-04-15,2025-04-19,Dallas TX,XPO,Apparel,73,65,73,73,4,2336.0
10048,2025-04-15,2025-04-22,2025-04-18,2025-04-21,Ontario CA,FedEx,Home Goods,71,84,71,71,3,3408.0
10213,2025-04-15,2025-04-23,2025-04-16,2025-04-17,Chicago IL,UPS,Electronics,5,6,5,5,1,425.0
11168,2025-04-15,2025-04-22,2025-04-18,2025-04-21,Atlanta GA,UPS,Industrial,52,59,52,52,3,6240.0
11409,2025-04-15,2025-04-20,2025-04-17,2025-04-20,Chicago IL,UPS,Home Goods,76,78,76,76,3,3648.0
11636,2025-04-15,2025-04-22,2025-04-17,2025-04-18,Dallas TX,FedEx,Home Goods,74,83,74,74,1,3552.0
12005,2025-04-15,2025-04-23,2025-04-17,2025-04-20,Chicago IL,UPS,Industrial,28,27,28,28,3,3360.0
13500,2025-04-15,2025-04-21,2025-04-18,2025-04-20,Ontario CA,FedEx,Electronics,18,16,18,18,2,1530.0
12240,2025-04-16,2025-04-23,2025-04-18,2025-04-19,Chicago IL,FedEx,Electronics,13,12,13,13,1,1105.0
12670,2025-04-16,2025-04-23,2025-04-17,2025-04-20,Atlanta GA,FedEx,Industrial,56,58,56,56,3,6720.0
12762,2025-04-16,2025-04-21,2025-04-18,2025-04-21,Dallas TX,FedEx,Apparel,30,24,30,30,3,960.0
10436,2025-04-17,2025-04-25,2025-04-19,2025-04-20,Ontario CA,FedEx,Apparel,36,37,36,36,1,1152.0
11604,2025-04-17,2025-04-24,2025-04-19,2025-04-20,Atlanta GA,UPS,Industrial,31,29,31,31,1,3720.0
12265,2025-04-17,2025-04-25,2025-04-19,2025-04-22,Atlanta GA,FedEx,Industrial,38,39,38,38,3,4560.0
12590,2025-04-17,2025-04-24,2025-04-18,2025-04-21,Atlanta GA,UPS,Home Goods,113,123,113,113,3,5424.0
13265,2025-04-17,2025-04-22,2025-04-19,2025-04-20,Chicago IL,FedEx,Electronics,62,59,62,62,1,5270.0
10548,2025-04-18,2025-04-25,2025-04-19,2025-04-21,Chicago IL,FedEx,Electronics,84,82,84,81,2,6885.0
10857,2025-04-18,2025-04-24,2025-04-20,2025-04-21,Dallas TX,UPS,Electronics,50,50,50,50,1,4250.0
10997,2025-04-18,2025-04-25,2025-04-21,2025-04-24,Atlanta GA,UPS,Home Goods,21,20,19,19,3,912.0
12818,2025-04-18,2025-04-24,2025-04-19,2025-04-21,Chicago IL,FedEx,Home Goods,107,104,107,107,2,5136.0
12970,2025-04-18,2025-04-24,2025-04-21,2025-04-22,Atlanta GA,UPS,Industrial,97,109,97,97,1,11640.0
13225,2025-04-18,2025-04-25,2025-04-19,2025-04-20,Chicago IL,FedEx,Apparel,73,82,73,73,1,2336.0
13567,2025-04-18,2025-04-24,2025-04-20,2025-04-22,Dallas TX,UPS,Industrial,111,114,111,110,2,13200.0
10369,2025-04-19,2025-04-25,2025-04-20,2025-04-22,Dallas TX,FedEx,Home Goods,112,123,112,112,2,5376.0
12022,2025-04-19,2025-04-25,2025-04-26,2025-04-28,Dallas TX,FedEx,Electronics,30,27,30,30,2,2550.0
13396,2025-04-19,2025-04-25,2025-04-22,2025-04-23,Ontario CA,FedEx,Home Goods,12,11,12,12,1,576.0
13557,2025-04-19,2025-04-25,2025-04-20,2025-04-22,Dallas TX,XPO,Apparel,67,74,67,67,2,2144.0
10103,2025-04-20,2025-04-27,2025-04-23,2025-04-25,Ontario CA,UPS,Home Goods,117,120,117,117,2,5616.0
10484,2025-04-20,2025-04-27,2025-04-27,2025-04-29,Dallas TX,XPO,Home Goods,14,13,14,14,2,672.0
10778,2025-04-20,2025-04-27,2025-04-22,2025-04-24,Ontario CA,FedEx,Apparel,52,58,52,52,2,1664.0
11689,2025-04-20,2025-04-25,2025-04-22,2025-04-24,Ontario CA,UPS,Industrial,20,24,20,20,2,2400.0
12025,2025-04-20,2025-04-27,2025-04-21,2025-04-24,Chicago IL,XPO,Apparel,101,101,101,101,3,3232.0
12195,2025-04-20,2025-04-26,2025-04-21,2025-04-24,Ontario CA,FedEx,Industrial,20,24,20,20,3,2400.0
13546,2025-04-20,2025-04-28,2025-04-23,2025-04-26,Chicago IL,FedEx,Industrial,22,22,22,22,3,2640.0
10045,2025-04-21,2025-04-26,2025-04-22,2025-04-23,Atlanta GA,FedEx,Home Goods,82,97,82,82,1,3936.0
10397,2025-04-21,2025-04-28,2025-04-26,2025-04-27,Dallas TX,FedEx,Home Goods,89,81,89,89,1,4272.0
10479,2025-04-21,2025-04-27,2025-04-24,2025-04-25,Chicago IL,UPS,Apparel,33,38,33,33,1,1056.0
10486,2025-04-21,2025-04-26,2025-04-24,2025-04-25,Atlanta GA,FedEx,Home Goods,87,89,87,87,1,4176.0
12535,2025-04-21,2025-04-28,2025-04-22,2025-04-23,Ontario CA,UPS,Industrial,74,64,74,74,1,8880.0
13418,2025-04-21,2025-04-28,2025-04-22,2025-04-25,Ontario CA,FedEx,Apparel,85,93,73,73,3,2336.0
10132,2025-04-22,2025-04-28,2025-04-23,2025-04-24,Atlanta GA,FedEx,Home Goods,111,123,111,111,1,5328.0
11663,2025-04-22,2025-04-27,2025-04-23,2025-04-25,Atlanta GA,XPO,Industrial,6,6,6,6,2,720.0
12307,2025-04-22,2025-04-29,2025-04-24,2025-04-25,Chicago IL,UPS,Industrial,57,65,57,57,1,6840.0
13215,2025-04-22,2025-04-27,2025-04-24,2025-04-27,Chicago IL,UPS,Electronics,85,90,85,85,3,7225.0
10429,2025-04-23,2025-04-28,2025-04-26,2025-04-29,Dallas TX,UPS,Industrial,89,98,89,89,3,10680.0
10533,2025-04-23,2025-04-29,2025-04-25,2025-04-26,Ontario CA,XPO,Electronics,98,103,98,98,1,8330.0
10919,2025-04-23,2025-04-28,2025-04-25,2025-04-28,Atlanta GA,UPS,Apparel,89,92,89,89,3,2848.0
11278,2025-04-23,2025-04-29,2025-04-26,2025-04-29,Dallas TX,UPS,Apparel,31,35,31,31,3,992.0
12651,2025-04-23,2025-04-28,2025-04-26,2025-04-27,Ontario CA,XPO,Electronics,53,61,53,53,1,4505.0
13346,2025-04-23,2025-04-29,2025-04-26,2025-04-29,Dallas TX,UPS,Home Goods,88,78,88,88,3,4224.0
13561,2025-04-23,2025-05-01,2025-04-26,2025-04-27,Chicago IL,XPO,Apparel,21,19,21,21,1,672.0
10755,2025-04-24,2025-05-01,2025-04-27,2025-04-29,Ontario CA,XPO,Apparel,26,21,26,26,2,832.0
12292,2025-04-24,2025-05-02,2025-04-26,2025-04-28,Dallas TX,UPS,Electronics,102,117,102,102,2,8670.0
11985,2025-04-25,2025-05-03,2025-04-26,2025-04-29,Ontario CA,XPO,Electronics,91,94,91,91,3,7735.0
12268,2025-04-25,2025-04-30,2025-04-27,2025-04-30,Ontario CA,UPS,Home Goods,7,7,7,7,3,336.0
12566,2025-04-25,2025-05-01,2025-04-26,2025-04-28,Atlanta GA,FedEx,Electronics,92,90,92,92,2,7820.0
12971,2025-04-25,2025-04-30,2025-04-28,2025-04-29,Ontario CA,UPS,Apparel,93,81,93,93,1,2976.0
13059,2025-04-25,2025-05-02,2025-04-26,2025-04-27,Atlanta GA,UPS,Home Goods,29,33,29,29,1,1392.0
13108,2025-04-25,2025-04-30,2025-04-27,2025-04-28,Chicago IL,FedEx,Electronics,34,31,34,34,1,2890.0
13411,2025-04-25,2025-05-02,2025-04-26,2025-04-27,Ontario CA,FedEx,Apparel,103,98,103,103,1,3296.0
10862,2025-04-26,2025-05-03,2025-04-27,2025-04-28,Atlanta GA,UPS,Industrial,25,24,25,25,1,3000.0
11058,2025-04-26,2025-05-04,2025-04-27,2025-04-29,Ontario CA,FedEx,Electronics,111,131,111,111,2,9435.0
11372,2025-04-26,2025-05-02,2025-04-29,2025-05-02,Ontario CA,XPO,Home Goods,100,83,100,100,3,4800.0
11417,2025-04-26,2025-05-03,2025-04-27,2025-04-29,Chicago IL,XPO,Industrial,83,77,83,83,2,9960.0
11975,2025-04-26,2025-05-02,2025-04-29,2025-05-01,Ontario CA,UPS,Industrial,79,86,79,79,2,9480.0
12782,2025-04-26,2025-05-01,2025-04-29,2025-04-30,Chicago IL,UPS,Electronics,92,95,92,92,1,7820.0
10159,2025-04-27,2025-05-02,2025-04-30,2025-05-03,Chicago IL,UPS,Home Goods,92,101,92,92,3,4416.0
10909,2025-04-27,2025-05-02,2025-04-28,2025-05-01,Ontario CA,UPS,Industrial,65,71,65,65,3,7800.0
12237,2025-04-27,2025-05-02,2025-04-30,2025-05-03,Ontario CA,XPO,Apparel,85,69,85,85,3,2720.0
12515,2025-04-27,2025-05-02,2025-04-29,2025-04-30,Atlanta GA,FedEx,Apparel,96,94,96,96,1,3072.0
13249,2025-04-27,2025-05-05,2025-04-30,2025-05-02,Atlanta GA,UPS,Industrial,49,40,49,49,2,5880.0
10325,2025-04-28,2025-05-05,2025-04-29,2025-05-02,Chicago IL,FedEx,Home Goods,33,38,33,32,3,1536.0
13272,2025-04-28,2025-05-05,2025-04-29,2025-05-01,Atlanta GA,FedEx,Apparel,44,42,44,44,2,1408.0
13341,2025-04-28,2025-05-05,2025-05-01,2025-05-04,Chicago IL,FedEx,Industrial,86,95,86,86,3,10320.0
10763,2025-04-29,2025-05-07,2025-04-30,2025-05-02,Ontario CA,UPS,Industrial,22,26,22,22,2,2640.0
12208,2025-04-29,2025-05-07,2025-05-01,2025-05-04,Ontario CA,FedEx,Apparel,91,100,91,91,3,2912.0
12638,2025-04-29,2025-05-04,2025-05-01,2025-05-04,Chicago IL,UPS,Home Goods,45,38,45,45,3,2160.0
13243,2025-04-29,2025-05-06,2025-05-03,2025-05-04,Ontario CA,FedEx,Apparel,110,103,110,110,1,3520.0
13463,2025-04-29,2025-05-06,2025-05-02,2025-05-04,Ontario CA,UPS,Home Goods,24,24,24,24,2,1152.0
10905,2025-04-30,2025-05-06,2025-05-01,2025-05-03,Atlanta GA,UPS,Apparel,118,123,118,118,2,3776.0
11377,2025-04-30,2025-05-08,2025-05-01,2025-05-02,Dallas TX,FedEx,Electronics,81,82,81,81,1,6885.0
11537,2025-04-30,2025-05-05,2025-05-02,2025-05-04,Chicago IL,FedEx,Apparel,50,51,50,50,2,1600.0
11597,2025-04-30,2025-05-05,2025-05-03,2025-05-06,Atlanta GA,FedEx,Apparel,36,39,36,36,3,1152.0
11845,2025-04-30,2025-05-08,2025-05-03,2025-05-08,Dallas TX,XPO,Electronics,118,102,118,118,5,10030.0
13065,2025-04-30,2025-05-05,2025-05-03,2025-05-06,Atlanta GA,UPS,Apparel,61,65,61,61,3,1952.0
10181,2025-05-01,2025-05-06,2025-05-02,2025-05-06,Dallas TX,UPS,Electronics,40,46,40,40,4,3400.0
10920,2025-05-01,2025-05-09,2025-05-04,2025-05-05,Dallas TX,FedEx,Apparel,50,46,50,50,1,1600.0
11618,2025-05-01,2025-05-07,2025-05-05,2025-05-06,Ontario CA,UPS,Electronics,88,76,88,88,1,7480.0
11661,2025-05-01,2025-05-06,2025-05-04,2025-05-07,Chicago IL,FedEx,Industrial,93,93,93,93,3,11160.0
12732,2025-05-01,2025-05-08,2025-05-02,2025-05-03,Chicago IL,FedEx,Electronics,120,132,120,120,1,10200.0
12856,2025-05-01,2025-05-08,2025-05-03,2025-05-06,Dallas TX,UPS,Industrial,90,86,90,90,3,10800.0
13444,2025-05-01,2025-05-06,2025-05-04,2025-05-05,Ontario CA,UPS,Apparel,94,101,94,94,1,3008.0
13461,2025-05-01,2025-05-06,2025-05-04,2025-05-06,Chicago IL,UPS,Home Goods,108,116,108,108,2,5184.0
13544,2025-05-01,2025-05-06,2025-05-04,2025-05-05,Chicago IL,XPO,Industrial,33,35,33,33,1,3960.0
10472,2025-05-02,2025-05-10,2025-05-03,2025-05-06,Chicago IL,FedEx,Home Goods,39,39,39,39,3,1872.0
10834,2025-05-02,2025-05-08,2025-05-03,2025-05-04,Chicago IL,XPO,Apparel,108,126,108,108,1,3456.0
12163,2025-05-02,2025-05-07,2025-05-07,2025-05-09,Ontario CA,UPS,Electronics,53,59,53,53,2,4505.0
12559,2025-05-02,2025-05-08,2025-05-04,2025-05-06,Chicago IL,FedEx,Apparel,76,74,76,76,2,2432.0
13473,2025-05-02,2025-05-09,2025-05-04,2025-05-06,Atlanta GA,UPS,Home Goods,15,17,15,15,2,720.0
10365,2025-05-03,2025-05-08,2025-05-06,2025-05-08,Ontario CA,UPS,Electronics,81,72,81,81,2,6885.0
11084,2025-05-03,2025-05-11,2025-05-08,2025-05-11,Chicago IL,FedEx,Home Goods,68,76,68,68,3,3264.0
11950,2025-05-03,2025-05-08,2025-05-04,2025-05-05,Ontario CA,UPS,Apparel,107,116,107,107,1,3424.0
12475,2025-05-03,2025-05-10,2025-05-05,2025-05-06,Dallas TX,XPO,Apparel,108,88,108,108,1,3456.0
13592,2025-05-03,2025-05-09,2025-05-06,2025-05-08,Ontario CA,FedEx,Industrial,104,118,104,104,2,12480.0
13594,2025-05-03,2025-05-09,2025-05-04,2025-05-05,Ontario CA,FedEx,Apparel,70,69,70,70,1,2240.0
10487,2025-05-04,2025-05-11,2025-05-06,2025-05-08,Chicago IL,UPS,Home Goods,102,91,102,102,2,4896.0
10676,2025-05-04,2025-05-09,2025-05-07,2025-05-08,Dallas TX,FedEx,Apparel,39,43,39,36,1,1152.0
10746,2025-05-04,2025-05-09,2025-05-06,2025-05-07,Dallas TX,UPS,Industrial,98,89,98,98,1,11760.0
11814,2025-05-04,2025-05-10,2025-05-06,2025-05-08,Ontario CA,FedEx,Electronics,76,72,76,76,2,6460.0
12160,2025-05-04,2025-05-09,2025-05-06,2025-05-07,Atlanta GA,FedEx,Home Goods,55,44,55,55,1,2640.0
12238,2025-05-04,2025-05-10,2025-05-05,2025-05-08,Atlanta GA,XPO,Apparel,56,53,42,42,3,1344.0
13087,2025-05-04,2025-05-09,2025-05-05,2025-05-07,Chicago IL,UPS,Electronics,32,36,32,32,2,2720.0
13501,2025-05-04,2025-05-10,2025-05-05,2025-05-07,Atlanta GA,UPS,Home Goods,108,103,108,108,2,5184.0
10172,2025-05-05,2025-05-12,2025-05-07,2025-05-10,Chicago IL,FedEx,Industrial,35,36,35,35,3,4200.0
10741,2025-05-05,2025-05-10,2025-05-06,2025-05-07,Dallas TX,UPS,Electronics,39,41,39,39,1,3315.0
11490,2025-05-05,2025-05-10,2025-05-07,2025-05-09,Chicago IL,FedEx,Industrial,87,74,87,84,2,10080.0
12342,2025-05-05,2025-05-12,2025-05-08,2025-05-09,Chicago IL,UPS,Apparel,86,100,86,86,1,2752.0
11190,2025-05-06,2025-05-13,2025-05-09,2025-05-10,Chicago IL,XPO,Electronics,98,89,98,98,1,8330.0
11570,2025-05-06,2025-05-14,2025-05-09,2025-05-10,Dallas TX,UPS,Industrial,72,71,72,72,1,8640.0
11637,2025-05-06,2025-05-13,2025-05-09,2025-05-11,Ontario CA,FedEx,Industrial,11,9,11,11,2,1320.0
11885,2025-05-06,2025-05-12,2025-05-07,2025-05-09,Atlanta GA,FedEx,Electronics,45,49,45,45,2,3825.0
12093,2025-05-06,2025-05-13,2025-05-07,2025-05-10,Ontario CA,UPS,Industrial,46,37,29,29,3,3480.0
12874,2025-05-06,2025-05-13,2025-05-08,2025-05-11,Chicago IL,XPO,Industrial,119,106,119,119,3,14280.0
12939,2025-05-06,2025-05-12,2025-05-09,2025-05-11,Ontario CA,XPO,Industrial,14,15,14,14,2,1680.0
13251,2025-05-06,2025-05-12,2025-05-08,2025-05-09,Chicago IL,XPO,Electronics,60,62,60,60,1,5100.0
13509,2025-05-06,2025-05-13,2025-05-08,2025-05-11,Chicago IL,XPO,Apparel,33,30,33,33,3,1056.0
13551,2025-05-06,2025-05-13,2025-05-09,2025-05-10,Dallas TX,FedEx,Home Goods,91,99,91,91,1,4368.0
10392,2025-05-07,2025-05-13,2025-05-08,2025-05-10,Ontario CA,FedEx,Apparel,78,69,78,78,2,2496.0
10747,2025-05-07,2025-05-13,2025-05-09,2025-05-11,Ontario CA,UPS,Home Goods,86,80,86,86,2,4128.0
10882,2025-05-07,2025-05-14,2025-05-09,2025-05-11,Chicago IL,FedEx,Electronics,117,136,117,117,2,9945.0
10929,2025-05-07,2025-05-12,2025-05-09,2025-05-11,Ontario CA,FedEx,Electronics,55,59,55,55,2,4675.0
11983,2025-05-07,2025-05-12,2025-05-09,2025-05-10,Ontario CA,FedEx,Home Goods,104,108,104,104,1,4992.0
12406,2025-05-07,2025-05-14,2025-05-08,2025-05-11,Chicago IL,UPS,Apparel,74,80,74,73,3,2336.0
12583,2025-05-07,2025-05-15,2025-05-08,2025-05-11,Dallas TX,XPO,Electronics,81,71,81,81,3,6885.0
12787,2025-05-07,2025-05-14,2025-05-10,2025-05-12,Dallas TX,UPS,Industrial,21,17,21,21,2,2520.0
12899,2025-05-07,2025-05-13,2025-05-08,2025-05-10,Ontario CA,FedEx,Electronics,36,32,36,36,2,3060.0
10336,2025-05-08,2025-05-13,2025-05-10,2025-05-12,Ontario CA,FedEx,Home Goods,107,117,107,107,2,5136.0
11419,2025-05-08,2025-05-13,2025-05-09,2025-05-11,Atlanta GA,XPO,Electronics,87,94,87,87,2,7395.0
11978,2025-05-08,2025-05-15,2025-05-10,2025-05-12,Dallas TX,FedEx,Apparel,47,48,47,47,2,1504.0
12140,2025-05-08,2025-05-13,2025-05-11,2025-05-12,Atlanta GA,UPS,Industrial,62,72,62,62,1,7440.0
13255,2025-05-08,2025-05-16,2025-05-09,2025-05-11,Atlanta GA,XPO,Apparel,72,72,72,72,2,2304.0
10290,2025-05-09,2025-05-14,2025-05-12,2025-05-15,Ontario CA,FedEx,Industrial,53,59,53,53,3,6360.0
10955,2025-05-09,2025-05-17,2025-05-10,2025-05-12,Dallas TX,FedEx,Electronics,93,77,93,93,2,7905.0
11404,2025-05-09,2025-05-16,2025-05-12,2025-05-14,Chicago IL,FedEx,Electronics,44,42,44,44,2,3740.0
12190,2025-05-09,2025-05-16,2025-05-10,2025-05-13,Chicago IL,UPS,Apparel,53,45,53,53,3,1696.0
12229,2025-05-09,2025-05-15,2025-05-10,2025-05-13,Dallas TX,UPS,Home Goods,49,41,49,49,3,2352.0
12667,2025-05-09,2025-05-15,2025-05-12,2025-05-14,Dallas TX,UPS,Home Goods,31,26,31,31,2,1488.0
10960,2025-05-10,2025-05-17,2025-05-11,2025-05-13,Dallas TX,UPS,Industrial,13,12,13,13,2,1560.0
11974,2025-05-10,2025-05-18,2025-05-12,2025-05-15,Ontario CA,FedEx,Home Goods,51,51,51,51,3,2448.0
12041,2025-05-10,2025-05-18,2025-05-15,2025-05-17,Dallas TX,FedEx,Electronics,77,77,77,77,2,6545.0
12610,2025-05-10,2025-05-17,2025-05-11,2025-05-14,Ontario CA,UPS,Home Goods,11,11,8,8,3,384.0
12914,2025-05-10,2025-05-18,2025-05-11,2025-05-12,Dallas TX,XPO,Industrial,68,61,68,68,1,8160.0
10476,2025-05-11,2025-05-18,2025-05-13,2025-05-16,Dallas TX,XPO,Apparel,97,95,97,97,3,3104.0
11562,2025-05-11,2025-05-19,2025-05-13,2025-05-16,Dallas TX,UPS,Electronics,81,80,81,81,3,6885.0
11819,2025-05-11,2025-05-18,2025-05-14,2025-05-17,Atlanta GA,XPO,Home Goods,81,90,81,81,3,3888.0
12764,2025-05-11,2025-05-16,2025-05-13,2025-05-15,Atlanta GA,XPO,Apparel,5,5,5,5,2,160.0
10097,2025-05-12,2025-05-19,2025-05-14,2025-05-17,Ontario CA,FedEx,Home Goods,101,101,101,101,3,4848.0
10488,2025-05-12,2025-05-19,2025-05-14,2025-05-17,Dallas TX,UPS,Apparel,73,78,73,73,3,2336.0
11019,2025-05-12,2025-05-18,2025-05-16,2025-05-19,Ontario CA,XPO,Apparel,101,87,101,101,3,3232.0
12049,2025-05-12,2025-05-17,2025-05-14,2025-05-15,Chicago IL,FedEx,Apparel,7,7,7,7,1,224.0
12170,2025-05-12,2025-05-17,2025-05-15,2025-05-16,Atlanta GA,XPO,Home Goods,51,60,51,51,1,2448.0
12596,2025-05-12,2025-05-18,2025-05-14,2025-05-16,Chicago IL,UPS,Home Goods,72,85,72,72,2,3456.0
10813,2025-05-13,2025-05-20,2025-05-16,2025-05-19,Ontario CA,FedEx,Electronics,50,46,50,50,3,4250.0
10211,2025-05-14,2025-05-22,2025-05-17,2025-05-19,Dallas TX,XPO,Apparel,113,124,113,113,2,3616.0
10574,2025-05-14,2025-05-19,2025-05-16,2025-05-18,Dallas TX,UPS,Electronics,59,61,59,59,2,5015.0
12401,2025-05-14,2025-05-21,2025-05-16,2025-05-19,Dallas TX,XPO,Apparel,58,48,58,58,3,1856.0
12915,2025-05-14,2025-05-21,2025-05-16,2025-05-17,Chicago IL,XPO,Apparel,100,84,100,100,1,3200.0
13399,2025-05-14,2025-05-19,2025-05-20,2025-05-21,Ontario CA,XPO,Electronics,80,81,80,80,1,6800.0
10148,2025-05-15,2025-05-22,2025-05-16,2025-05-19,Atlanta GA,UPS,Apparel,106,115,106,106,3,3392.0
10175,2025-05-15,2025-05-21,2025-05-16,2025-05-18,Ontario CA,UPS,Industrial,98,110,98,98,2,11760.0
10696,2025-05-15,2025-05-23,2025-05-17,2025-05-18,Chicago IL,FedEx,Home Goods,78,93,78,78,1,3744.0
11110,2025-05-15,2025-05-23,2025-05-17,2025-05-19,Dallas TX,FedEx,Home Goods,16,17,16,16,2,768.0
13005,2025-05-15,2025-05-23,2025-05-16,2025-05-19,Atlanta GA,UPS,Industrial,47,43,47,47,3,5640.0
13443,2025-05-15,2025-05-20,2025-05-16,2025-05-19,Dallas TX,UPS,Electronics,74,66,74,74,3,6290.0
10668,2025-05-16,2025-05-21,2025-05-18,2025-05-19,Dallas TX,UPS,Apparel,9,11,9,9,1,288.0
10906,2025-05-16,2025-05-23,2025-05-20,2025-05-22,Atlanta GA,UPS,Home Goods,76,88,76,76,2,3648.0
11874,2025-05-16,2025-05-23,2025-05-19,2025-05-21,Ontario CA,FedEx,Home Goods,77,80,77,77,2,3696.0
12884,2025-05-16,2025-05-24,2025-05-18,2025-05-21,Chicago IL,UPS,Home Goods,8,7,8,8,3,384.0
10462,2025-05-17,2025-05-22,2025-05-20,2025-05-22,Ontario CA,XPO,Apparel,104,117,104,104,2,3328.0
11313,2025-05-17,2025-05-25,2025-05-20,2025-05-23,Chicago IL,UPS,Electronics,120,127,120,120,3,10200.0
11609,2025-05-17,2025-05-25,2025-05-20,2025-05-21,Atlanta GA,XPO,Electronics,7,7,7,7,1,595.0
12494,2025-05-17,2025-05-23,2025-05-20,2025-05-22,Dallas TX,FedEx,Electronics,114,95,114,114,2,9690.0
12926,2025-05-17,2025-05-24,2025-05-21,2025-05-22,Ontario CA,UPS,Apparel,42,36,42,42,1,1344.0
10726,2025-05-18,2025-05-24,2025-05-20,2025-05-22,Atlanta GA,FedEx,Apparel,90,72,90,90,2,2880.0
11173,2025-05-18,2025-05-24,2025-05-20,2025-05-21,Ontario CA,UPS,Industrial,56,54,56,56,1,6720.0
11391,2025-05-18,2025-05-24,2025-05-19,2025-05-22,Dallas TX,UPS,Home Goods,120,133,120,120,3,5760.0
12932,2025-05-18,2025-05-23,2025-05-19,2025-05-20,Chicago IL,UPS,Home Goods,81,74,81,81,1,3888.0
10188,2025-05-19,2025-05-24,2025-05-21,2025-05-22,Chicago IL,UPS,Electronics,58,53,58,58,1,4930.0
10603,2025-05-19,2025-05-27,2025-05-22,2025-05-26,Ontario CA,XPO,Apparel,39,32,39,36,4,1152.0
11096,2025-05-19,2025-05-25,2025-05-22,2025-05-23,Dallas TX,UPS,Apparel,87,97,87,87,1,2784.0
11796,2025-05-19,2025-05-25,2025-05-20,2025-05-23,Atlanta GA,FedEx,Industrial,39,47,39,39,3,4680.0
11932,2025-05-19,2025-05-26,2025-05-20,2025-05-27,Atlanta GA,UPS,Home Goods,7,7,7,7,7,336.0
10578,2025-05-20,2025-05-27,2025-05-22,2025-05-23,Chicago IL,UPS,Apparel,7,7,7,7,1,224.0
11532,2025-05-20,2025-05-27,2025-05-21,2025-05-23,Chicago IL,FedEx,Electronics,68,80,61,61,2,5185.0
11848,2025-05-20,2025-05-28,2025-05-21,2025-05-24,Atlanta GA,FedEx,Home Goods,82,91,82,82,3,3936.0
12033,2025-05-20,2025-05-26,2025-05-21,2025-05-24,Atlanta GA,FedEx,Industrial,96,89,96,96,3,11520.0
13213,2025-05-20,2025-05-25,2025-05-23,2025-05-24,Ontario CA,FedEx,Electronics,120,107,120,120,1,10200.0
13414,2025-05-20,2025-05-26,2025-05-21,2025-05-22,Dallas TX,XPO,Industrial,73,68,73,73,1,8760.0
11067,2025-05-21,2025-05-27,2025-05-24,2025-05-27,Ontario CA,XPO,Electronics,51,58,36,36,3,3060.0
11614,2025-05-21,2025-05-28,2025-05-22,2025-05-25,Atlanta GA,FedEx,Home Goods,32,28,32,32,3,1536.0
13155,2025-05-21,2025-05-27,2025-05-23,2025-05-24,Chicago IL,FedEx,Apparel,48,40,48,48,1,1536.0
12499,2025-05-22,2025-05-29,2025-05-25,2025-05-29,Ontario CA,FedEx,Electronics,103,112,103,103,4,8755.0
12711,2025-05-22,2025-05-30,2025-05-24,2025-05-25,Chicago IL,FedEx,Electronics,21,18,21,21,1,1785.0
13186,2025-05-22,2025-05-27,2025-05-24,2025-05-26,Atlanta GA,FedEx,Electronics,102,119,102,102,2,8670.0
11216,2025-05-23,2025-05-31,2025-05-26,2025-05-28,Dallas TX,FedEx,Industrial,7,7,7,7,2,840.0
11847,2025-05-23,2025-05-28,2025-05-25,2025-05-27,Chicago IL,UPS,Apparel,14,17,14,14,2,448.0
12570,2025-05-23,2025-05-31,2025-05-26,2025-05-28,Ontario CA,FedEx,Electronics,67,64,67,67,2,5695.0
13294,2025-05-23,2025-05-29,2025-05-25,2025-05-26,Ontario CA,FedEx,Industrial,115,131,115,115,1,13800.0
13476,2025-05-23,2025-05-29,2025-05-26,2025-05-29,Chicago IL,FedEx,Home Goods,66,74,66,66,3,3168.0
10173,2025-05-24,2025-05-31,2025-05-26,2025-05-29,Ontario CA,UPS,Apparel,45,52,45,42,3,1344.0
13359,2025-05-24,2025-06-01,2025-05-26,2025-05-27,Ontario CA,UPS,Electronics,27,26,27,27,1,2295.0
10066,2025-05-25,2025-06-02,2025-05-27,2025-05-30,Atlanta GA,UPS,Industrial,39,38,39,39,3,4680.0
13093,2025-05-25,2025-05-31,2025-05-28,2025-05-29,Atlanta GA,UPS,Electronics,46,37,46,46,1,3910.0
10495,2025-05-26,2025-06-02,2025-05-29,2025-05-31,Ontario CA,XPO,Home Goods,24,19,24,24,2,1152.0
10688,2025-05-26,2025-05-31,2025-05-29,2025-06-01,Chicago IL,UPS,Home Goods,23,25,23,23,3,1104.0
11032,2025-05-26,2025-05-31,2025-05-28,2025-05-29,Atlanta GA,UPS,Electronics,34,32,28,28,1,2380.0
11282,2025-05-26,2025-06-01,2025-05-29,2025-05-31,Chicago IL,XPO,Home Goods,14,11,14,14,2,672.0
11468,2025-05-26,2025-06-02,2025-05-29,2025-06-01,Ontario CA,UPS,Apparel,96,111,96,96,3,3072.0
12980,2025-05-26,2025-06-01,2025-05-28,2025-05-31,Dallas TX,UPS,Electronics,60,67,60,60,3,5100.0
12168,2025-05-27,2025-06-04,2025-05-29,2025-06-01,Atlanta GA,FedEx,Apparel,48,44,48,48,3,1536.0
12457,2025-05-27,2025-06-01,2025-05-30,2025-05-31,Dallas TX,FedEx,Electronics,100,116,100,100,1,8500.0
12715,2025-05-27,2025-06-01,2025-05-30,2025-05-31,Dallas TX,FedEx,Apparel,32,33,32,32,1,1024.0
10445,2025-05-28,2025-06-04,2025-05-29,2025-06-01,Atlanta GA,FedEx,Electronics,9,9,9,9,3,765.0
10912,2025-05-28,2025-06-03,2025-05-31,2025-06-01,Atlanta GA,FedEx,Electronics,61,50,61,61,1,5185.0
10939,2025-05-28,2025-06-02,2025-05-30,2025-06-01,Ontario CA,XPO,Home Goods,91,83,91,91,2,4368.0
12053,2025-05-28,2025-06-05,2025-05-29,2025-05-31,Chicago IL,XPO,Apparel,35,36,35,35,2,1120.0
12523,2025-05-28,2025-06-05,2025-05-30,2025-05-31,Chicago IL,UPS,Electronics,63,57,63,63,1,5355.0
12851,2025-05-28,2025-06-03,2025-05-30,2025-06-01,Atlanta GA,UPS,Apparel,67,66,67,67,2,2144.0
12872,2025-05-28,2025-06-03,2025-05-31,2025-06-03,Chicago IL,FedEx,Industrial,98,86,98,98,3,11760.0
13084,2025-05-28,2025-06-03,2025-05-31,2025-06-03,Chicago IL,UPS,Electronics,51,56,51,51,3,4335.0
10020,2025-05-29,2025-06-04,2025-05-30,2025-06-02,Chicago IL,FedEx,Industrial,70,58,70,70,3,8400.0
10405,2025-05-29,2025-06-06,2025-05-31,2025-06-01,Ontario CA,UPS,Industrial,52,45,45,43,1,5160.0
11598,2025-05-29,2025-06-05,2025-05-30,2025-05-31,Dallas TX,FedEx,Home Goods,12,14,12,12,1,576.0
11954,2025-05-29,2025-06-05,2025-05-30,2025-06-02,Ontario CA,UPS,Industrial,21,25,21,21,3,2520.0
12589,2025-05-29,2025-06-05,2025-06-01,2025-06-02,Atlanta GA,XPO,Industrial,118,96,118,118,1,14160.0
12727,2025-05-29,2025-06-03,2025-06-01,2025-06-03,Dallas TX,FedEx,Apparel,25,23,25,25,2,800.0
12912,2025-05-29,2025-06-03,2025-06-01,2025-06-03,Ontario CA,UPS,Apparel,49,54,49,49,2,1568.0
12916,2025-05-29,2025-06-06,2025-05-31,2025-06-03,Chicago IL,XPO,Home Goods,102,105,102,102,3,4896.0
10088,2025-05-30,2025-06-06,2025-06-01,2025-06-02,Dallas TX,UPS,Electronics,115,122,115,115,1,9775.0
10567,2025-05-30,2025-06-04,2025-05-31,2025-06-03,Ontario CA,FedEx,Electronics,28,32,28,28,3,2380.0
10822,2025-05-30,2025-06-07,2025-06-02,2025-06-04,Atlanta GA,UPS,Industrial,59,58,59,59,2,7080.0
10918,2025-05-30,2025-06-05,2025-06-01,2025-06-02,Atlanta GA,FedEx,Apparel,103,91,103,103,1,3296.0
11222,2025-05-30,2025-06-06,2025-06-01,2025-06-03,Atlanta GA,FedEx,Apparel,94,88,94,94,2,3008.0
12040,2025-05-30,2025-06-07,2025-06-02,2025-06-04,Chicago IL,FedEx,Apparel,80,82,80,80,2,2560.0
12148,2025-05-30,2025-06-06,2025-05-31,2025-06-01,Ontario CA,FedEx,Home Goods,95,93,95,95,1,4560.0
12960,2025-05-30,2025-06-07,2025-05-31,2025-06-02,Chicago IL,FedEx,Home Goods,112,90,112,112,2,5376.0
13462,2025-05-30,2025-06-07,2025-05-31,2025-06-03,Dallas TX,XPO,Apparel,16,14,16,16,3,512.0
11002,2025-05-31,2025-06-05,2025-06-01,2025-06-03,Chicago IL,FedEx,Electronics,92,82,92,92,2,7820.0
11234,2025-05-31,2025-06-06,2025-06-03,2025-06-06,Atlanta GA,FedEx,Home Goods,15,15,15,15,3,720.0
11920,2025-05-31,2025-06-05,2025-06-02,2025-06-04,Chicago IL,XPO,Electronics,28,27,28,28,2,2380.0
10583,2025-06-01,2025-06-07,2025-06-02,2025-06-05,Atlanta GA,FedEx,Electronics,101,98,101,101,3,8585.0
10593,2025-06-01,2025-06-06,2025-06-04,2025-06-08,Ontario CA,FedEx,Electronics,95,96,95,95,4,8075.0
13068,2025-06-01,2025-06-09,2025-06-04,2025-06-05,Ontario CA,XPO,Industrial,50,46,50,50,1,6000.0
11381,2025-06-02,2025-06-09,2025-06-04,2025-06-06,Dallas TX,UPS,Industrial,36,41,36,36,2,4320.0
11861,2025-06-02,2025-06-08,2025-06-05,2025-06-08,Dallas TX,FedEx,Home Goods,68,64,68,68,3,3264.0
13310,2025-06-02,2025-06-08,2025-06-04,2025-06-05,Ontario CA,FedEx,Home Goods,69,56,69,69,1,3312.0
10011,2025-06-03,2025-06-08,2025-06-06,2025-06-07,Chicago IL,FedEx,Home Goods,25,25,25,25,1,1200.0
10474,2025-06-03,2025-06-09,2025-06-06,2025-06-08,Chicago IL,FedEx,Electronics,29,25,29,29,2,2465.0
10844,2025-06-03,2025-06-09,2025-06-04,2025-06-05,Atlanta GA,UPS,Electronics,43,48,43,43,1,3655.0
10922,2025-06-03,2025-06-08,2025-06-04,2025-06-06,Ontario CA,UPS,Electronics,78,75,78,78,2,6630.0
10967,2025-06-03,2025-06-09,2025-06-05,2025-06-08,Atlanta GA,XPO,Apparel,43,39,43,43,3,1376.0
11127,2025-06-03,2025-06-09,2025-06-06,2025-06-09,Chicago IL,FedEx,Industrial,25,21,25,25,3,3000.0
11739,2025-06-03,2025-06-08,2025-06-05,2025-06-06,Chicago IL,UPS,Apparel,47,50,47,47,1,1504.0
11991,2025-06-03,2025-06-09,2025-06-04,2025-06-06,Chicago IL,FedEx,Apparel,119,99,119,119,2,3808.0
12066,2025-06-03,2025-06-08,2025-06-05,2025-06-06,Chicago IL,UPS,Electronics,93,101,93,93,1,7905.0
12341,2025-06-03,2025-06-08,2025-06-06,2025-06-07,Chicago IL,FedEx,Home Goods,68,62,68,68,1,3264.0
13210,2025-06-03,2025-06-08,2025-06-08,2025-06-11,Chicago IL,XPO,Apparel,75,82,75,75,3,2400.0
13450,2025-06-03,2025-06-10,2025-06-06,2025-06-09,Dallas TX,UPS,Apparel,100,97,100,100,3,3200.0
13456,2025-06-03,2025-06-08,2025-06-06,2025-06-08,Dallas TX,UPS,Home Goods,120,117,120,120,2,5760.0
10300,2025-06-04,2025-06-10,2025-06-05,2025-06-08,Chicago IL,UPS,Home Goods,27,29,27,27,3,1296.0
10558,2025-06-04,2025-06-10,2025-06-06,2025-06-07,Chicago IL,UPS,Industrial,5,5,5,5,1,600.0
10863,2025-06-04,2025-06-09,2025-06-07,2025-06-09,Atlanta GA,XPO,Home Goods,53,60,53,53,2,2544.0
11555,2025-06-04,2025-06-09,2025-06-07,2025-06-10,Chicago IL,FedEx,Home Goods,28,28,28,28,3,1344.0
12321,2025-06-04,2025-06-12,2025-06-05,2025-06-06,Chicago IL,UPS,Home Goods,86,88,66,66,1,3168.0
11205,2025-06-05,2025-06-11,2025-06-07,2025-06-08,Ontario CA,FedEx,Electronics,71,82,71,71,1,6035.0
11214,2025-06-05,2025-06-12,2025-06-08,2025-06-11,Chicago IL,FedEx,Home Goods,97,92,97,97,3,4656.0
11271,2025-06-05,2025-06-13,2025-06-10,2025-06-13,Dallas TX,XPO,Electronics,111,131,111,111,3,9435.0
11608,2025-06-05,2025-06-10,2025-06-08,2025-06-10,Atlanta GA,XPO,Apparel,101,120,101,101,2,3232.0
11967,2025-06-05,2025-06-11,2025-06-10,2025-06-13,Ontario CA,UPS,Electronics,99,104,99,99,3,8415.0
12772,2025-06-05,2025-06-13,2025-06-08,2025-06-09,Atlanta GA,FedEx,Industrial,79,69,79,79,1,9480.0
13250,2025-06-05,2025-06-10,2025-06-06,2025-06-09,Dallas TX,UPS,Electronics,10,8,10,9,3,765.0
11129,2025-06-06,2025-06-11,2025-06-08,2025-06-09,Dallas TX,UPS,Home Goods,39,40,39,39,1,1872.0
11131,2025-06-06,2025-06-12,2025-06-09,2025-06-12,Dallas TX,UPS,Electronics,14,14,14,14,3,1190.0
11412,2025-06-06,2025-06-11,2025-06-09,2025-06-11,Dallas TX,UPS,Apparel,63,58,63,63,2,2016.0
11653,2025-06-06,2025-06-13,2025-06-08,2025-06-14,Ontario CA,XPO,Apparel,23,20,23,23,6,736.0
12842,2025-06-06,2025-06-14,2025-06-08,2025-06-09,Ontario CA,FedEx,Industrial,14,13,14,14,1,1680.0
13052,2025-06-06,2025-06-14,2025-06-09,2025-06-11,Chicago IL,FedEx,Electronics,83,79,83,83,2,7055.0
13145,2025-06-06,2025-06-11,2025-06-07,2025-06-08,Chicago IL,UPS,Industrial,61,53,61,61,1,7320.0
10704,2025-06-07,2025-06-15,2025-06-11,2025-06-12,Ontario CA,XPO,Home Goods,45,54,45,45,1,2160.0
11330,2025-06-07,2025-06-15,2025-06-08,2025-06-11,Chicago IL,XPO,Electronics,78,75,78,78,3,6630.0
11485,2025-06-07,2025-06-13,2025-06-08,2025-06-10,Ontario CA,UPS,Electronics,20,22,20,20,2,1700.0
12248,2025-06-07,2025-06-14,2025-06-08,2025-06-11,Chicago IL,FedEx,Electronics,66,59,66,66,3,5610.0
12897,2025-06-07,2025-06-15,2025-06-08,2025-06-11,Dallas TX,FedEx,Apparel,36,32,36,36,3,1152.0
13425,2025-06-07,2025-06-13,2025-06-08,2025-06-09,Atlanta GA,FedEx,Home Goods,100,92,100,99,1,4752.0
11414,2025-06-08,2025-06-15,2025-06-11,2025-06-13,Ontario CA,FedEx,Apparel,95,110,95,95,2,3040.0
11611,2025-06-08,2025-06-16,2025-06-09,2025-06-10,Chicago IL,FedEx,Electronics,41,45,25,25,1,2125.0
13026,2025-06-08,2025-06-16,2025-06-11,2025-06-13,Dallas TX,UPS,Electronics,60,63,60,60,2,5100.0
10636,2025-06-09,2025-06-14,2025-06-13,2025-06-15,Dallas TX,UPS,Apparel,34,29,34,34,2,1088.0
11530,2025-06-09,2025-06-14,2025-06-12,2025-06-13,Atlanta GA,XPO,Electronics,75,72,75,75,1,6375.0
11824,2025-06-09,2025-06-17,2025-06-10,2025-06-13,Chicago IL,XPO,Home Goods,21,19,21,21,3,1008.0
11840,2025-06-09,2025-06-15,2025-06-12,2025-06-15,Atlanta GA,XPO,Industrial,92,93,92,92,3,11040.0
12325,2025-06-09,2025-06-15,2025-06-10,2025-06-11,Atlanta GA,UPS,Electronics,103,93,103,103,1,8755.0
12833,2025-06-09,2025-06-17,2025-06-12,2025-06-14,Ontario CA,UPS,Apparel,100,101,100,100,2,3200.0
13374,2025-06-09,2025-06-17,2025-06-12,2025-06-15,Ontario CA,UPS,Home Goods,44,48,44,44,3,2112.0
10330,2025-06-10,2025-06-15,2025-06-13,2025-06-15,Chicago IL,FedEx,Home Goods,25,24,25,25,2,1200.0
11398,2025-06-10,2025-06-16,2025-06-12,2025-06-14,Dallas TX,FedEx,Home Goods,45,45,45,45,2,2160.0
11841,2025-06-10,2025-06-16,2025-06-11,2025-06-16,Atlanta GA,FedEx,Industrial,58,50,58,58,5,6960.0
12018,2025-06-10,2025-06-16,2025-06-13,2025-06-15,Atlanta GA,UPS,Electronics,105,96,105,105,2,8925.0
12305,2025-06-10,2025-06-16,2025-06-13,2025-06-16,Dallas TX,XPO,Electronics,5,4,5,5,3,425.0
12459,2025-06-10,2025-06-15,2025-06-11,2025-06-13,Dallas TX,UPS,Home Goods,92,105,92,92,2,4416.0
11314,2025-06-11,2025-06-16,2025-06-14,2025-06-15,Chicago IL,XPO,Industrial,41,36,41,41,1,4920.0
11378,2025-06-11,2025-06-16,2025-06-15,2025-06-16,Atlanta GA,FedEx,Apparel,12,11,12,12,1,384.0
12478,2025-06-11,2025-06-18,2025-06-12,2025-06-15,Chicago IL,FedEx,Apparel,56,61,56,56,3,1792.0
10114,2025-06-12,2025-06-18,2025-06-14,2025-06-15,Atlanta GA,FedEx,Industrial,25,23,25,25,1,3000.0
10229,2025-06-12,2025-06-19,2025-06-14,2025-06-18,Ontario CA,FedEx,Industrial,64,73,64,64,4,7680.0
12466,2025-06-12,2025-06-20,2025-06-14,2025-06-17,Atlanta GA,XPO,Industrial,28,25,21,21,3,2520.0
12577,2025-06-12,2025-06-19,2025-06-14,2025-06-17,Ontario CA,UPS,Electronics,60,53,60,60,3,5100.0
13207,2025-06-12,2025-06-18,2025-06-13,2025-06-16,Chicago IL,UPS,Electronics,52,44,52,52,3,4420.0
11059,2025-06-13,2025-06-19,2025-06-15,2025-06-18,Ontario CA,FedEx,Apparel,31,30,31,31,3,992.0
11401,2025-06-13,2025-06-19,2025-06-14,2025-06-17,Dallas TX,UPS,Industrial,76,89,76,75,3,9000.0
11589,2025-06-13,2025-06-20,2025-06-15,2025-06-18,Ontario CA,UPS,Electronics,61,53,61,61,3,5185.0
11792,2025-06-13,2025-06-18,2025-06-15,2025-06-17,Atlanta GA,XPO,Apparel,11,11,11,11,2,352.0
13000,2025-06-13,2025-06-20,2025-06-14,2025-06-17,Chicago IL,FedEx,Apparel,114,97,114,114,3,3648.0
13584,2025-06-13,2025-06-21,2025-06-16,2025-06-17,Atlanta GA,UPS,Industrial,112,91,112,112,1,13440.0
10644,2025-06-14,2025-06-19,2025-06-15,2025-06-17,Atlanta GA,XPO,Electronics,57,55,57,57,2,4845.0
10824,2025-06-14,2025-06-19,2025-06-16,2025-06-18,Dallas TX,FedEx,Apparel,39,44,39,39,2,1248.0
11229,2025-06-14,2025-06-19,2025-06-15,2025-06-16,Chicago IL,UPS,Electronics,35,41,35,35,1,2975.0
11590,2025-06-14,2025-06-22,2025-06-17,2025-06-20,Dallas TX,FedEx,Home Goods,14,14,14,14,3,672.0
12488,2025-06-14,2025-06-20,2025-06-15,2025-06-17,Chicago IL,FedEx,Industrial,52,42,52,52,2,6240.0
12963,2025-06-14,2025-06-19,2025-06-17,2025-06-20,Atlanta GA,FedEx,Apparel,58,62,58,58,3,1856.0
10408,2025-06-15,2025-06-20,2025-06-16,2025-06-18,Dallas TX,UPS,Apparel,71,79,71,71,2,2272.0
11210,2025-06-15,2025-06-21,2025-06-17,2025-06-20,Ontario CA,UPS,Home Goods,114,120,114,114,3,5472.0
11256,2025-06-15,2025-06-20,2025-06-16,2025-06-17,Dallas TX,UPS,Home Goods,59,66,59,59,1,2832.0
11327,2025-06-15,2025-06-22,2025-06-18,2025-06-19,Ontario CA,FedEx,Apparel,31,33,31,31,1,992.0
11735,2025-06-15,2025-06-21,2025-06-18,2025-06-19,Dallas TX,XPO,Apparel,24,24,24,24,1,768.0
11886,2025-06-15,2025-06-22,2025-06-16,2025-06-19,Chicago IL,XPO,Electronics,40,33,40,40,3,3400.0
12221,2025-06-15,2025-06-22,2025-06-17,2025-06-18,Dallas TX,FedEx,Apparel,25,28,25,25,1,800.0
12295,2025-06-15,2025-06-21,2025-06-16,2025-06-17,Ontario CA,XPO,Apparel,48,46,48,48,1,1536.0
10491,2025-06-16,2025-06-23,2025-06-18,2025-06-21,Ontario CA,UPS,Home Goods,88,93,88,88,3,4224.0
10522,2025-06-16,2025-06-23,2025-06-19,2025-06-22,Ontario CA,FedEx,Home Goods,89,89,89,89,3,4272.0
10677,2025-06-16,2025-06-24,2025-06-18,2025-06-20,Atlanta GA,XPO,Industrial,65,72,65,65,2,7800.0
10952,2025-06-16,2025-06-21,2025-06-19,2025-06-22,Ontario CA,FedEx,Industrial,58,69,58,58,3,6960.0
11038,2025-06-16,2025-06-24,2025-06-19,2025-06-21,Atlanta GA,XPO,Electronics,77,79,77,77,2,6545.0
12217,2025-06-16,2025-06-22,2025-06-19,2025-06-21,Atlanta GA,FedEx,Home Goods,49,58,49,49,2,2352.0
12360,2025-06-16,2025-06-22,2025-06-18,2025-06-23,Chicago IL,UPS,Electronics,53,58,53,53,5,4505.0
10328,2025-06-17,2025-06-23,2025-06-19,2025-06-21,Atlanta GA,XPO,Home Goods,38,39,38,38,2,1824.0
11008,2025-06-17,2025-06-25,2025-06-19,2025-06-22,Dallas TX,UPS,Apparel,81,80,81,81,3,2592.0
12343,2025-06-17,2025-06-25,2025-06-20,2025-06-23,Atlanta GA,XPO,Home Goods,23,23,23,23,3,1104.0
12555,2025-06-17,2025-06-24,2025-06-19,2025-06-20,Atlanta GA,UPS,Industrial,76,64,76,74,1,8880.0
12858,2025-06-17,2025-06-24,2025-06-19,2025-06-21,Dallas TX,XPO,Electronics,17,20,17,17,2,1445.0
12898,2025-06-17,2025-06-23,2025-06-20,2025-06-24,Ontario CA,XPO,Electronics,82,95,82,82,4,6970.0
13061,2025-06-17,2025-06-24,2025-06-20,2025-06-21,Atlanta GA,FedEx,Apparel,17,20,17,17,1,544.0
13560,2025-06-17,2025-06-22,2025-06-19,2025-06-22,Ontario CA,FedEx,Electronics,56,50,56,56,3,4760.0
11194,2025-06-18,2025-06-23,2025-06-20,2025-06-22,Chicago IL,UPS,Industrial,101,106,101,101,2,12120.0
11312,2025-06-18,2025-06-25,2025-06-20,2025-06-23,Ontario CA,UPS,Electronics,28,30,28,28,3,2380.0
11402,2025-06-18,2025-06-26,2025-06-21,2025-06-22,Ontario CA,FedEx,Apparel,10,12,10,10,1,320.0
11510,2025-06-18,2025-06-23,2025-06-21,2025-06-22,Atlanta GA,FedEx,Apparel,25,21,25,25,1,800.0
13004,2025-06-18,2025-06-26,2025-06-19,2025-06-20,Atlanta GA,FedEx,Home Goods,81,91,81,81,1,3888.0
10107,2025-06-19,2025-06-26,2025-06-22,2025-06-25,Atlanta GA,FedEx,Home Goods,41,39,41,41,3,1968.0
10285,2025-06-19,2025-06-27,2025-06-20,2025-06-22,Atlanta GA,UPS,Industrial,42,36,35,35,2,4200.0
10304,2025-06-19,2025-06-26,2025-06-20,2025-06-23,Ontario CA,FedEx,Electronics,90,74,90,90,3,7650.0
10964,2025-06-19,2025-06-27,2025-06-21,2025-06-22,Chicago IL,FedEx,Apparel,79,87,79,79,1,2528.0
11497,2025-06-19,2025-06-25,2025-06-20,2025-06-21,Dallas TX,FedEx,Apparel,67,78,67,67,1,2144.0
11557,2025-06-19,2025-06-27,2025-06-22,2025-06-24,Atlanta GA,FedEx,Electronics,14,15,14,14,2,1190.0
11829,2025-06-19,2025-06-27,2025-06-21,2025-06-22,Atlanta GA,FedEx,Industrial,102,96,102,101,1,12120.0
12088,2025-06-19,2025-06-27,2025-06-22,2025-06-23,Atlanta GA,UPS,Industrial,117,140,117,117,1,14040.0
12439,2025-06-19,2025-06-26,2025-06-26,2025-06-27,Dallas TX,UPS,Industrial,115,134,115,115,1,13800.0
12531,2025-06-19,2025-06-25,2025-06-20,2025-06-21,Atlanta GA,UPS,Industrial,117,97,117,117,1,14040.0
12714,2025-06-19,2025-06-27,2025-06-21,2025-06-24,Ontario CA,UPS,Industrial,120,137,120,120,3,14400.0
13383,2025-06-19,2025-06-27,2025-06-22,2025-06-23,Atlanta GA,FedEx,Electronics,15,15,15,15,1,1275.0
13597,2025-06-19,2025-06-27,2025-06-21,2025-06-23,Ontario CA,UPS,Electronics,30,30,30,30,2,2550.0
10936,2025-06-20,2025-06-25,2025-06-22,2025-06-25,Dallas TX,FedEx,Apparel,52,42,52,52,3,1664.0
12262,2025-06-20,2025-06-25,2025-06-23,2025-06-26,Ontario CA,XPO,Electronics,96,96,96,96,3,8160.0
12655,2025-06-20,2025-06-27,2025-06-23,2025-06-24,Ontario CA,XPO,Apparel,105,86,105,105,1,3360.0
12783,2025-06-20,2025-06-25,2025-06-22,2025-06-23,Chicago IL,FedEx,Industrial,77,86,77,77,1,9240.0
13045,2025-06-20,2025-06-27,2025-06-23,2025-06-26,Ontario CA,UPS,Industrial,11,11,11,11,3,1320.0
13102,2025-06-20,2025-06-27,2025-06-23,2025-06-25,Atlanta GA,UPS,Apparel,81,87,81,81,2,2592.0
13157,2025-06-20,2025-06-28,2025-06-23,2025-06-27,Ontario CA,UPS,Electronics,28,32,28,28,4,2380.0
13205,2025-06-20,2025-06-27,2025-06-21,2025-06-22,Ontario CA,FedEx,Home Goods,103,114,81,81,1,3888.0
13268,2025-06-20,2025-06-28,2025-06-21,2025-06-24,Atlanta GA,XPO,Apparel,80,78,80,80,3,2560.0
10565,2025-06-21,2025-06-27,2025-06-22,2025-06-24,Ontario CA,UPS,Electronics,107,106,107,107,2,9095.0
10831,2025-06-21,2025-06-28,2025-06-23,2025-06-24,Dallas TX,FedEx,Apparel,24,23,24,24,1,768.0
11158,2025-06-21,2025-06-29,2025-06-23,2025-06-25,Atlanta GA,UPS,Apparel,78,85,78,78,2,2496.0
11762,2025-06-21,2025-06-26,2025-06-23,2025-06-24,Chicago IL,XPO,Apparel,77,81,77,77,1,2464.0
12322,2025-06-21,2025-06-28,2025-06-23,2025-06-24,Chicago IL,UPS,Electronics,34,37,34,31,1,2635.0
12394,2025-06-21,2025-06-28,2025-06-23,2025-06-24,Ontario CA,FedEx,Apparel,40,37,37,37,1,1184.0
12550,2025-06-21,2025-06-29,2025-06-24,2025-06-25,Ontario CA,UPS,Electronics,44,43,44,44,1,3740.0
12659,2025-06-21,2025-06-27,2025-06-24,2025-06-27,Ontario CA,FedEx,Apparel,74,63,74,74,3,2368.0
13351,2025-06-21,2025-06-27,2025-06-23,2025-06-26,Ontario CA,FedEx,Electronics,70,73,70,70,3,5950.0
13507,2025-06-21,2025-06-27,2025-06-22,2025-06-24,Ontario CA,UPS,Apparel,9,11,9,9,2,288.0
13579,2025-06-21,2025-06-27,2025-06-23,2025-06-24,Ontario CA,XPO,Apparel,24,28,24,24,1,768.0
13598,2025-06-21,2025-06-26,2025-06-24,2025-06-26,Chicago IL,FedEx,Industrial,87,75,87,87,2,10440.0
10241,2025-06-22,2025-06-30,2025-06-25,2025-06-27,Dallas TX,XPO,Electronics,105,114,105,105,2,8925.0
10592,2025-06-22,2025-06-30,2025-06-24,2025-06-26,Ontario CA,XPO,Apparel,79,79,79,79,2,2528.0
11723,2025-06-22,2025-06-30,2025-06-23,2025-06-25,Atlanta GA,FedEx,Home Goods,78,73,78,78,2,3744.0
11772,2025-06-22,2025-06-29,2025-06-23,2025-06-25,Atlanta GA,XPO,Apparel,24,26,24,24,2,768.0
12705,2025-06-22,2025-06-30,2025-06-25,2025-06-28,Chicago IL,FedEx,Industrial,115,106,115,115,3,13800.0
12790,2025-06-22,2025-06-28,2025-06-24,2025-06-26,Atlanta GA,FedEx,Apparel,53,59,35,35,2,1120.0
13412,2025-06-22,2025-06-28,2025-06-23,2025-06-25,Ontario CA,FedEx,Industrial,26,27,26,26,2,3120.0
10888,2025-06-23,2025-06-30,2025-06-24,2025-06-27,Ontario CA,UPS,Electronics,10,9,10,10,3,850.0
11368,2025-06-23,2025-06-28,2025-06-25,2025-06-26,Dallas TX,UPS,Apparel,84,95,84,84,1,2688.0
13092,2025-06-23,2025-07-01,2025-06-25,2025-06-26,Dallas TX,FedEx,Home Goods,119,104,119,119,1,5712.0
10713,2025-06-24,2025-06-30,2025-06-25,2025-06-26,Dallas TX,UPS,Home Goods,26,28,26,26,1,1248.0
10752,2025-06-24,2025-06-29,2025-06-26,2025-06-27,Atlanta GA,UPS,Home Goods,97,91,84,84,1,4032.0
10838,2025-06-24,2025-07-01,2025-06-27,2025-06-28,Chicago IL,UPS,Apparel,65,65,65,65,1,2080.0
11206,2025-06-24,2025-07-01,2025-06-26,2025-06-27,Chicago IL,UPS,Electronics,80,77,80,80,1,6800.0
11749,2025-06-24,2025-06-30,2025-06-27,2025-07-03,Dallas TX,FedEx,Apparel,88,100,88,88,6,2816.0
11333,2025-06-25,2025-07-01,2025-06-26,2025-06-27,Chicago IL,FedEx,Home Goods,84,92,84,84,1,4032.0
12051,2025-06-25,2025-07-02,2025-06-28,2025-06-30,Dallas TX,XPO,Apparel,79,87,79,79,2,2528.0
13345,2025-06-25,2025-07-02,2025-06-26,2025-06-27,Chicago IL,FedEx,Home Goods,49,57,49,49,1,2352.0
10127,2025-06-26,2025-07-01,2025-06-29,2025-07-02,Atlanta GA,UPS,Apparel,36,43,36,36,3,1152.0
10698,2025-06-26,2025-07-01,2025-06-27,2025-06-30,Dallas TX,UPS,Apparel,31,37,31,31,3,992.0
11057,2025-06-26,2025-07-03,2025-06-28,2025-06-30,Chicago IL,UPS,Electronics,77,68,77,77,2,6545.0
12422,2025-06-26,2025-07-03,2025-06-27,2025-06-30,Chicago IL,UPS,Home Goods,14,13,14,14,3,672.0
10531,2025-06-27,2025-07-04,2025-06-30,2025-07-02,Chicago IL,FedEx,Apparel,14,15,14,14,2,448.0
10744,2025-06-27,2025-07-04,2025-06-30,2025-07-02,Chicago IL,UPS,Apparel,24,28,24,24,2,768.0
11003,2025-06-27,2025-07-03,2025-06-29,2025-07-02,Atlanta GA,UPS,Apparel,93,110,93,93,3,2976.0
11185,2025-06-27,2025-07-05,2025-06-30,2025-07-02,Chicago IL,UPS,Apparel,98,110,98,98,2,3136.0
11599,2025-06-27,2025-07-02,2025-06-28,2025-07-01,Ontario CA,UPS,Apparel,22,26,22,22,3,704.0
11656,2025-06-27,2025-07-04,2025-06-28,2025-07-01,Chicago IL,FedEx,Electronics,90,87,90,90,3,7650.0
11793,2025-06-27,2025-07-02,2025-06-30,2025-07-03,Dallas TX,UPS,Industrial,59,53,59,59,3,7080.0
11823,2025-06-27,2025-07-03,2025-06-29,2025-07-01,Atlanta GA,XPO,Home Goods,43,37,43,43,2,2064.0
11970,2025-06-27,2025-07-02,2025-06-29,2025-06-30,Dallas TX,UPS,Home Goods,11,10,11,11,1,528.0
12308,2025-06-27,2025-07-05,2025-06-29,2025-07-01,Chicago IL,FedEx,Apparel,32,35,32,32,2,1024.0
13464,2025-06-27,2025-07-02,2025-06-29,2025-06-30,Dallas TX,FedEx,Apparel,8,7,8,8,1,256.0
13524,2025-06-27,2025-07-03,2025-06-30,2025-07-03,Dallas TX,UPS,Industrial,77,72,77,77,3,9240.0
10382,2025-06-28,2025-07-04,2025-07-01,2025-07-03,Chicago IL,UPS,Apparel,36,37,36,36,2,1152.0
11789,2025-06-28,2025-07-06,2025-06-29,2025-07-02,Chicago IL,XPO,Home Goods,119,105,119,119,3,5712.0
11804,2025-06-28,2025-07-06,2025-06-30,2025-07-01,Atlanta GA,XPO,Apparel,56,58,56,56,1,1792.0
12389,2025-06-28,2025-07-06,2025-06-30,2025-07-03,Dallas TX,XPO,Electronics,23,24,23,23,3,1955.0
12694,2025-06-28,2025-07-06,2025-07-01,2025-07-04,Chicago IL,UPS,Apparel,67,80,67,67,3,2144.0
12743,2025-06-28,2025-07-06,2025-06-30,2025-07-01,Chicago IL,FedEx,Industrial,74,72,74,74,1,8880.0
10630,2025-06-29,2025-07-05,2025-06-30,2025-07-03,Atlanta GA,FedEx,Apparel,59,70,59,59,3,1888.0
10712,2025-06-29,2025-07-04,2025-07-02,2025-07-05,Ontario CA,FedEx,Home Goods,29,34,29,29,3,1392.0
10984,2025-06-29,2025-07-05,2025-06-30,2025-07-01,Chicago IL,UPS,Apparel,78,91,78,78,1,2496.0
11021,2025-06-29,2025-07-06,2025-07-02,2025-07-03,Chicago IL,XPO,Apparel,18,20,18,18,1,576.0
11299,2025-06-29,2025-07-05,2025-07-01,2025-07-02,Ontario CA,FedEx,Home Goods,48,46,48,48,1,2304.0
12127,2025-06-29,2025-07-07,2025-07-01,2025-07-03,Dallas TX,XPO,Electronics,83,100,83,83,2,7055.0
12708,2025-06-29,2025-07-06,2025-07-02,2025-07-03,Dallas TX,FedEx,Electronics,58,53,58,58,1,4930.0
10433,2025-06-30,2025-07-08,2025-07-01,2025-07-04,Ontario CA,UPS,Electronics,16,18,16,16,3,1360.0
10892,2025-06-30,2025-07-07,2025-07-03,2025-07-05,Ontario CA,FedEx,Apparel,68,74,68,68,2,2176.0
11155,2025-06-30,2025-07-07,2025-07-03,2025-07-06,Chicago IL,UPS,Industrial,46,53,46,46,3,5520.0
11717,2025-06-30,2025-07-08,2025-07-01,2025-07-02,Ontario CA,FedEx,Electronics,118,141,118,118,1,10030.0
12796,2025-06-30,2025-07-05,2025-07-03,2025-07-06,Atlanta GA,XPO,Industrial,54,63,54,54,3,6480.0
12956,2025-06-30,2025-07-05,2025-07-03,2025-07-04,Atlanta GA,UPS,Apparel,88,77,88,88,1,2816.0
10766,2025-07-01,2025-07-09,2025-07-03,2025-07-05,Ontario CA,FedEx,Industrial,28,31,28,28,2,3360.0
11834,2025-07-01,2025-07-06,2025-07-04,2025-07-07,Atlanta GA,UPS,Electronics,32,29,32,32,3,2720.0
12226,2025-07-01,2025-07-07,2025-07-05,2025-07-08,Atlanta GA,FedEx,Industrial,74,87,74,74,3,8880.0
12414,2025-07-01,2025-07-07,2025-07-02,2025-07-04,Ontario CA,FedEx,Apparel,89,101,89,89,2,2848.0
13161,2025-07-01,2025-07-06,2025-07-03,2025-07-04,Chicago IL,FedEx,Industrial,26,26,26,26,1,3120.0
13279,2025-07-01,2025-07-07,2025-07-04,2025-07-07,Atlanta GA,FedEx,Electronics,51,53,51,51,3,4335.0
13284,2025-07-01,2025-07-08,2025-07-04,2025-07-07,Ontario CA,XPO,Electronics,64,75,64,64,3,5440.0
13378,2025-07-01,2025-07-06,2025-07-04,2025-07-05,Atlanta GA,UPS,Electronics,56,52,56,56,1,4760.0
10258,2025-07-02,2025-07-07,2025-07-04,2025-07-09,Ontario CA,UPS,Home Goods,35,35,35,35,5,1680.0
11858,2025-07-02,2025-07-07,2025-07-09,2025-07-11,Dallas TX,FedEx,Industrial,101,97,101,101,2,12120.0
11877,2025-07-02,2025-07-08,2025-07-03,2025-07-05,Dallas TX,FedEx,Electronics,101,91,101,101,2,8585.0
12317,2025-07-02,2025-07-10,2025-07-04,2025-07-07,Chicago IL,UPS,Home Goods,49,52,49,49,3,2352.0
12777,2025-07-02,2025-07-07,2025-07-05,2025-07-06,Ontario CA,XPO,Electronics,107,104,74,74,1,6290.0
13103,2025-07-02,2025-07-10,2025-07-03,2025-07-04,Atlanta GA,FedEx,Electronics,106,115,106,106,1,9010.0
10223,2025-07-03,2025-07-09,2025-07-04,2025-07-06,Dallas TX,FedEx,Apparel,60,66,60,60,2,1920.0
10467,2025-07-03,2025-07-11,2025-07-07,2025-07-08,Chicago IL,XPO,Electronics,9,10,9,9,1,765.0
10847,2025-07-03,2025-07-08,2025-07-04,2025-07-05,Dallas TX,XPO,Apparel,36,41,36,36,1,1152.0
11090,2025-07-03,2025-07-10,2025-07-06,2025-07-07,Chicago IL,XPO,Electronics,81,84,81,81,1,6885.0
11826,2025-07-03,2025-07-11,2025-07-06,2025-07-08,Atlanta GA,FedEx,Industrial,101,108,101,101,2,12120.0
12369,2025-07-03,2025-07-10,2025-07-05,2025-07-07,Ontario CA,FedEx,Electronics,94,101,94,94,2,7990.0
12798,2025-07-03,2025-07-11,2025-07-06,2025-07-08,Ontario CA,UPS,Electronics,51,58,51,51,2,4335.0
12848,2025-07-03,2025-07-08,2025-07-05,2025-07-07,Chicago IL,XPO,Apparel,5,4,5,5,2,160.0
13281,2025-07-03,2025-07-09,2025-07-06,2025-07-08,Dallas TX,XPO,Industrial,65,66,65,65,2,7800.0
10205,2025-07-04,2025-07-09,2025-07-07,2025-07-10,Ontario CA,UPS,Electronics,103,114,103,103,3,8755.0
10641,2025-07-04,2025-07-10,2025-07-06,2025-07-09,Dallas TX,UPS,Electronics,9,11,9,9,3,765.0
10867,2025-07-04,2025-07-11,2025-07-06,2025-07-07,Ontario CA,UPS,Electronics,90,77,90,90,1,7650.0
11358,2025-07-04,2025-07-09,2025-07-07,2025-07-09,Atlanta GA,XPO,Apparel,70,57,70,70,2,2240.0
12622,2025-07-04,2025-07-10,2025-07-06,2025-07-08,Chicago IL,UPS,Electronics,106,91,106,106,2,9010.0
13570,2025-07-04,2025-07-12,2025-07-06,2025-07-09,Chicago IL,FedEx,Apparel,86,70,86,86,3,2752.0
11233,2025-07-05,2025-07-10,2025-07-08,2025-07-10,Dallas TX,UPS,Home Goods,100,119,100,100,2,4800.0
11541,2025-07-05,2025-07-11,2025-07-08,2025-07-09,Dallas TX,FedEx,Home Goods,78,79,78,78,1,3744.0
11721,2025-07-05,2025-07-10,2025-07-08,2025-07-09,Chicago IL,FedEx,Home Goods,112,110,112,109,1,5232.0
12058,2025-07-05,2025-07-10,2025-07-06,2025-07-09,Ontario CA,UPS,Industrial,120,119,120,117,3,14040.0
12178,2025-07-05,2025-07-10,2025-07-06,2025-07-07,Dallas TX,XPO,Electronics,34,38,34,34,1,2890.0
12552,2025-07-05,2025-07-11,2025-07-07,2025-07-09,Chicago IL,XPO,Electronics,69,67,69,69,2,5865.0
13550,2025-07-05,2025-07-12,2025-07-06,2025-07-10,Ontario CA,UPS,Apparel,108,119,108,108,4,3456.0
10363,2025-07-06,2025-07-14,2025-07-09,2025-07-12,Ontario CA,UPS,Electronics,86,99,86,86,3,7310.0
10938,2025-07-06,2025-07-14,2025-07-07,2025-07-09,Chicago IL,UPS,Industrial,11,10,11,11,2,1320.0
11753,2025-07-06,2025-07-11,2025-07-07,2025-07-09,Dallas TX,UPS,Electronics,118,137,72,72,2,6120.0
12781,2025-07-06,2025-07-13,2025-07-07,2025-07-09,Atlanta GA,FedEx,Home Goods,26,26,26,26,2,1248.0
12810,2025-07-06,2025-07-14,2025-07-08,2025-07-11,Atlanta GA,UPS,Industrial,119,109,119,119,3,14280.0
13496,2025-07-06,2025-07-13,2025-07-09,2025-07-11,Atlanta GA,UPS,Home Goods,100,109,100,100,2,4800.0
10083,2025-07-07,2025-07-15,2025-07-10,2025-07-15,Chicago IL,XPO,Apparel,88,74,88,88,5,2816.0
10352,2025-07-07,2025-07-15,2025-07-08,2025-07-10,Atlanta GA,FedEx,Electronics,92,102,77,77,2,6545.0
11322,2025-07-07,2025-07-15,2025-07-10,2025-07-12,Atlanta GA,FedEx,Electronics,20,20,20,20,2,1700.0
11428,2025-07-07,2025-07-14,2025-07-10,2025-07-12,Atlanta GA,FedEx,Electronics,109,107,109,109,2,9265.0
11567,2025-07-07,2025-07-12,2025-07-10,2025-07-15,Ontario CA,FedEx,Apparel,114,125,114,114,5,3648.0
12816,2025-07-07,2025-07-12,2025-07-10,2025-07-13,Chicago IL,FedEx,Home Goods,10,10,10,10,3,480.0
12835,2025-07-07,2025-07-12,2025-07-08,2025-07-11,Chicago IL,XPO,Electronics,74,67,74,74,3,6290.0
13578,2025-07-07,2025-07-12,2025-07-10,2025-07-13,Atlanta GA,UPS,Apparel,49,51,49,49,3,1568.0
10890,2025-07-08,2025-07-14,2025-07-11,2025-07-13,Chicago IL,FedEx,Home Goods,80,89,80,80,2,3840.0
11373,2025-07-08,2025-07-14,2025-07-09,2025-07-11,Dallas TX,XPO,Industrial,64,73,64,64,2,7680.0
11459,2025-07-08,2025-07-13,2025-07-09,2025-07-11,Dallas TX,UPS,Industrial,55,48,55,55,2,6600.0
11827,2025-07-08,2025-07-14,2025-07-09,2025-07-11,Dallas TX,XPO,Electronics,114,133,114,114,2,9690.0
12045,2025-07-08,2025-07-14,2025-07-10,2025-07-11,Dallas TX,FedEx,Apparel,36,41,36,36,1,1152.0
12189,2025-07-08,2025-07-16,2025-07-10,2025-07-13,Ontario CA,FedEx,Electronics,5,5,5,5,3,425.0
13475,2025-07-08,2025-07-16,2025-07-09,2025-07-11,Chicago IL,FedEx,Industrial,84,97,61,61,2,7320.0
13530,2025-07-08,2025-07-14,2025-07-10,2025-07-11,Dallas TX,FedEx,Home Goods,28,23,28,28,1,1344.0
11112,2025-07-09,2025-07-16,2025-07-11,2025-07-13,Ontario CA,FedEx,Apparel,37,43,37,37,2,1184.0
11714,2025-07-09,2025-07-16,2025-07-12,2025-07-13,Ontario CA,FedEx,Home Goods,118,119,118,118,1,5664.0
11846,2025-07-09,2025-07-17,2025-07-11,2025-07-14,Ontario CA,FedEx,Home Goods,118,120,118,118,3,5664.0
12054,2025-07-10,2025-07-15,2025-07-11,2025-07-14,Dallas TX,FedEx,Electronics,68,60,68,68,3,5780.0
11292,2025-07-11,2025-07-17,2025-07-12,2025-07-14,Ontario CA,UPS,Apparel,74,82,74,74,2,2368.0
12078,2025-07-11,2025-07-18,2025-07-12,2025-07-18,Atlanta GA,FedEx,Electronics,26,24,26,26,6,2210.0
11053,2025-07-12,2025-07-20,2025-07-14,2025-07-15,Ontario CA,XPO,Electronics,87,83,87,87,1,7395.0
11438,2025-07-12,2025-07-18,2025-07-13,2025-07-18,Chicago IL,XPO,Apparel,92,94,92,92,5,2944.0
11699,2025-07-12,2025-07-17,2025-07-13,2025-07-14,Dallas TX,UPS,Electronics,112,127,112,112,1,9520.0
13353,2025-07-12,2025-07-18,2025-07-15,2025-07-16,Atlanta GA,UPS,Home Goods,96,111,72,72,1,3456.0
13458,2025-07-12,2025-07-18,2025-07-15,2025-07-16,Ontario CA,XPO,Apparel,15,14,15,15,1,480.0
10221,2025-07-13,2025-07-18,2025-07-14,2025-07-15,Ontario CA,XPO,Home Goods,103,85,103,103,1,4944.0
10410,2025-07-13,2025-07-19,2025-07-15,2025-07-17,Ontario CA,FedEx,Electronics,8,7,8,8,2,680.0
11898,2025-07-13,2025-07-18,2025-07-14,2025-07-17,Dallas TX,UPS,Home Goods,50,57,50,50,3,2400.0
12184,2025-07-13,2025-07-20,2025-07-15,2025-07-17,Chicago IL,XPO,Apparel,108,113,108,108,2,3456.0
13309,2025-07-13,2025-07-21,2025-07-16,2025-07-17,Ontario CA,UPS,Industrial,43,42,43,43,1,5160.0
13499,2025-07-13,2025-07-18,2025-07-16,2025-07-19,Dallas TX,FedEx,Electronics,57,58,57,57,3,4845.0
10160,2025-07-14,2025-07-22,2025-07-15,2025-07-18,Chicago IL,UPS,Industrial,24,21,24,24,3,2880.0
10302,2025-07-14,2025-07-21,2025-07-17,2025-07-20,Chicago IL,FedEx,Industrial,84,91,84,84,3,10080.0
10842,2025-07-14,2025-07-19,2025-07-15,2025-07-18,Atlanta GA,XPO,Industrial,89,104,89,89,3,10680.0
11017,2025-07-14,2025-07-22,2025-07-15,2025-07-18,Ontario CA,UPS,Home Goods,104,117,104,104,3,4992.0
11654,2025-07-14,2025-07-22,2025-07-16,2025-07-18,Dallas TX,FedEx,Electronics,48,54,48,48,2,4080.0
12392,2025-07-14,2025-07-21,2025-07-16,2025-07-17,Ontario CA,XPO,Industrial,117,102,117,117,1,14040.0
12854,2025-07-14,2025-07-20,2025-07-15,2025-07-19,Chicago IL,FedEx,Industrial,18,15,18,18,4,2160.0
13201,2025-07-14,2025-07-22,2025-07-15,2025-07-17,Chicago IL,FedEx,Apparel,90,100,90,90,2,2880.0
11738,2025-07-15,2025-07-23,2025-07-18,2025-07-19,Chicago IL,UPS,Industrial,58,56,58,58,1,6960.0
13132,2025-07-15,2025-07-20,2025-07-21,2025-07-22,Ontario CA,UPS,Electronics,26,30,26,26,1,2210.0
13407,2025-07-15,2025-07-20,2025-07-17,2025-07-20,Ontario CA,UPS,Industrial,72,60,72,72,3,8640.0
10013,2025-07-16,2025-07-22,2025-07-19,2025-07-22,Ontario CA,XPO,Electronics,74,82,74,74,3,6290.0
10320,2025-07-16,2025-07-22,2025-07-19,2025-07-21,Dallas TX,FedEx,Apparel,13,12,13,13,2,416.0
11083,2025-07-16,2025-07-24,2025-07-17,2025-07-21,Chicago IL,UPS,Electronics,97,97,97,97,4,8245.0
11202,2025-07-16,2025-07-24,2025-07-17,2025-07-19,Atlanta GA,XPO,Industrial,89,82,89,89,2,10680.0
12417,2025-07-16,2025-07-21,2025-07-17,2025-07-18,Atlanta GA,XPO,Home Goods,75,83,75,75,1,3600.0
12943,2025-07-16,2025-07-24,2025-07-18,2025-07-20,Dallas TX,FedEx,Electronics,102,119,102,102,2,8670.0
12990,2025-07-16,2025-07-23,2025-07-17,2025-07-19,Chicago IL,FedEx,Electronics,80,92,80,80,2,6800.0
11260,2025-07-17,2025-07-24,2025-07-20,2025-07-21,Chicago IL,UPS,Home Goods,32,29,32,32,1,1536.0
12047,2025-07-17,2025-07-22,2025-07-20,2025-07-22,Dallas TX,XPO,Home Goods,91,87,91,91,2,4368.0
13107,2025-07-17,2025-07-23,2025-07-19,2025-07-20,Dallas TX,FedEx,Apparel,77,64,77,77,1,2464.0
13333,2025-07-17,2025-07-25,2025-07-18,2025-07-20,Ontario CA,UPS,Apparel,110,97,110,110,2,3520.0
12887,2025-07-18,2025-07-26,2025-07-19,2025-07-22,Ontario CA,UPS,Home Goods,6,7,6,4,3,192.0
12892,2025-07-18,2025-07-23,2025-07-19,2025-07-21,Ontario CA,UPS,Industrial,80,91,80,80,2,9600.0
13573,2025-07-18,2025-07-24,2025-07-20,2025-07-23,Dallas TX,UPS,Apparel,5,4,5,5,3,160.0
10339,2025-07-19,2025-07-26,2025-07-21,2025-07-24,Ontario CA,FedEx,Home Goods,76,78,76,76,3,3648.0
10639,2025-07-19,2025-07-25,2025-07-21,2025-07-24,Ontario CA,FedEx,Home Goods,15,14,15,15,3,720.0
10702,2025-07-19,2025-07-24,2025-07-22,2025-07-24,Atlanta GA,FedEx,Electronics,98,103,98,98,2,8330.0
11144,2025-07-19,2025-07-25,2025-07-20,2025-07-22,Chicago IL,FedEx,Apparel,75,78,75,75,2,2400.0
12522,2025-07-19,2025-07-26,2025-07-20,2025-07-21,Atlanta GA,UPS,Industrial,46,42,46,46,1,5520.0
12843,2025-07-19,2025-07-24,2025-07-21,2025-07-24,Chicago IL,UPS,Apparel,73,87,73,73,3,2336.0
10643,2025-07-20,2025-07-28,2025-07-22,2025-07-24,Ontario CA,FedEx,Electronics,30,25,30,30,2,2550.0
10782,2025-07-20,2025-07-25,2025-07-23,2025-07-25,Atlanta GA,FedEx,Electronics,16,13,16,13,2,1105.0
11486,2025-07-20,2025-07-28,2025-07-23,2025-07-26,Chicago IL,UPS,Electronics,114,114,114,114,3,9690.0
13116,2025-07-20,2025-07-25,2025-07-22,2025-07-24,Dallas TX,XPO,Apparel,90,90,90,90,2,2880.0
13119,2025-07-20,2025-07-27,2025-07-21,2025-07-24,Dallas TX,XPO,Apparel,28,28,28,28,3,896.0
13182,2025-07-20,2025-07-27,2025-07-21,2025-07-24,Chicago IL,XPO,Industrial,14,12,14,14,3,1680.0
13253,2025-07-20,2025-07-25,2025-07-21,2025-07-22,Dallas TX,FedEx,Apparel,50,52,50,50,1,1600.0
10254,2025-07-21,2025-07-26,2025-07-23,2025-07-25,Atlanta GA,UPS,Home Goods,43,38,43,43,2,2064.0
11026,2025-07-21,2025-07-29,2025-07-24,2025-07-27,Chicago IL,UPS,Industrial,78,89,78,78,3,9360.0
11900,2025-07-21,2025-07-28,2025-07-24,2025-07-25,Dallas TX,UPS,Industrial,22,21,22,22,1,2640.0
12588,2025-07-21,2025-07-28,2025-07-22,2025-07-23,Chicago IL,UPS,Industrial,105,100,105,105,1,12600.0
13128,2025-07-21,2025-07-26,2025-07-24,2025-07-27,Chicago IL,UPS,Apparel,7,7,7,7,3,224.0
13151,2025-07-21,2025-07-26,2025-07-28,2025-07-30,Chicago IL,FedEx,Home Goods,18,19,18,18,2,864.0
13196,2025-07-21,2025-07-29,2025-07-23,2025-07-27,Chicago IL,FedEx,Electronics,15,13,15,15,4,1275.0
10896,2025-07-22,2025-07-30,2025-07-23,2025-07-24,Dallas TX,XPO,Industrial,59,64,59,59,1,7080.0
11913,2025-07-22,2025-07-30,2025-07-25,2025-07-26,Dallas TX,FedEx,Industrial,20,17,20,20,1,2400.0
12073,2025-07-22,2025-07-27,2025-07-25,2025-07-27,Chicago IL,FedEx,Electronics,54,48,54,54,2,4590.0
12227,2025-07-22,2025-07-29,2025-07-24,2025-07-27,Dallas TX,UPS,Electronics,106,89,106,106,3,9010.0
12279,2025-07-22,2025-07-30,2025-07-23,2025-07-25,Ontario CA,FedEx,Electronics,14,13,14,14,2,1190.0
12560,2025-07-22,2025-07-28,2025-07-23,2025-07-30,Atlanta GA,FedEx,Electronics,105,105,105,105,7,8925.0
13245,2025-07-22,2025-07-30,2025-07-28,2025-07-30,Atlanta GA,XPO,Apparel,115,99,115,115,2,3680.0
10094,2025-07-23,2025-07-28,2025-07-26,2025-07-29,Atlanta GA,UPS,Apparel,108,105,108,108,3,3456.0
11552,2025-07-23,2025-07-31,2025-07-26,2025-07-27,Chicago IL,XPO,Industrial,69,72,69,69,1,8280.0
12289,2025-07-23,2025-07-28,2025-07-28,2025-07-31,Ontario CA,XPO,Electronics,55,49,55,55,3,4675.0
12612,2025-07-23,2025-07-29,2025-07-24,2025-07-29,Dallas TX,UPS,Apparel,83,89,83,82,5,2624.0
12868,2025-07-23,2025-07-30,2025-07-25,2025-07-28,Chicago IL,FedEx,Apparel,63,51,63,63,3,2016.0
10006,2025-07-24,2025-07-29,2025-07-26,2025-07-27,Atlanta GA,XPO,Electronics,104,86,104,104,1,8840.0
10516,2025-07-24,2025-08-01,2025-07-27,2025-07-30,Dallas TX,FedEx,Home Goods,19,18,19,19,3,912.0
11389,2025-07-24,2025-07-31,2025-07-29,2025-07-31,Chicago IL,UPS,Home Goods,117,105,117,117,2,5616.0
11460,2025-07-24,2025-07-29,2025-07-26,2025-07-28,Ontario CA,XPO,Industrial,55,54,55,55,2,6600.0
11475,2025-07-24,2025-07-31,2025-07-27,2025-07-29,Chicago IL,FedEx,Electronics,109,129,109,109,2,9265.0
11583,2025-07-24,2025-07-31,2025-07-27,2025-07-29,Chicago IL,UPS,Electronics,65,57,65,65,2,5525.0
12521,2025-07-24,2025-07-29,2025-07-27,2025-07-30,Atlanta GA,FedEx,Home Goods,106,119,106,106,3,5088.0
12663,2025-07-24,2025-08-01,2025-07-26,2025-07-28,Atlanta GA,UPS,Electronics,72,61,72,72,2,6120.0
13143,2025-07-24,2025-07-31,2025-07-25,2025-07-27,Ontario CA,UPS,Electronics,111,93,111,111,2,9435.0
10315,2025-07-25,2025-08-02,2025-07-27,2025-07-29,Chicago IL,XPO,Electronics,57,54,57,57,2,4845.0
10981,2025-07-25,2025-08-02,2025-07-28,2025-07-29,Chicago IL,UPS,Home Goods,113,129,113,113,1,5424.0
13031,2025-07-25,2025-07-31,2025-07-27,2025-07-29,Ontario CA,FedEx,Home Goods,47,53,47,47,2,2256.0
13090,2025-07-25,2025-07-31,2025-07-28,2025-07-31,Chicago IL,FedEx,Home Goods,52,49,49,49,3,2352.0
13429,2025-07-25,2025-07-30,2025-07-27,2025-07-30,Ontario CA,UPS,Industrial,26,21,26,25,3,3000.0
12491,2025-07-26,2025-08-02,2025-07-27,2025-07-29,Dallas TX,XPO,Apparel,5,4,5,5,2,160.0
12573,2025-07-26,2025-08-02,2025-07-28,2025-07-29,Ontario CA,FedEx,Home Goods,34,36,34,34,1,1632.0
12852,2025-07-26,2025-08-02,2025-07-29,2025-07-30,Chicago IL,XPO,Home Goods,88,86,88,88,1,4224.0
13121,2025-07-26,2025-07-31,2025-07-28,2025-07-29,Chicago IL,XPO,Electronics,59,66,59,59,1,5015.0
13291,2025-07-26,2025-08-03,2025-07-27,2025-07-30,Ontario CA,XPO,Industrial,110,130,110,110,3,13200.0
10729,2025-07-27,2025-08-04,2025-07-28,2025-07-31,Atlanta GA,UPS,Industrial,96,81,96,93,3,11160.0
11027,2025-07-27,2025-08-02,2025-07-28,2025-07-29,Dallas TX,XPO,Apparel,66,76,66,66,1,2112.0
11605,2025-07-27,2025-08-02,2025-07-29,2025-07-31,Chicago IL,UPS,Apparel,32,26,32,32,2,1024.0
11990,2025-07-27,2025-08-03,2025-07-30,2025-08-02,Chicago IL,UPS,Apparel,113,112,113,113,3,3616.0
12768,2025-07-27,2025-08-03,2025-07-30,2025-08-01,Ontario CA,UPS,Home Goods,99,112,99,99,2,4752.0
13494,2025-07-27,2025-08-03,2025-07-28,2025-07-30,Chicago IL,FedEx,Industrial,80,78,80,80,2,9600.0
10002,2025-07-28,2025-08-02,2025-07-29,2025-07-31,Ontario CA,FedEx,Electronics,80,73,80,80,2,6800.0
10271,2025-07-28,2025-08-04,2025-07-30,2025-08-01,Atlanta GA,FedEx,Home Goods,18,18,18,18,2,864.0
10765,2025-07-28,2025-08-02,2025-07-29,2025-07-31,Dallas TX,FedEx,Electronics,25,26,25,25,2,2125.0
11348,2025-07-28,2025-08-03,2025-07-31,2025-08-02,Chicago IL,XPO,Electronics,107,123,107,107,2,9095.0
13469,2025-07-28,2025-08-03,2025-07-29,2025-07-30,Dallas TX,FedEx,Industrial,61,51,61,61,1,7320.0
10137,2025-07-29,2025-08-04,2025-07-30,2025-08-01,Chicago IL,UPS,Electronics,39,38,39,39,2,3315.0
10150,2025-07-29,2025-08-04,2025-07-30,2025-08-02,Chicago IL,FedEx,Home Goods,99,102,99,99,3,4752.0
10525,2025-07-29,2025-08-06,2025-08-01,2025-08-03,Dallas TX,FedEx,Industrial,68,70,42,42,2,5040.0
11422,2025-07-29,2025-08-06,2025-07-31,2025-08-03,Atlanta GA,FedEx,Home Goods,87,75,87,87,3,4176.0
12744,2025-07-29,2025-08-03,2025-07-30,2025-08-03,Atlanta GA,UPS,Apparel,53,43,53,53,4,1696.0
13325,2025-07-29,2025-08-03,2025-07-31,2025-08-03,Ontario CA,UPS,Home Goods,83,72,83,83,3,3984.0
11501,2025-07-30,2025-08-05,2025-08-01,2025-08-03,Atlanta GA,UPS,Home Goods,96,79,96,96,2,4608.0
11681,2025-07-30,2025-08-07,2025-07-31,2025-08-01,Atlanta GA,UPS,Electronics,55,59,55,55,1,4675.0
11694,2025-07-30,2025-08-04,2025-08-02,2025-08-09,Ontario CA,UPS,Electronics,35,41,35,35,7,2975.0
11939,2025-07-30,2025-08-04,2025-07-31,2025-08-01,Dallas TX,FedEx,Industrial,26,25,26,26,1,3120.0
12508,2025-07-30,2025-08-06,2025-08-02,2025-08-03,Dallas TX,FedEx,Industrial,111,102,111,111,1,13320.0
13153,2025-07-30,2025-08-04,2025-08-01,2025-08-06,Dallas TX,FedEx,Apparel,36,33,36,34,5,1088.0
13278,2025-07-30,2025-08-04,2025-08-01,2025-08-04,Dallas TX,FedEx,Home Goods,116,135,116,114,3,5472.0
13357,2025-07-30,2025-08-05,2025-08-01,2025-08-08,Ontario CA,FedEx,Apparel,5,5,5,5,7,160.0
13442,2025-07-30,2025-08-05,2025-08-02,2025-08-03,Dallas TX,UPS,Home Goods,28,28,28,26,1,1248.0
10424,2025-08-01,2025-08-08,2025-08-03,2025-08-04,Atlanta GA,UPS,Home Goods,7,6,7,7,1,336.0
10757,2025-08-01,2025-08-08,2025-08-02,2025-08-04,Ontario CA,FedEx,Electronics,45,38,45,45,2,3825.0
12048,2025-08-01,2025-08-07,2025-08-04,2025-08-05,Dallas TX,UPS,Home Goods,94,93,94,94,1,4512.0
12805,2025-08-01,2025-08-08,2025-08-02,2025-08-09,Ontario CA,FedEx,Home Goods,38,35,38,38,7,1824.0
13382,2025-08-01,2025-08-06,2025-08-02,2025-08-04,Dallas TX,UPS,Industrial,92,80,92,92,2,11040.0
10047,2025-08-02,2025-08-09,2025-08-03,2025-08-05,Atlanta GA,UPS,Home Goods,89,84,89,89,2,4272.0
10980,2025-08-02,2025-08-10,2025-08-04,2025-08-07,Dallas TX,XPO,Apparel,116,130,116,116,3,3712.0
12492,2025-08-02,2025-08-10,2025-08-03,2025-08-05,Chicago IL,XPO,Home Goods,61,56,61,61,2,2928.0
12682,2025-08-02,2025-08-08,2025-08-03,2025-08-06,Atlanta GA,FedEx,Electronics,107,99,107,107,3,9095.0
13228,2025-08-02,2025-08-07,2025-08-04,2025-08-05,Dallas TX,FedEx,Apparel,18,17,18,18,1,576.0
10376,2025-08-03,2025-08-09,2025-08-04,2025-08-06,Atlanta GA,FedEx,Electronics,64,58,64,64,2,5440.0
10463,2025-08-03,2025-08-08,2025-08-05,2025-08-07,Atlanta GA,FedEx,Apparel,43,41,43,43,2,1376.0
10492,2025-08-03,2025-08-10,2025-08-05,2025-08-06,Atlanta GA,FedEx,Electronics,38,34,38,38,1,3230.0
11143,2025-08-03,2025-08-10,2025-08-05,2025-08-06,Dallas TX,FedEx,Electronics,84,91,84,84,1,7140.0
11904,2025-08-03,2025-08-09,2025-08-04,2025-08-07,Ontario CA,UPS,Apparel,91,74,91,91,3,2912.0
12619,2025-08-03,2025-08-10,2025-08-05,2025-08-06,Ontario CA,UPS,Electronics,89,74,89,89,1,7565.0
10528,2025-08-04,2025-08-09,2025-08-06,2025-08-08,Ontario CA,FedEx,Apparel,94,93,94,94,2,3008.0
11646,2025-08-04,2025-08-11,2025-08-07,2025-08-08,Ontario CA,FedEx,Home Goods,16,14,16,16,1,768.0
11964,2025-08-04,2025-08-12,2025-08-06,2025-08-10,Atlanta GA,FedEx,Home Goods,96,112,96,96,4,4608.0
10057,2025-08-05,2025-08-12,2025-08-08,2025-08-09,Dallas TX,XPO,Home Goods,31,33,31,29,1,1392.0
10658,2025-08-05,2025-08-11,2025-08-07,2025-08-10,Dallas TX,UPS,Electronics,85,92,85,85,3,7225.0
10949,2025-08-05,2025-08-13,2025-08-08,2025-08-09,Dallas TX,XPO,Home Goods,7,8,7,7,1,336.0
12132,2025-08-05,2025-08-13,2025-08-08,2025-08-11,Chicago IL,FedEx,Home Goods,29,31,21,21,3,1008.0
12658,2025-08-05,2025-08-11,2025-08-11,2025-08-13,Ontario CA,UPS,Industrial,98,99,98,98,2,11760.0
13050,2025-08-05,2025-08-10,2025-08-08,2025-08-11,Atlanta GA,UPS,Apparel,46,47,46,46,3,1472.0
10021,2025-08-06,2025-08-13,2025-08-08,2025-08-11,Dallas TX,UPS,Electronics,58,62,58,58,3,4930.0
10440,2025-08-06,2025-08-13,2025-08-07,2025-08-10,Atlanta GA,XPO,Home Goods,60,65,60,60,3,2880.0
11029,2025-08-06,2025-08-13,2025-08-07,2025-08-08,Ontario CA,FedEx,Home Goods,74,88,74,74,1,3552.0
11047,2025-08-06,2025-08-11,2025-08-09,2025-08-10,Dallas TX,FedEx,Electronics,118,136,118,118,1,10030.0
11955,2025-08-06,2025-08-11,2025-08-07,2025-08-10,Atlanta GA,XPO,Electronics,72,62,72,72,3,6120.0
12873,2025-08-06,2025-08-13,2025-08-07,2025-08-10,Atlanta GA,FedEx,Industrial,5,4,5,5,3,600.0
10861,2025-08-07,2025-08-13,2025-08-08,2025-08-10,Ontario CA,FedEx,Apparel,59,68,59,59,2,1888.0
10945,2025-08-07,2025-08-15,2025-08-09,2025-08-11,Chicago IL,UPS,Electronics,99,118,99,99,2,8415.0
11581,2025-08-07,2025-08-12,2025-08-09,2025-08-12,Atlanta GA,FedEx,Apparel,120,125,120,120,3,3840.0
10682,2025-08-08,2025-08-16,2025-08-09,2025-08-10,Dallas TX,FedEx,Home Goods,106,88,106,106,1,5088.0
11499,2025-08-08,2025-08-16,2025-08-10,2025-08-11,Atlanta GA,FedEx,Industrial,82,69,82,82,1,9840.0
12654,2025-08-08,2025-08-14,2025-08-09,2025-08-11,Dallas TX,UPS,Electronics,11,9,11,11,2,935.0
12794,2025-08-08,2025-08-13,2025-08-11,2025-08-13,Chicago IL,UPS,Industrial,63,68,63,63,2,7560.0
12972,2025-08-08,2025-08-14,2025-08-09,2025-08-16,Dallas TX,UPS,Industrial,96,114,96,96,7,11520.0
10401,2025-08-09,2025-08-15,2025-08-10,2025-08-13,Atlanta GA,XPO,Electronics,47,46,47,47,3,3995.0
10977,2025-08-09,2025-08-14,2025-08-10,2025-08-11,Atlanta GA,UPS,Apparel,109,100,109,109,1,3488.0
11443,2025-08-09,2025-08-14,2025-08-11,2025-08-18,Chicago IL,FedEx,Home Goods,33,30,33,33,7,1584.0
11865,2025-08-09,2025-08-14,2025-08-11,2025-08-12,Atlanta GA,UPS,Apparel,85,85,85,85,1,2720.0
12306,2025-08-09,2025-08-15,2025-08-10,2025-08-13,Ontario CA,UPS,Home Goods,30,32,30,30,3,1440.0
13532,2025-08-09,2025-08-14,2025-08-12,2025-08-15,Chicago IL,UPS,Electronics,58,55,58,58,3,4930.0
10239,2025-08-10,2025-08-16,2025-08-12,2025-08-13,Ontario CA,UPS,Apparel,53,57,53,53,1,1696.0
10286,2025-08-10,2025-08-15,2025-08-12,2025-08-14,Chicago IL,XPO,Home Goods,104,104,104,104,2,4992.0
10496,2025-08-10,2025-08-15,2025-08-11,2025-08-12,Ontario CA,FedEx,Home Goods,19,21,19,19,1,912.0
10689,2025-08-10,2025-08-15,2025-08-12,2025-08-15,Chicago IL,UPS,Apparel,95,113,95,95,3,3040.0
11031,2025-08-10,2025-08-16,2025-08-12,2025-08-14,Ontario CA,XPO,Home Goods,53,57,53,53,2,2544.0
13120,2025-08-10,2025-08-15,2025-08-12,2025-08-18,Dallas TX,FedEx,Electronics,18,18,18,18,6,1530.0
13164,2025-08-10,2025-08-16,2025-08-12,2025-08-14,Atlanta GA,UPS,Electronics,32,31,32,32,2,2720.0
13178,2025-08-10,2025-08-17,2025-08-12,2025-08-15,Dallas TX,UPS,Industrial,56,58,56,54,3,6480.0
10351,2025-08-11,2025-08-18,2025-08-13,2025-08-16,Ontario CA,FedEx,Industrial,102,119,102,102,3,12240.0
11253,2025-08-11,2025-08-18,2025-08-12,2025-08-14,Atlanta GA,FedEx,Electronics,55,56,55,55,2,4675.0
11587,2025-08-11,2025-08-18,2025-08-13,2025-08-14,Dallas TX,UPS,Apparel,19,16,19,19,1,608.0
11713,2025-08-11,2025-08-19,2025-08-13,2025-08-16,Chicago IL,XPO,Electronics,101,88,101,101,3,8585.0
13162,2025-08-11,2025-08-16,2025-08-13,2025-08-16,Chicago IL,XPO,Apparel,46,42,46,46,3,1472.0
10036,2025-08-12,2025-08-17,2025-08-13,2025-08-14,Ontario CA,UPS,Electronics,36,31,36,36,1,3060.0
10693,2025-08-12,2025-08-18,2025-08-13,2025-08-15,Chicago IL,FedEx,Electronics,59,63,59,59,2,5015.0
10796,2025-08-12,2025-08-17,2025-08-15,2025-08-16,Ontario CA,FedEx,Industrial,112,133,86,86,1,10320.0
10865,2025-08-12,2025-08-19,2025-08-13,2025-08-16,Chicago IL,FedEx,Electronics,107,118,107,107,3,9095.0
10868,2025-08-12,2025-08-18,2025-08-13,2025-08-16,Chicago IL,XPO,Apparel,117,115,117,117,3,3744.0
11835,2025-08-12,2025-08-19,2025-08-13,2025-08-15,Chicago IL,XPO,Industrial,48,57,48,48,2,5760.0
12344,2025-08-12,2025-08-17,2025-08-14,2025-08-17,Chicago IL,FedEx,Apparel,119,122,119,119,3,3808.0
10388,2025-08-13,2025-08-21,2025-08-14,2025-08-16,Dallas TX,UPS,Industrial,43,35,43,43,2,5160.0
10599,2025-08-13,2025-08-18,2025-08-16,2025-08-17,Chicago IL,UPS,Home Goods,69,80,69,69,1,3312.0
11302,2025-08-13,2025-08-18,2025-08-14,2025-08-17,Dallas TX,XPO,Electronics,81,80,81,81,3,6885.0
11895,2025-08-13,2025-08-21,2025-08-15,2025-08-16,Atlanta GA,UPS,Apparel,24,22,24,24,1,768.0
12209,2025-08-13,2025-08-19,2025-08-19,2025-08-22,Atlanta GA,FedEx,Electronics,92,75,92,92,3,7820.0
13238,2025-08-13,2025-08-21,2025-08-14,2025-08-16,Chicago IL,FedEx,Home Goods,60,69,60,60,2,2880.0
10805,2025-08-14,2025-08-20,2025-08-15,2025-08-16,Chicago IL,UPS,Home Goods,18,20,18,18,1,864.0
10999,2025-08-14,2025-08-19,2025-08-17,2025-08-20,Chicago IL,UPS,Apparel,38,39,38,38,3,1216.0
11439,2025-08-14,2025-08-19,2025-08-15,2025-08-18,Dallas TX,FedEx,Electronics,59,69,59,59,3,5015.0
11670,2025-08-14,2025-08-19,2025-08-16,2025-08-17,Atlanta GA,UPS,Industrial,117,138,117,117,1,14040.0
12373,2025-08-14,2025-08-19,2025-08-15,2025-08-17,Dallas TX,FedEx,Industrial,79,80,79,79,2,9480.0
12684,2025-08-14,2025-08-20,2025-08-15,2025-08-16,Dallas TX,FedEx,Apparel,26,25,20,20,1,640.0
13252,2025-08-14,2025-08-21,2025-08-16,2025-08-17,Dallas TX,FedEx,Home Goods,93,81,93,93,1,4464.0
13389,2025-08-14,2025-08-21,2025-08-17,2025-08-18,Chicago IL,UPS,Apparel,27,24,27,27,1,864.0
12639,2025-08-15,2025-08-21,2025-08-16,2025-08-17,Ontario CA,XPO,Electronics,103,85,103,103,1,8755.0
12907,2025-08-15,2025-08-22,2025-08-17,2025-08-19,Dallas TX,FedEx,Apparel,41,34,28,28,2,896.0
13576,2025-08-15,2025-08-21,2025-08-17,2025-08-20,Dallas TX,UPS,Industrial,112,124,112,112,3,13440.0
10034,2025-08-16,2025-08-24,2025-08-19,2025-08-20,Atlanta GA,UPS,Home Goods,61,65,61,61,1,2928.0
10078,2025-08-16,2025-08-24,2025-08-17,2025-08-20,Chicago IL,FedEx,Apparel,42,39,42,42,3,1344.0
10600,2025-08-16,2025-08-21,2025-08-18,2025-08-23,Atlanta GA,UPS,Apparel,10,10,10,10,5,320.0
11107,2025-08-16,2025-08-21,2025-08-19,2025-08-20,Atlanta GA,FedEx,Home Goods,94,96,94,92,1,4416.0
12557,2025-08-16,2025-08-23,2025-08-19,2025-08-20,Atlanta GA,UPS,Apparel,109,111,109,109,1,3488.0
12821,2025-08-16,2025-08-22,2025-08-19,2025-08-22,Ontario CA,FedEx,Apparel,105,123,105,105,3,3360.0
12973,2025-08-16,2025-08-23,2025-08-18,2025-08-21,Dallas TX,XPO,Electronics,51,46,51,51,3,4335.0
13174,2025-08-16,2025-08-22,2025-08-19,2025-08-22,Ontario CA,FedEx,Electronics,48,42,48,48,3,4080.0
13329,2025-08-16,2025-08-24,2025-08-17,2025-08-18,Chicago IL,UPS,Electronics,85,80,85,85,1,7225.0
10538,2025-08-17,2025-08-22,2025-08-19,2025-08-22,Atlanta GA,UPS,Industrial,16,14,16,16,3,1920.0
13008,2025-08-17,2025-08-22,2025-08-20,2025-08-22,Dallas TX,UPS,Electronics,100,81,100,100,2,8500.0
10777,2025-08-18,2025-08-26,2025-08-21,2025-08-22,Atlanta GA,XPO,Industrial,32,28,32,32,1,3840.0
11228,2025-08-18,2025-08-23,2025-08-21,2025-08-24,Chicago IL,XPO,Electronics,34,37,34,34,3,2890.0
11375,2025-08-18,2025-08-25,2025-08-21,2025-08-22,Ontario CA,FedEx,Apparel,69,66,69,69,1,2208.0
11539,2025-08-18,2025-08-24,2025-08-21,2025-08-24,Ontario CA,FedEx,Apparel,90,98,90,90,3,2880.0
11743,2025-08-18,2025-08-24,2025-08-20,2025-08-21,Dallas TX,UPS,Electronics,77,87,77,77,1,6545.0
11945,2025-08-18,2025-08-25,2025-08-20,2025-08-23,Ontario CA,FedEx,Home Goods,23,20,23,23,3,1104.0
12396,2025-08-18,2025-08-23,2025-08-19,2025-08-22,Ontario CA,XPO,Electronics,71,74,71,71,3,6035.0
10157,2025-08-19,2025-08-24,2025-08-22,2025-08-24,Dallas TX,FedEx,Home Goods,51,55,51,51,2,2448.0
10238,2025-08-19,2025-08-27,2025-08-20,2025-08-22,Dallas TX,FedEx,Apparel,13,11,13,13,2,416.0
11324,2025-08-19,2025-08-24,2025-08-21,2025-08-24,Chicago IL,UPS,Apparel,61,51,61,61,3,1952.0
11514,2025-08-19,2025-08-24,2025-08-22,2025-08-23,Ontario CA,XPO,Apparel,76,89,76,76,1,2432.0
12200,2025-08-19,2025-08-27,2025-08-20,2025-08-22,Dallas TX,XPO,Home Goods,48,54,48,47,2,2256.0
12465,2025-08-19,2025-08-26,2025-08-20,2025-08-22,Chicago IL,FedEx,Industrial,78,77,78,78,2,9360.0
12527,2025-08-19,2025-08-27,2025-08-21,2025-08-23,Chicago IL,XPO,Industrial,92,88,92,92,2,11040.0
12641,2025-08-19,2025-08-24,2025-08-21,2025-08-22,Dallas TX,XPO,Home Goods,58,54,58,58,1,2784.0
13062,2025-08-19,2025-08-25,2025-08-20,2025-08-23,Ontario CA,UPS,Industrial,69,79,69,69,3,8280.0
10008,2025-08-20,2025-08-25,2025-08-21,2025-08-22,Chicago IL,XPO,Apparel,22,22,22,22,1,704.0
10633,2025-08-20,2025-08-26,2025-08-22,2025-08-24,Chicago IL,FedEx,Home Goods,30,29,30,30,2,1440.0
11141,2025-08-20,2025-08-28,2025-08-23,2025-08-25,Ontario CA,FedEx,Industrial,11,13,11,11,2,1320.0
12621,2025-08-20,2025-08-28,2025-08-23,2025-08-26,Ontario CA,FedEx,Home Goods,80,76,80,80,3,3840.0
13082,2025-08-20,2025-08-25,2025-08-21,2025-08-22,Atlanta GA,FedEx,Apparel,56,50,56,56,1,1792.0
10174,2025-08-21,2025-08-29,2025-08-24,2025-08-26,Ontario CA,FedEx,Apparel,30,28,30,30,2,960.0
12092,2025-08-21,2025-08-27,2025-08-24,2025-08-27,Atlanta GA,UPS,Electronics,15,12,15,15,3,1275.0
12747,2025-08-21,2025-08-28,2025-08-22,2025-08-23,Atlanta GA,XPO,Electronics,24,24,24,24,1,2040.0
12894,2025-08-21,2025-08-28,2025-08-24,2025-08-25,Dallas TX,FedEx,Industrial,109,97,109,109,1,13080.0
11321,2025-08-22,2025-08-28,2025-08-24,2025-08-27,Atlanta GA,FedEx,Electronics,75,64,75,75,3,6375.0
11869,2025-08-22,2025-08-30,2025-08-24,2025-08-27,Chicago IL,FedEx,Apparel,119,104,119,119,3,3808.0
11944,2025-08-22,2025-08-28,2025-08-24,2025-08-25,Chicago IL,UPS,Electronics,32,30,26,26,1,2210.0
12038,2025-08-22,2025-08-30,2025-08-23,2025-08-24,Dallas TX,UPS,Apparel,18,17,18,18,1,576.0
10604,2025-08-23,2025-08-30,2025-08-26,2025-08-27,Chicago IL,UPS,Home Goods,88,98,88,88,1,4224.0
10672,2025-08-23,2025-08-28,2025-08-26,2025-08-28,Ontario CA,UPS,Apparel,98,112,98,98,2,3136.0
11989,2025-08-23,2025-08-28,2025-08-25,2025-08-26,Atlanta GA,FedEx,Electronics,94,79,57,57,1,4845.0
12206,2025-08-23,2025-08-28,2025-08-25,2025-08-27,Ontario CA,UPS,Apparel,32,36,32,32,2,1024.0
12568,2025-08-23,2025-08-31,2025-08-27,2025-08-30,Atlanta GA,UPS,Apparel,75,81,75,75,3,2400.0
12673,2025-08-23,2025-08-30,2025-08-26,2025-08-27,Ontario CA,XPO,Electronics,46,41,46,46,1,3910.0
13073,2025-08-23,2025-08-30,2025-08-24,2025-08-25,Atlanta GA,FedEx,Apparel,88,78,88,88,1,2816.0
10171,2025-08-24,2025-08-31,2025-08-25,2025-08-26,Chicago IL,UPS,Home Goods,116,135,116,116,1,5568.0
11624,2025-08-24,2025-08-29,2025-08-27,2025-08-30,Dallas TX,FedEx,Electronics,98,114,98,98,3,8330.0
13063,2025-08-24,2025-08-31,2025-08-26,2025-08-27,Chicago IL,FedEx,Home Goods,69,77,69,69,1,3312.0
10087,2025-08-25,2025-08-30,2025-08-28,2025-08-30,Chicago IL,FedEx,Apparel,21,23,21,21,2,672.0
10299,2025-08-25,2025-08-31,2025-08-28,2025-08-31,Ontario CA,UPS,Electronics,80,95,80,80,3,6800.0
11285,2025-08-25,2025-08-30,2025-08-27,2025-08-29,Ontario CA,UPS,Apparel,20,20,20,20,2,640.0
11309,2025-08-25,2025-09-01,2025-08-26,2025-08-28,Atlanta GA,UPS,Apparel,45,50,45,45,2,1440.0
11666,2025-08-25,2025-08-31,2025-08-27,2025-09-01,Ontario CA,FedEx,Home Goods,67,74,67,67,5,3216.0
13006,2025-08-25,2025-08-30,2025-08-28,2025-08-30,Dallas TX,UPS,Industrial,58,57,58,58,2,6960.0
13010,2025-08-25,2025-08-31,2025-08-27,2025-08-31,Atlanta GA,UPS,Electronics,28,25,28,28,4,2380.0
10248,2025-08-26,2025-09-01,2025-09-02,2025-09-08,Ontario CA,FedEx,Industrial,93,85,93,93,6,11160.0
11169,2025-08-26,2025-09-01,2025-08-27,2025-08-29,Atlanta GA,XPO,Apparel,104,120,104,104,2,3328.0
12649,2025-08-26,2025-08-31,2025-08-28,2025-08-30,Ontario CA,UPS,Electronics,75,66,75,75,2,6375.0
12893,2025-08-26,2025-09-03,2025-08-28,2025-08-29,Chicago IL,UPS,Home Goods,77,83,77,77,1,3696.0
12954,2025-08-26,2025-09-03,2025-08-29,2025-08-31,Chicago IL,UPS,Electronics,22,20,22,22,2,1870.0
13459,2025-08-26,2025-08-31,2025-08-29,2025-09-01,Dallas TX,FedEx,Home Goods,5,5,5,5,3,240.0
10501,2025-08-27,2025-09-04,2025-08-28,2025-08-31,Dallas TX,FedEx,Home Goods,86,100,86,86,3,4128.0
11821,2025-08-27,2025-09-01,2025-08-30,2025-08-31,Ontario CA,FedEx,Electronics,17,15,17,17,1,1445.0
12023,2025-08-27,2025-09-01,2025-08-28,2025-08-30,Atlanta GA,UPS,Apparel,92,74,92,92,2,2944.0
12219,2025-08-27,2025-09-04,2025-08-28,2025-08-29,Chicago IL,FedEx,Industrial,118,98,118,118,1,14160.0
12661,2025-08-27,2025-09-01,2025-08-30,2025-09-02,Dallas TX,FedEx,Apparel,23,26,23,23,3,736.0
12691,2025-08-27,2025-09-04,2025-08-29,2025-09-01,Ontario CA,UPS,Home Goods,120,116,120,120,3,5760.0
13214,2025-08-27,2025-09-01,2025-08-28,2025-08-29,Chicago IL,FedEx,Apparel,36,36,36,36,1,1152.0
11911,2025-08-28,2025-09-02,2025-08-31,2025-09-02,Ontario CA,FedEx,Electronics,46,51,46,46,2,3910.0
12182,2025-08-28,2025-09-05,2025-08-30,2025-08-31,Dallas TX,FedEx,Industrial,69,79,69,69,1,8280.0
12984,2025-08-28,2025-09-03,2025-08-31,2025-09-03,Dallas TX,UPS,Electronics,83,88,83,83,3,7055.0
13043,2025-08-28,2025-09-02,2025-08-29,2025-08-31,Chicago IL,XPO,Apparel,104,93,104,104,2,3328.0
13553,2025-08-28,2025-09-04,2025-08-31,2025-09-01,Dallas TX,FedEx,Apparel,87,91,87,87,1,2784.0
10049,2025-08-29,2025-09-06,2025-08-30,2025-09-02,Chicago IL,XPO,Electronics,16,15,16,14,3,1190.0
10708,2025-08-29,2025-09-04,2025-08-30,2025-09-02,Dallas TX,UPS,Electronics,96,83,96,96,3,8160.0
10903,2025-08-29,2025-09-04,2025-08-30,2025-09-02,Ontario CA,FedEx,Home Goods,5,6,5,5,3,240.0
12338,2025-08-29,2025-09-06,2025-08-31,2025-09-02,Chicago IL,FedEx,Home Goods,44,49,44,44,2,2112.0
13041,2025-08-29,2025-09-03,2025-09-01,2025-09-02,Dallas TX,FedEx,Home Goods,88,102,88,88,1,4224.0
10894,2025-08-30,2025-09-05,2025-08-31,2025-09-02,Chicago IL,UPS,Electronics,112,111,112,112,2,9520.0
11082,2025-08-30,2025-09-06,2025-09-01,2025-09-03,Chicago IL,FedEx,Industrial,55,54,55,55,2,6600.0
11248,2025-08-30,2025-09-06,2025-09-04,2025-09-05,Chicago IL,UPS,Electronics,22,21,22,22,1,1870.0
11505,2025-08-30,2025-09-05,2025-09-01,2025-09-02,Dallas TX,FedEx,Apparel,49,41,49,49,1,1568.0
11560,2025-08-30,2025-09-07,2025-09-02,2025-09-04,Chicago IL,FedEx,Apparel,33,34,33,33,2,1056.0
12231,2025-08-30,2025-09-06,2025-08-31,2025-09-01,Atlanta GA,UPS,Industrial,85,99,85,85,1,10200.0
12479,2025-08-30,2025-09-05,2025-09-01,2025-09-03,Dallas TX,UPS,Industrial,50,57,50,50,2,6000.0
12512,2025-08-30,2025-09-07,2025-08-31,2025-09-06,Ontario CA,UPS,Electronics,15,15,15,15,6,1275.0
13331,2025-08-30,2025-09-05,2025-08-31,2025-09-02,Atlanta GA,FedEx,Industrial,44,52,44,44,2,5280.0
13340,2025-08-30,2025-09-07,2025-09-02,2025-09-04,Atlanta GA,UPS,Home Goods,72,70,72,72,2,3456.0
10058,2025-08-31,2025-09-08,2025-09-01,2025-09-03,Dallas TX,FedEx,Apparel,95,87,95,95,2,3040.0
10253,2025-08-31,2025-09-06,2025-09-03,2025-09-07,Ontario CA,UPS,Industrial,60,71,60,60,4,7200.0
10546,2025-08-31,2025-09-07,2025-09-01,2025-09-03,Atlanta GA,UPS,Home Goods,116,127,116,116,2,5568.0
10751,2025-08-31,2025-09-05,2025-09-01,2025-09-03,Dallas TX,FedEx,Industrial,23,19,23,23,2,2760.0
12060,2025-08-31,2025-09-06,2025-09-02,2025-09-06,Chicago IL,UPS,Electronics,12,11,12,12,4,1020.0
12207,2025-08-31,2025-09-08,2025-09-02,2025-09-03,Atlanta GA,XPO,Home Goods,96,111,96,96,1,4608.0
13199,2025-08-31,2025-09-08,2025-09-01,2025-09-04,Ontario CA,FedEx,Electronics,52,55,52,52,3,4420.0
13322,2025-08-31,2025-09-06,2025-09-02,2025-09-03,Atlanta GA,FedEx,Home Goods,111,94,111,111,1,5328.0
13523,2025-08-31,2025-09-07,2025-09-01,2025-09-04,Atlanta GA,FedEx,Electronics,8,8,8,8,3,680.0
10260,2025-09-01,2025-09-08,2025-09-03,2025-09-04,Dallas TX,FedEx,Electronics,76,73,76,76,1,6460.0
10519,2025-09-01,2025-09-09,2025-09-03,2025-09-06,Ontario CA,FedEx,Industrial,112,109,112,112,3,13440.0
10666,2025-09-01,2025-09-08,2025-09-03,2025-09-05,Chicago IL,FedEx,Apparel,64,59,64,64,2,2048.0
10971,2025-09-01,2025-09-08,2025-09-03,2025-09-05,Atlanta GA,FedEx,Home Goods,38,38,38,38,2,1824.0
11423,2025-09-01,2025-09-06,2025-09-04,2025-09-07,Ontario CA,UPS,Electronics,57,65,57,57,3,4845.0
12065,2025-09-02,2025-09-10,2025-09-03,2025-09-05,Atlanta GA,XPO,Apparel,62,70,62,62,2,1984.0
12580,2025-09-02,2025-09-10,2025-09-04,2025-09-06,Ontario CA,FedEx,Apparel,71,64,71,71,2,2272.0
13519,2025-09-02,2025-09-07,2025-09-05,2025-09-10,Atlanta GA,XPO,Home Goods,102,87,102,102,5,4896.0
10090,2025-09-03,2025-09-08,2025-09-06,2025-09-09,Ontario CA,UPS,Apparel,60,50,60,60,3,1920.0
10118,2025-09-03,2025-09-10,2025-09-04,2025-09-05,Chicago IL,UPS,Apparel,42,41,42,42,1,1344.0
10771,2025-09-03,2025-09-10,2025-09-04,2025-09-06,Chicago IL,FedEx,Electronics,110,129,110,110,2,9350.0
11118,2025-09-03,2025-09-11,2025-09-06,2025-09-07,Ontario CA,FedEx,Apparel,43,42,43,43,1,1376.0
12544,2025-09-03,2025-09-09,2025-09-04,2025-09-07,Atlanta GA,FedEx,Apparel,64,59,64,64,3,2048.0
13315,2025-09-03,2025-09-11,2025-09-06,2025-09-07,Atlanta GA,FedEx,Electronics,83,87,83,83,1,7055.0
10337,2025-09-04,2025-09-09,2025-09-07,2025-09-12,Ontario CA,FedEx,Industrial,5,5,5,5,5,600.0
11458,2025-09-04,2025-09-09,2025-09-05,2025-09-08,Dallas TX,UPS,Electronics,53,61,53,52,3,4420.0
11919,2025-09-04,2025-09-11,2025-09-06,2025-09-09,Dallas TX,FedEx,Electronics,18,19,18,18,3,1530.0
10620,2025-09-05,2025-09-10,2025-09-07,2025-09-10,Dallas TX,UPS,Home Goods,64,72,64,64,3,3072.0
11766,2025-09-05,2025-09-10,2025-09-07,2025-09-10,Chicago IL,UPS,Electronics,8,6,8,8,3,680.0
12282,2025-09-05,2025-09-11,2025-09-07,2025-09-08,Atlanta GA,UPS,Electronics,57,58,57,57,1,4845.0
12384,2025-09-05,2025-09-10,2025-09-07,2025-09-11,Atlanta GA,UPS,Home Goods,83,90,83,83,4,3984.0
13193,2025-09-05,2025-09-11,2025-09-07,2025-09-08,Chicago IL,UPS,Apparel,72,65,72,72,1,2304.0
10618,2025-09-06,2025-09-11,2025-09-07,2025-09-10,Dallas TX,UPS,Home Goods,79,67,79,79,3,3792.0
11940,2025-09-06,2025-09-12,2025-09-09,2025-09-10,Chicago IL,XPO,Electronics,113,94,113,113,1,9605.0
12845,2025-09-06,2025-09-12,2025-09-07,2025-09-09,Chicago IL,FedEx,Industrial,94,78,94,94,2,11280.0
13587,2025-09-06,2025-09-11,2025-09-07,2025-09-09,Dallas TX,FedEx,Home Goods,93,99,93,93,2,4464.0
10610,2025-09-07,2025-09-12,2025-09-08,2025-09-09,Chicago IL,XPO,Apparel,108,117,108,106,1,3392.0
11527,2025-09-07,2025-09-13,2025-09-10,2025-09-12,Chicago IL,XPO,Industrial,11,10,11,11,2,1320.0
12232,2025-09-07,2025-09-15,2025-09-09,2025-09-10,Dallas TX,XPO,Electronics,64,60,64,64,1,5440.0
12946,2025-09-07,2025-09-14,2025-09-09,2025-09-12,Ontario CA,FedEx,Electronics,81,65,81,81,3,6885.0
13484,2025-09-07,2025-09-15,2025-09-10,2025-09-12,Dallas TX,UPS,Apparel,42,37,42,42,2,1344.0
13581,2025-09-07,2025-09-14,2025-09-08,2025-09-11,Dallas TX,XPO,Home Goods,117,125,117,117,3,5616.0
10576,2025-09-08,2025-09-16,2025-09-10,2025-09-13,Ontario CA,FedEx,Industrial,42,46,42,42,3,5040.0
10794,2025-09-08,2025-09-13,2025-09-11,2025-09-13,Chicago IL,FedEx,Electronics,40,43,40,40,2,3400.0
11051,2025-09-08,2025-09-13,2025-09-10,2025-09-11,Chicago IL,FedEx,Apparel,45,37,45,45,1,1440.0
12318,2025-09-08,2025-09-13,2025-09-11,2025-09-12,Ontario CA,XPO,Industrial,45,50,45,45,1,5400.0
13416,2025-09-08,2025-09-14,2025-09-09,2025-09-14,Chicago IL,UPS,Home Goods,13,12,13,13,5,624.0
10563,2025-09-09,2025-09-17,2025-09-11,2025-09-14,Dallas TX,XPO,Electronics,70,62,70,70,3,5950.0
11850,2025-09-09,2025-09-14,2025-09-10,2025-09-13,Atlanta GA,UPS,Electronics,75,86,75,75,3,6375.0
12008,2025-09-09,2025-09-16,2025-09-12,2025-09-15,Ontario CA,FedEx,Industrial,75,85,75,75,3,9000.0
12811,2025-09-09,2025-09-14,2025-09-10,2025-09-12,Dallas TX,FedEx,Industrial,19,20,19,19,2,2280.0
10450,2025-09-10,2025-09-17,2025-09-13,2025-09-14,Chicago IL,UPS,Electronics,52,58,52,52,1,4420.0
10736,2025-09-10,2025-09-18,2025-09-11,2025-09-14,Ontario CA,FedEx,Apparel,39,34,39,39,3,1248.0
10792,2025-09-10,2025-09-17,2025-09-12,2025-09-14,Atlanta GA,FedEx,Industrial,19,17,19,19,2,2280.0
10979,2025-09-10,2025-09-18,2025-09-12,2025-09-15,Dallas TX,FedEx,Home Goods,87,84,87,87,3,4176.0
12648,2025-09-10,2025-09-15,2025-09-13,2025-09-14,Chicago IL,XPO,Electronics,104,107,104,104,1,8840.0
12951,2025-09-10,2025-09-18,2025-09-12,2025-09-13,Chicago IL,FedEx,Electronics,72,67,72,70,1,5950.0
11263,2025-09-11,2025-09-18,2025-09-14,2025-09-17,Ontario CA,FedEx,Home Goods,71,65,71,71,3,3408.0
11157,2025-09-12,2025-09-20,2025-09-15,2025-09-18,Dallas TX,XPO,Home Goods,22,18,22,22,3,1056.0
12831,2025-09-12,2025-09-20,2025-09-13,2025-09-16,Ontario CA,XPO,Home Goods,98,105,98,98,3,4704.0
13194,2025-09-12,2025-09-17,2025-09-13,2025-09-19,Chicago IL,FedEx,Home Goods,59,69,59,59,6,2832.0
13319,2025-09-12,2025-09-17,2025-09-15,2025-09-20,Ontario CA,UPS,Industrial,43,38,43,43,5,5160.0
10761,2025-09-13,2025-09-18,2025-09-14,2025-09-16,Chicago IL,UPS,Electronics,68,57,68,68,2,5780.0
11013,2025-09-13,2025-09-18,2025-09-16,2025-09-17,Ontario CA,FedEx,Apparel,18,19,18,18,1,576.0
11628,2025-09-13,2025-09-21,2025-09-14,2025-09-16,Ontario CA,FedEx,Industrial,76,74,76,76,2,9120.0
11805,2025-09-13,2025-09-21,2025-09-14,2025-09-15,Ontario CA,FedEx,Apparel,5,5,5,5,1,160.0
12548,2025-09-13,2025-09-21,2025-09-15,2025-09-16,Ontario CA,UPS,Electronics,33,33,33,33,1,2805.0
12575,2025-09-13,2025-09-18,2025-09-16,2025-09-17,Ontario CA,UPS,Electronics,43,51,43,43,1,3655.0
13054,2025-09-13,2025-09-18,2025-09-14,2025-09-15,Atlanta GA,XPO,Home Goods,86,103,78,78,1,3744.0
10738,2025-09-14,2025-09-22,2025-09-15,2025-09-16,Chicago IL,FedEx,Electronics,36,35,36,36,1,3060.0
11257,2025-09-14,2025-09-21,2025-09-17,2025-09-18,Dallas TX,FedEx,Electronics,92,90,92,92,1,7820.0
11561,2025-09-14,2025-09-22,2025-09-16,2025-09-18,Atlanta GA,UPS,Electronics,23,25,23,23,2,1955.0
11914,2025-09-14,2025-09-22,2025-09-16,2025-09-17,Ontario CA,UPS,Electronics,70,66,70,70,1,5950.0
12419,2025-09-14,2025-09-21,2025-09-16,2025-09-18,Atlanta GA,UPS,Apparel,79,84,79,79,2,2528.0
12427,2025-09-14,2025-09-20,2025-09-16,2025-09-17,Dallas TX,FedEx,Industrial,88,79,88,88,1,10560.0
12896,2025-09-14,2025-09-21,2025-09-16,2025-09-17,Ontario CA,UPS,Industrial,47,41,47,46,1,5520.0
10065,2025-09-15,2025-09-20,2025-09-16,2025-09-17,Chicago IL,FedEx,Home Goods,6,6,6,6,1,288.0
10117,2025-09-15,2025-09-20,2025-09-16,2025-09-19,Dallas TX,UPS,Apparel,35,32,35,35,3,1120.0
10419,2025-09-15,2025-09-21,2025-09-18,2025-09-21,Atlanta GA,UPS,Industrial,84,79,84,84,3,10080.0
13361,2025-09-15,2025-09-22,2025-09-17,2025-09-20,Dallas TX,UPS,Electronics,77,73,77,77,3,6545.0
13384,2025-09-15,2025-09-20,2025-09-17,2025-09-20,Dallas TX,UPS,Electronics,115,114,115,115,3,9775.0
10420,2025-09-16,2025-09-24,2025-09-19,2025-09-22,Atlanta GA,XPO,Electronics,5,4,5,5,3,425.0
10970,2025-09-16,2025-09-22,2025-09-17,2025-09-18,Chicago IL,FedEx,Electronics,29,32,29,29,1,2465.0
11291,2025-09-16,2025-09-24,2025-09-17,2025-09-19,Dallas TX,UPS,Apparel,41,38,41,41,2,1312.0
11548,2025-09-16,2025-09-22,2025-09-19,2025-09-20,Atlanta GA,UPS,Apparel,72,60,49,49,1,1568.0
12364,2025-09-16,2025-09-21,2025-09-17,2025-09-20,Dallas TX,XPO,Electronics,33,27,33,33,3,2805.0
13465,2025-09-16,2025-09-21,2025-09-19,2025-09-20,Atlanta GA,XPO,Home Goods,77,68,77,77,1,3696.0
10112,2025-09-17,2025-09-25,2025-09-18,2025-09-21,Ontario CA,FedEx,Electronics,35,32,35,35,3,2975.0
10141,2025-09-17,2025-09-24,2025-09-18,2025-09-21,Dallas TX,FedEx,Electronics,106,127,106,106,3,9010.0
11659,2025-09-17,2025-09-22,2025-09-20,2025-09-23,Ontario CA,FedEx,Home Goods,35,35,35,35,3,1680.0
11746,2025-09-17,2025-09-22,2025-09-20,2025-09-23,Ontario CA,FedEx,Industrial,53,55,37,37,3,4440.0
13380,2025-09-17,2025-09-25,2025-09-20,2025-09-21,Dallas TX,UPS,Electronics,14,15,14,14,1,1190.0
13437,2025-09-17,2025-09-23,2025-09-20,2025-09-23,Dallas TX,FedEx,Home Goods,102,118,102,102,3,4896.0
10131,2025-09-18,2025-09-26,2025-09-20,2025-09-21,Dallas TX,FedEx,Industrial,96,104,96,96,1,11520.0
10146,2025-09-18,2025-09-25,2025-09-21,2025-09-23,Dallas TX,UPS,Industrial,71,63,71,71,2,8520.0
10473,2025-09-18,2025-09-24,2025-09-19,2025-09-20,Atlanta GA,FedEx,Industrial,5,5,5,5,1,600.0
11249,2025-09-18,2025-09-23,2025-09-20,2025-09-22,Ontario CA,UPS,Home Goods,46,55,46,46,2,2208.0
12476,2025-09-18,2025-09-26,2025-09-21,2025-09-23,Chicago IL,FedEx,Industrial,21,24,21,21,2,2520.0
13195,2025-09-18,2025-09-23,2025-09-19,2025-09-20,Dallas TX,FedEx,Electronics,107,94,107,107,1,9095.0
10293,2025-09-19,2025-09-25,2025-09-20,2025-09-22,Chicago IL,UPS,Electronics,65,74,65,65,2,5525.0
11073,2025-09-19,2025-09-25,2025-09-20,2025-09-23,Chicago IL,FedEx,Electronics,100,117,100,100,3,8500.0
12043,2025-09-19,2025-09-24,2025-09-20,2025-09-23,Chicago IL,UPS,Electronics,44,46,44,44,3,3740.0
12564,2025-09-19,2025-09-25,2025-09-20,2025-09-22,Ontario CA,UPS,Industrial,34,32,34,34,2,4080.0
13131,2025-09-19,2025-09-24,2025-09-20,2025-09-22,Ontario CA,UPS,Home Goods,36,38,36,36,2,1728.0
10240,2025-09-20,2025-09-28,2025-09-21,2025-09-23,Chicago IL,UPS,Home Goods,68,66,68,68,2,3264.0
10326,2025-09-20,2025-09-26,2025-09-23,2025-09-29,Chicago IL,UPS,Home Goods,27,28,27,27,6,1296.0
11602,2025-09-20,2025-09-26,2025-09-24,2025-09-27,Chicago IL,XPO,Electronics,35,35,35,35,3,2975.0
11871,2025-09-20,2025-09-28,2025-09-23,2025-09-25,Dallas TX,FedEx,Apparel,31,34,31,29,2,928.0
12297,2025-09-20,2025-09-27,2025-09-22,2025-09-23,Ontario CA,FedEx,Apparel,63,56,63,63,1,2016.0
10105,2025-09-21,2025-09-26,2025-09-23,2025-09-26,Ontario CA,UPS,Apparel,75,89,75,75,3,2400.0
11176,2025-09-21,2025-09-29,2025-09-22,2025-09-24,Chicago IL,UPS,Electronics,119,114,119,119,2,10115.0
11184,2025-09-21,2025-09-27,2025-09-22,2025-09-25,Dallas TX,FedEx,Apparel,103,116,103,103,3,3296.0
11408,2025-09-21,2025-09-27,2025-09-23,2025-09-26,Chicago IL,UPS,Electronics,75,66,75,75,3,6375.0
11705,2025-09-21,2025-09-29,2025-09-22,2025-09-24,Dallas TX,FedEx,Electronics,36,43,36,36,2,3060.0
12156,2025-09-21,2025-09-29,2025-09-24,2025-09-26,Ontario CA,XPO,Industrial,100,113,100,100,2,12000.0
10846,2025-09-22,2025-09-27,2025-09-23,2025-09-30,Atlanta GA,FedEx,Industrial,48,47,48,48,7,5760.0
11551,2025-09-22,2025-09-30,2025-09-23,2025-09-25,Dallas TX,FedEx,Electronics,55,56,55,55,2,4675.0
12381,2025-09-22,2025-09-27,2025-09-24,2025-09-26,Atlanta GA,UPS,Home Goods,26,21,26,26,2,1248.0
13098,2025-09-22,2025-09-28,2025-09-25,2025-09-27,Atlanta GA,FedEx,Industrial,32,32,32,32,2,3840.0
10570,2025-09-23,2025-09-28,2025-09-24,2025-09-25,Ontario CA,XPO,Apparel,16,14,16,14,1,448.0
10907,2025-09-23,2025-09-28,2025-09-24,2025-09-27,Chicago IL,FedEx,Apparel,27,32,27,27,3,864.0
11504,2025-09-23,2025-09-30,2025-09-24,2025-09-26,Ontario CA,UPS,Electronics,19,22,19,19,2,1615.0
12052,2025-09-23,2025-10-01,2025-09-25,2025-09-26,Atlanta GA,FedEx,Apparel,19,20,19,19,1,608.0
12931,2025-09-23,2025-10-01,2025-09-25,2025-09-27,Chicago IL,UPS,Apparel,88,79,88,88,2,2816.0
13137,2025-09-23,2025-09-28,2025-09-25,2025-09-26,Dallas TX,UPS,Home Goods,34,36,24,24,1,1152.0
13260,2025-09-23,2025-09-29,2025-09-26,2025-09-29,Atlanta GA,FedEx,Electronics,53,57,53,53,3,4505.0
13586,2025-09-23,2025-09-30,2025-09-26,2025-09-27,Atlanta GA,XPO,Electronics,120,129,120,120,1,10200.0
11856,2025-09-24,2025-10-01,2025-09-25,2025-09-28,Chicago IL,UPS,Home Goods,95,107,95,95,3,4560.0
12379,2025-09-24,2025-10-02,2025-09-26,2025-09-29,Dallas TX,FedEx,Electronics,91,79,91,91,3,7735.0
10004,2025-09-25,2025-10-01,2025-09-27,2025-09-28,Atlanta GA,UPS,Industrial,95,79,95,95,1,11400.0
10311,2025-09-25,2025-10-01,2025-09-26,2025-09-28,Dallas TX,FedEx,Apparel,49,48,49,49,2,1568.0
10316,2025-09-25,2025-09-30,2025-09-27,2025-09-29,Dallas TX,UPS,Electronics,14,13,14,14,2,1190.0
10493,2025-09-25,2025-10-01,2025-09-26,2025-09-27,Atlanta GA,FedEx,Industrial,27,31,27,27,1,3240.0
13146,2025-09-25,2025-10-03,2025-09-26,2025-09-27,Dallas TX,UPS,Electronics,36,31,36,36,1,3060.0
10415,2025-09-26,2025-10-03,2025-09-27,2025-09-28,Chicago IL,FedEx,Home Goods,23,19,23,23,1,1104.0
10553,2025-09-26,2025-10-01,2025-09-29,2025-09-30,Ontario CA,UPS,Apparel,21,25,21,21,1,672.0
10830,2025-09-26,2025-10-04,2025-09-30,2025-10-02,Atlanta GA,XPO,Apparel,64,74,64,64,2,2048.0
11304,2025-09-26,2025-10-01,2025-09-27,2025-09-29,Ontario CA,UPS,Industrial,113,133,113,113,2,13560.0
11780,2025-09-26,2025-10-04,2025-09-27,2025-10-02,Atlanta GA,FedEx,Apparel,90,76,62,62,5,1984.0
12169,2025-09-26,2025-10-03,2025-09-28,2025-10-01,Chicago IL,FedEx,Home Goods,23,23,23,23,3,1104.0
12430,2025-09-26,2025-10-03,2025-09-29,2025-10-03,Chicago IL,UPS,Electronics,33,27,33,33,4,2805.0
13588,2025-09-27,2025-10-03,2025-09-29,2025-10-06,Atlanta GA,UPS,Home Goods,91,74,91,91,7,4368.0
